实验: 实验2: ResNet50 vs ConvNeXt-Tiny on 复杂背景数据集 - convnext
运行ID: exp2_convnext_complex_20260427_050522
开始时间: 2026-04-27T05:07:31.828233
耗时: 129.02秒
================================================================================
[INFO] Log will be saved to logs/convnext_tiny_complex_train_log_20260427_050525.txt

===== CONFIG =====
dataset:
  input_size: 224
  batch_size: 16
  limit_train_per_class: 0
  limit_val_per_class: 0
model:
  num_classes: 9
  pretrained_weights: ./pretrain_weights/convnext_tiny_1k_224_ema.pth
  dropout: 0.25
optimizer:
  lr_stage1: 0.0006
  lr_stage2: 8.0e-06
  beta1: 0.9
  beta2: 0.999
  eps: 1.0e-08
  weight_decay1: 0.08
  weight_decay2: 0.12
criterion:
  label_smoothing: 0.08
train:
  epochs_stage1: 10
  epochs_stage2: 15
  grad_clip: 0.5
early_stop:
  patience: 5
  min_delta: 0.003
logger:
  model_name: convnext_tiny_complex
scheduler:
  reduce:
    mode: max
    factor: 0.5
    patience: 2
    min_lr: 5.0e-07
  cosin:
    warmup_epochs: 4
    warmup_lr_init: 1.0e-07
    min_lr: 5.0e-08
  warmup_epochs_stage1: 4
  warmup_lr_init_stage1: 1.5e-05

==================

[INFO] Reading Dataset for type: complex_yolo
[INFO] Loaded training samples: 1350, validation samples: 363
[INFO] 数据集实际类别数: 9
ConvNeXt预训练权重加载完成（已剔除分类头）
Stage1 训练参数: head.weight
Stage1 训练参数: head.bias
[INFO] Stage1 使用 Cosine Warmup (warmup_epochs=4)
[INFO] Time 3.63s | TrainLoss 3.3869 | TrainAcc 11.24% | ValLoss 3.1132 | ValAcc 6.89% | ValTop5 58.95%
[INFO] Current Stage1 learning rate: 0.000027
[INFO] Update best ValAcc: 6.89%
[INFO] Time 2.92s | TrainLoss 3.3493 | TrainAcc 11.53% | ValLoss 3.0297 | ValAcc 8.26% | ValTop5 61.43%
[INFO] Current Stage1 learning rate: 0.000029
[INFO] Update best ValAcc: 8.26%
[INFO] Time 3.05s | TrainLoss 3.3255 | TrainAcc 10.94% | ValLoss 2.9454 | ValAcc 8.54% | ValTop5 62.81%
[INFO] Current Stage1 learning rate: 0.000030
[INFO] Update best ValAcc: 8.54%
[INFO] Time 2.93s | TrainLoss 3.2432 | TrainAcc 12.65% | ValLoss 2.8623 | ValAcc 9.92% | ValTop5 65.01%
[INFO] Current Stage1 learning rate: 0.000032
[INFO] Update best ValAcc: 9.92%
[INFO] Time 2.95s | TrainLoss 3.1381 | TrainAcc 13.10% | ValLoss 2.7833 | ValAcc 11.29% | ValTop5 65.56%
[INFO] Current Stage1 learning rate: 0.000035
[INFO] Update best ValAcc: 11.29%
[INFO] Time 2.96s | TrainLoss 3.1365 | TrainAcc 12.87% | ValLoss 2.7032 | ValAcc 12.40% | ValTop5 67.49%
[INFO] Current Stage1 learning rate: 0.000037
[INFO] Update best ValAcc: 12.40%
[INFO] Time 2.99s | TrainLoss 3.0086 | TrainAcc 15.40% | ValLoss 2.6250 | ValAcc 12.40% | ValTop5 68.87%
[INFO] Current Stage1 learning rate: 0.000037
[INFO] Patience counter: 1/5
[INFO] Time 2.93s | TrainLoss 3.0071 | TrainAcc 13.76% | ValLoss 2.5527 | ValAcc 12.95% | ValTop5 70.80%
[INFO] Current Stage1 learning rate: 0.000038
[INFO] Update best ValAcc: 12.95%
[INFO] Time 3.09s | TrainLoss 2.8750 | TrainAcc 15.77% | ValLoss 2.4837 | ValAcc 16.25% | ValTop5 72.18%
[INFO] Current Stage1 learning rate: 0.000043
[INFO] Update best ValAcc: 16.25%
[INFO] Time 2.91s | TrainLoss 2.8175 | TrainAcc 15.25% | ValLoss 2.4113 | ValAcc 17.91% | ValTop5 74.66%
[INFO] Current Stage1 learning rate: 0.000046
[INFO] Update best ValAcc: 17.91%
[INFO] Stage1 training done. Best ValAcc: 17.91%
Stage2 解冻所有参数，开始全量训练
Param groups = {
  "decay": {
    "params": [
      "downsample_layers.0.0.weight",
      "downsample_layers.1.1.weight",
      "downsample_layers.2.1.weight",
      "downsample_layers.3.1.weight",
      "stages.0.0.dwconv.weight",
      "stages.0.0.pwconv1.weight",
      "stages.0.0.pwconv2.weight",
      "stages.0.1.dwconv.weight",
      "stages.0.1.pwconv1.weight",
      "stages.0.1.pwconv2.weight",
      "stages.0.2.dwconv.weight",
      "stages.0.2.pwconv1.weight",
      "stages.0.2.pwconv2.weight",
      "stages.1.0.dwconv.weight",
      "stages.1.0.pwconv1.weight",
      "stages.1.0.pwconv2.weight",
      "stages.1.1.dwconv.weight",
      "stages.1.1.pwconv1.weight",
      "stages.1.1.pwconv2.weight",
      "stages.1.2.dwconv.weight",
      "stages.1.2.pwconv1.weight",
      "stages.1.2.pwconv2.weight",
      "stages.2.0.dwconv.weight",
      "stages.2.0.pwconv1.weight",
      "stages.2.0.pwconv2.weight",
      "stages.2.1.dwconv.weight",
      "stages.2.1.pwconv1.weight",
      "stages.2.1.pwconv2.weight",
      "stages.2.2.dwconv.weight",
      "stages.2.2.pwconv1.weight",
      "stages.2.2.pwconv2.weight",
      "stages.2.3.dwconv.weight",
      "stages.2.3.pwconv1.weight",
      "stages.2.3.pwconv2.weight",
      "stages.2.4.dwconv.weight",
      "stages.2.4.pwconv1.weight",
      "stages.2.4.pwconv2.weight",
      "stages.2.5.dwconv.weight",
      "stages.2.5.pwconv1.weight",
      "stages.2.5.pwconv2.weight",
      "stages.2.6.dwconv.weight",
      "stages.2.6.pwconv1.weight",
      "stages.2.6.pwconv2.weight",
      "stages.2.7.dwconv.weight",
      "stages.2.7.pwconv1.weight",
      "stages.2.7.pwconv2.weight",
      "stages.2.8.dwconv.weight",
      "stages.2.8.pwconv1.weight",
      "stages.2.8.pwconv2.weight",
      "stages.3.0.dwconv.weight",
      "stages.3.0.pwconv1.weight",
      "stages.3.0.pwconv2.weight",
      "stages.3.1.dwconv.weight",
      "stages.3.1.pwconv1.weight",
      "stages.3.1.pwconv2.weight",
      "stages.3.2.dwconv.weight",
      "stages.3.2.pwconv1.weight",
      "stages.3.2.pwconv2.weight",
      "head.weight"
    ],
    "weight_decay": 0.12
  },
  "no_decay": {
    "params": [
      "downsample_layers.0.0.bias",
      "downsample_layers.0.1.weight",
      "downsample_layers.0.1.bias",
      "downsample_layers.1.0.weight",
      "downsample_layers.1.0.bias",
      "downsample_layers.1.1.bias",
      "downsample_layers.2.0.weight",
      "downsample_layers.2.0.bias",
      "downsample_layers.2.1.bias",
      "downsample_layers.3.0.weight",
      "downsample_layers.3.0.bias",
      "downsample_layers.3.1.bias",
      "stages.0.0.gamma",
      "stages.0.0.dwconv.bias",
      "stages.0.0.norm.weight",
      "stages.0.0.norm.bias",
      "stages.0.0.pwconv1.bias",
      "stages.0.0.pwconv2.bias",
      "stages.0.1.gamma",
      "stages.0.1.dwconv.bias",
      "stages.0.1.norm.weight",
      "stages.0.1.norm.bias",
      "stages.0.1.pwconv1.bias",
      "stages.0.1.pwconv2.bias",
      "stages.0.2.gamma",
      "stages.0.2.dwconv.bias",
      "stages.0.2.norm.weight",
      "stages.0.2.norm.bias",
      "stages.0.2.pwconv1.bias",
      "stages.0.2.pwconv2.bias",
      "stages.1.0.gamma",
      "stages.1.0.dwconv.bias",
      "stages.1.0.norm.weight",
      "stages.1.0.norm.bias",
      "stages.1.0.pwconv1.bias",
      "stages.1.0.pwconv2.bias",
      "stages.1.1.gamma",
      "stages.1.1.dwconv.bias",
      "stages.1.1.norm.weight",
      "stages.1.1.norm.bias",
      "stages.1.1.pwconv1.bias",
      "stages.1.1.pwconv2.bias",
      "stages.1.2.gamma",
      "stages.1.2.dwconv.bias",
      "stages.1.2.norm.weight",
      "stages.1.2.norm.bias",
      "stages.1.2.pwconv1.bias",
      "stages.1.2.pwconv2.bias",
      "stages.2.0.gamma",
      "stages.2.0.dwconv.bias",
      "stages.2.0.norm.weight",
      "stages.2.0.norm.bias",
      "stages.2.0.pwconv1.bias",
      "stages.2.0.pwconv2.bias",
      "stages.2.1.gamma",
      "stages.2.1.dwconv.bias",
      "stages.2.1.norm.weight",
      "stages.2.1.norm.bias",
      "stages.2.1.pwconv1.bias",
      "stages.2.1.pwconv2.bias",
      "stages.2.2.gamma",
      "stages.2.2.dwconv.bias",
      "stages.2.2.norm.weight",
      "stages.2.2.norm.bias",
      "stages.2.2.pwconv1.bias",
      "stages.2.2.pwconv2.bias",
      "stages.2.3.gamma",
      "stages.2.3.dwconv.bias",
      "stages.2.3.norm.weight",
      "stages.2.3.norm.bias",
      "stages.2.3.pwconv1.bias",
      "stages.2.3.pwconv2.bias",
      "stages.2.4.gamma",
      "stages.2.4.dwconv.bias",
      "stages.2.4.norm.weight",
      "stages.2.4.norm.bias",
      "stages.2.4.pwconv1.bias",
      "stages.2.4.pwconv2.bias",
      "stages.2.5.gamma",
      "stages.2.5.dwconv.bias",
      "stages.2.5.norm.weight",
      "stages.2.5.norm.bias",
      "stages.2.5.pwconv1.bias",
      "stages.2.5.pwconv2.bias",
      "stages.2.6.gamma",
      "stages.2.6.dwconv.bias",
      "stages.2.6.norm.weight",
      "stages.2.6.norm.bias",
      "stages.2.6.pwconv1.bias",
      "stages.2.6.pwconv2.bias",
      "stages.2.7.gamma",
      "stages.2.7.dwconv.bias",
      "stages.2.7.norm.weight",
      "stages.2.7.norm.bias",
      "stages.2.7.pwconv1.bias",
      "stages.2.7.pwconv2.bias",
      "stages.2.8.gamma",
      "stages.2.8.dwconv.bias",
      "stages.2.8.norm.weight",
      "stages.2.8.norm.bias",
      "stages.2.8.pwconv1.bias",
      "stages.2.8.pwconv2.bias",
      "stages.3.0.gamma",
      "stages.3.0.dwconv.bias",
      "stages.3.0.norm.weight",
      "stages.3.0.norm.bias",
      "stages.3.0.pwconv1.bias",
      "stages.3.0.pwconv2.bias",
      "stages.3.1.gamma",
      "stages.3.1.dwconv.bias",
      "stages.3.1.norm.weight",
      "stages.3.1.norm.bias",
      "stages.3.1.pwconv1.bias",
      "stages.3.1.pwconv2.bias",
      "stages.3.2.gamma",
      "stages.3.2.dwconv.bias",
      "stages.3.2.norm.weight",
      "stages.3.2.norm.bias",
      "stages.3.2.pwconv1.bias",
      "stages.3.2.pwconv2.bias",
      "norm.weight",
      "norm.bias",
      "head.bias"
    ],
    "weight_decay": 0.0
  }
}
[INFO] Time 6.13s | TrainLoss 2.6730 | TrainAcc 20.39% | ValLoss 2.2753 | ValAcc 20.39% | ValTop5 78.79%
[INFO] Current Stage2 learning rate: 0.000002
[INFO] Update best ValAcc: 20.39%
[INFO] Time 5.97s | TrainLoss 2.5411 | TrainAcc 21.95% | ValLoss 1.9906 | ValAcc 30.03% | ValTop5 85.12%
[INFO] Current Stage2 learning rate: 0.000004
[INFO] Update best ValAcc: 30.03%
[INFO] Time 6.00s | TrainLoss 2.1701 | TrainAcc 27.46% | ValLoss 1.7093 | ValAcc 43.80% | ValTop5 90.91%
[INFO] Current Stage2 learning rate: 0.000006
[INFO] Update best ValAcc: 43.80%
[INFO] Time 6.01s | TrainLoss 1.7889 | TrainAcc 40.70% | ValLoss 1.4633 | ValAcc 56.20% | ValTop5 96.97%
[INFO] Current Stage2 learning rate: 0.000008
[INFO] Update best ValAcc: 56.20%
[INFO] Time 6.00s | TrainLoss 1.4893 | TrainAcc 53.27% | ValLoss 1.1832 | ValAcc 72.18% | ValTop5 98.35%
[INFO] Current Stage2 learning rate: 0.000008
[INFO] Update best ValAcc: 72.18%
[INFO] Time 6.07s | TrainLoss 1.2516 | TrainAcc 63.62% | ValLoss 0.9904 | ValAcc 81.54% | ValTop5 98.90%
[INFO] Current Stage2 learning rate: 0.000007
[INFO] Update best ValAcc: 81.54%
[INFO] Time 6.02s | TrainLoss 1.0537 | TrainAcc 74.63% | ValLoss 0.8300 | ValAcc 88.98% | ValTop5 99.45%
[INFO] Current Stage2 learning rate: 0.000007
[INFO] Update best ValAcc: 88.98%
[INFO] Time 6.03s | TrainLoss 0.8908 | TrainAcc 82.81% | ValLoss 0.7584 | ValAcc 90.08% | ValTop5 99.17%
[INFO] Current Stage2 learning rate: 0.000006
[INFO] Update best ValAcc: 90.08%
[INFO] Time 6.04s | TrainLoss 0.8199 | TrainAcc 86.38% | ValLoss 0.7019 | ValAcc 92.01% | ValTop5 99.17%
[INFO] Current Stage2 learning rate: 0.000005
[INFO] Update best ValAcc: 92.01%
[INFO] Time 6.05s | TrainLoss 0.7624 | TrainAcc 88.47% | ValLoss 0.6719 | ValAcc 92.29% | ValTop5 99.17%
[INFO] Current Stage2 learning rate: 0.000003
[INFO] Update best ValAcc: 92.29%
[INFO] Time 6.09s | TrainLoss 0.7492 | TrainAcc 90.10% | ValLoss 0.6523 | ValAcc 93.11% | ValTop5 99.72%
[INFO] Current Stage2 learning rate: 0.000002
[INFO] Update best ValAcc: 93.11%
[INFO] Time 6.05s | TrainLoss 0.7042 | TrainAcc 91.37% | ValLoss 0.6456 | ValAcc 93.39% | ValTop5 99.72%
[INFO] Current Stage2 learning rate: 0.000001
[INFO] Update best ValAcc: 93.39%
[INFO] Time 6.06s | TrainLoss 0.7007 | TrainAcc 91.00% | ValLoss 0.6405 | ValAcc 93.66% | ValTop5 99.72%
[INFO] Current Stage2 learning rate: 0.000001
[INFO] Update best ValAcc: 93.66%
[INFO] Time 6.03s | TrainLoss 0.6931 | TrainAcc 91.37% | ValLoss 0.6389 | ValAcc 93.39% | ValTop5 99.72%
[INFO] Current Stage2 learning rate: 0.000000
[INFO] Patience counter: 1/5
[INFO] Time 6.08s | TrainLoss 0.6956 | TrainAcc 90.62% | ValLoss 0.6384 | ValAcc 93.39% | ValTop5 99.72%
[INFO] Current Stage2 learning rate: 0.000000
[INFO] Patience counter: 2/5
[INFO] Stage2 training done. Best ValAcc: 93.66%
ConvNeXt模型已保存至：results/convnext_tiny_complex/20260427_050526/checkpoints/convnext_tiny_best_20260427_050526.pth

============================================================
开始计算论文所需指标...
============================================================
[1/6] 计算Top-1和Top-5准确率...
[2/6] 计算参数量和FLOPs...
[3/6] 测量推理速度...
[4/6] 计算混淆矩阵和分类指标...
[5/6] 计算收敛轮数...
[6/6] 计算训练稳定性指标...

所有指标已保存至: results/convnext_tiny_complex/20260427_050526/thesis_metrics.json
============================================================

论文指标已保存至: results/convnext_tiny_complex/20260427_050526/thesis_metrics.json
[INFO] Loaded independent test samples: 179
[INFO] Independent TestLoss 0.6143 | TestAcc 94.41% | TestTop5 100.00%
可视化已保存至：results/convnext_tiny_complex/20260427_050526/visualization

[STDERR]
/mnt/workspace/train_convnext.py:104: FutureWarning: `torch.cuda.amp.GradScaler(args...)` is deprecated. Please use `torch.amp.GradScaler('cuda', args...)` instead.
  scaler = GradScaler()

Stage1 Epoch 1/10:   0%|                                                                                         | 0/84 [00:00<?, ?it/s]/mnt/workspace/engine/trainer.py:55: FutureWarning: `torch.cuda.amp.autocast(args...)` is deprecated. Please use `torch.amp.autocast('cuda', args...)` instead.
  with autocast(enabled=scaler is not None):

Stage1 Epoch 1/10:   1%|▉                                                                                | 1/84 [00:00<01:06,  1.25it/s]
Stage1 Epoch 1/10:  10%|███████▋                                                                         | 8/84 [00:00<00:06, 11.50it/s]
Stage1 Epoch 1/10:  17%|█████████████▎                                                                  | 14/84 [00:01<00:03, 18.00it/s]
Stage1 Epoch 1/10:  21%|█████████████████▏                                                              | 18/84 [00:01<00:03, 21.34it/s]
Stage1 Epoch 1/10:  27%|█████████████████████▉                                                          | 23/84 [00:01<00:02, 26.54it/s]
Stage1 Epoch 1/10:  33%|██████████████████████████▋                                                     | 28/84 [00:01<00:01, 28.99it/s]
Stage1 Epoch 1/10:  38%|██████████████████████████████▍                                                 | 32/84 [00:01<00:01, 30.89it/s]
Stage1 Epoch 1/10:  44%|███████████████████████████████████▏                                            | 37/84 [00:01<00:01, 35.43it/s]
Stage1 Epoch 1/10:  50%|████████████████████████████████████████                                        | 42/84 [00:01<00:01, 38.40it/s]
Stage1 Epoch 1/10:  56%|████████████████████████████████████████████▊                                   | 47/84 [00:01<00:00, 38.37it/s]
Stage1 Epoch 1/10:  62%|█████████████████████████████████████████████████▌                              | 52/84 [00:02<00:00, 37.99it/s]
Stage1 Epoch 1/10:  68%|██████████████████████████████████████████████████████▎                         | 57/84 [00:02<00:00, 37.59it/s]
Stage1 Epoch 1/10:  73%|██████████████████████████████████████████████████████████                      | 61/84 [00:02<00:00, 37.86it/s]
Stage1 Epoch 1/10:  77%|█████████████████████████████████████████████████████████████▉                  | 65/84 [00:02<00:00, 38.18it/s]
Stage1 Epoch 1/10:  83%|██████████████████████████████████████████████████████████████████▋             | 70/84 [00:02<00:00, 40.16it/s]
Stage1 Epoch 1/10:  89%|███████████████████████████████████████████████████████████████████████▍        | 75/84 [00:02<00:00, 40.60it/s]
Stage1 Epoch 1/10:  95%|████████████████████████████████████████████████████████████████████████████▏   | 80/84 [00:02<00:00, 41.05it/s]
Stage1 Epoch 1/10: 100%|████████████████████████████████████████████████████████████████████████████████| 84/84 [00:02<00:00, 29.70it/s]
/workspace/isaaclab/_isaac_sim/exts/omni.isaac.ml_archive/pip_prebundle/torch/optim/lr_scheduler.py:198: UserWarning: The epoch parameter in `scheduler.step()` was not necessary and is being deprecated where possible. Please use `scheduler.step()` to step the scheduler. During the deprecation, if epoch is different from None, the closed form is used instead of the new chainable form, where available. Please open an issue if you are unable to replicate your use case: https://github.com/pytorch/pytorch/issues/new/choose.
  warnings.warn(EPOCH_DEPRECATION_WARNING, UserWarning)

Stage1 Epoch 2/10:   0%|                                                                                         | 0/84 [00:00<?, ?it/s]
Stage1 Epoch 2/10:   1%|▉                                                                                | 1/84 [00:00<00:14,  5.89it/s]
Stage1 Epoch 2/10:   6%|████▊                                                                            | 5/84 [00:00<00:03, 21.38it/s]
Stage1 Epoch 2/10:  11%|████████▋                                                                        | 9/84 [00:00<00:02, 28.54it/s]
Stage1 Epoch 2/10:  15%|████████████▍                                                                   | 13/84 [00:00<00:02, 31.83it/s]
Stage1 Epoch 2/10:  20%|████████████████▏                                                               | 17/84 [00:00<00:01, 34.23it/s]
Stage1 Epoch 2/10:  25%|████████████████████                                                            | 21/84 [00:00<00:01, 35.65it/s]
Stage1 Epoch 2/10:  31%|████████████████████████▊                                                       | 26/84 [00:00<00:01, 38.84it/s]
Stage1 Epoch 2/10:  38%|██████████████████████████████▍                                                 | 32/84 [00:00<00:01, 43.19it/s]
Stage1 Epoch 2/10:  44%|███████████████████████████████████▏                                            | 37/84 [00:01<00:01, 42.53it/s]
Stage1 Epoch 2/10:  50%|████████████████████████████████████████                                        | 42/84 [00:01<00:01, 37.84it/s]
Stage1 Epoch 2/10:  56%|████████████████████████████████████████████▊                                   | 47/84 [00:01<00:00, 40.11it/s]
Stage1 Epoch 2/10:  62%|█████████████████████████████████████████████████▌                              | 52/84 [00:01<00:00, 39.34it/s]
Stage1 Epoch 2/10:  69%|███████████████████████████████████████████████████████▏                        | 58/84 [00:01<00:00, 39.64it/s]
Stage1 Epoch 2/10:  75%|████████████████████████████████████████████████████████████                    | 63/84 [00:01<00:00, 41.56it/s]
Stage1 Epoch 2/10:  81%|████████████████████████████████████████████████████████████████▊               | 68/84 [00:01<00:00, 43.12it/s]
Stage1 Epoch 2/10:  87%|█████████████████████████████████████████████████████████████████████▌          | 73/84 [00:01<00:00, 44.29it/s]
Stage1 Epoch 2/10:  93%|██████████████████████████████████████████████████████████████████████████▎     | 78/84 [00:02<00:00, 42.01it/s]
Stage1 Epoch 2/10:  99%|███████████████████████████████████████████████████████████████████████████████ | 83/84 [00:02<00:00, 43.33it/s]
Stage1 Epoch 2/10: 100%|████████████████████████████████████████████████████████████████████████████████| 84/84 [00:02<00:00, 38.44it/s]

Stage1 Epoch 3/10:   0%|                                                                                         | 0/84 [00:00<?, ?it/s]
Stage1 Epoch 3/10:   1%|▉                                                                                | 1/84 [00:00<00:13,  5.99it/s]
Stage1 Epoch 3/10:   6%|████▊                                                                            | 5/84 [00:00<00:04, 19.03it/s]
Stage1 Epoch 3/10:  11%|████████▋                                                                        | 9/84 [00:00<00:03, 24.43it/s]
Stage1 Epoch 3/10:  17%|█████████████▎                                                                  | 14/84 [00:00<00:02, 32.29it/s]
Stage1 Epoch 3/10:  21%|█████████████████▏                                                              | 18/84 [00:00<00:01, 34.02it/s]
Stage1 Epoch 3/10:  26%|████████████████████▉                                                           | 22/84 [00:00<00:01, 34.78it/s]
Stage1 Epoch 3/10:  31%|████████████████████████▊                                                       | 26/84 [00:00<00:01, 33.65it/s]
Stage1 Epoch 3/10:  37%|█████████████████████████████▌                                                  | 31/84 [00:00<00:01, 37.90it/s]
Stage1 Epoch 3/10:  43%|██████████████████████████████████▎                                             | 36/84 [00:01<00:01, 40.78it/s]
Stage1 Epoch 3/10:  49%|███████████████████████████████████████                                         | 41/84 [00:01<00:00, 43.11it/s]
Stage1 Epoch 3/10:  55%|███████████████████████████████████████████▊                                    | 46/84 [00:01<00:01, 36.21it/s]
Stage1 Epoch 3/10:  61%|████████████████████████████████████████████████▌                               | 51/84 [00:01<00:00, 38.70it/s]
Stage1 Epoch 3/10:  67%|█████████████████████████████████████████████████████▎                          | 56/84 [00:01<00:00, 40.52it/s]
Stage1 Epoch 3/10:  73%|██████████████████████████████████████████████████████████                      | 61/84 [00:01<00:00, 40.90it/s]
Stage1 Epoch 3/10:  79%|██████████████████████████████████████████████████████████████▊                 | 66/84 [00:01<00:00, 37.13it/s]
Stage1 Epoch 3/10:  83%|██████████████████████████████████████████████████████████████████▋             | 70/84 [00:01<00:00, 37.71it/s]
Stage1 Epoch 3/10:  88%|██████████████████████████████████████████████████████████████████████▍         | 74/84 [00:02<00:00, 36.40it/s]
Stage1 Epoch 3/10:  95%|████████████████████████████████████████████████████████████████████████████▏   | 80/84 [00:02<00:00, 40.98it/s]
Stage1 Epoch 3/10: 100%|████████████████████████████████████████████████████████████████████████████████| 84/84 [00:02<00:00, 36.28it/s]

Stage1 Epoch 4/10:   0%|                                                                                         | 0/84 [00:00<?, ?it/s]
Stage1 Epoch 4/10:   1%|▉                                                                                | 1/84 [00:00<00:14,  5.80it/s]
Stage1 Epoch 4/10:   7%|█████▊                                                                           | 6/84 [00:00<00:03, 25.17it/s]
Stage1 Epoch 4/10:  12%|█████████▌                                                                      | 10/84 [00:00<00:02, 30.85it/s]
Stage1 Epoch 4/10:  18%|██████████████▎                                                                 | 15/84 [00:00<00:01, 37.00it/s]
Stage1 Epoch 4/10:  23%|██████████████████                                                              | 19/84 [00:00<00:01, 34.42it/s]
Stage1 Epoch 4/10:  27%|█████████████████████▉                                                          | 23/84 [00:00<00:01, 33.02it/s]
Stage1 Epoch 4/10:  33%|██████████████████████████▋                                                     | 28/84 [00:00<00:01, 36.69it/s]
Stage1 Epoch 4/10:  38%|██████████████████████████████▍                                                 | 32/84 [00:00<00:01, 36.51it/s]
Stage1 Epoch 4/10:  44%|███████████████████████████████████▏                                            | 37/84 [00:01<00:01, 37.80it/s]
Stage1 Epoch 4/10:  50%|████████████████████████████████████████                                        | 42/84 [00:01<00:01, 40.80it/s]
Stage1 Epoch 4/10:  56%|████████████████████████████████████████████▊                                   | 47/84 [00:01<00:00, 42.12it/s]
Stage1 Epoch 4/10:  62%|█████████████████████████████████████████████████▌                              | 52/84 [00:01<00:00, 44.09it/s]
Stage1 Epoch 4/10:  68%|██████████████████████████████████████████████████████▎                         | 57/84 [00:01<00:00, 42.96it/s]
Stage1 Epoch 4/10:  74%|███████████████████████████████████████████████████████████                     | 62/84 [00:01<00:00, 44.33it/s]
Stage1 Epoch 4/10:  80%|███████████████████████████████████████████████████████████████▊                | 67/84 [00:01<00:00, 43.68it/s]
Stage1 Epoch 4/10:  86%|████████████████████████████████████████████████████████████████████▌           | 72/84 [00:01<00:00, 41.43it/s]
Stage1 Epoch 4/10:  92%|█████████████████████████████████████████████████████████████████████████▎      | 77/84 [00:02<00:00, 42.25it/s]
Stage1 Epoch 4/10:  98%|██████████████████████████████████████████████████████████████████████████████  | 82/84 [00:02<00:00, 40.86it/s]
Stage1 Epoch 4/10: 100%|████████████████████████████████████████████████████████████████████████████████| 84/84 [00:02<00:00, 38.44it/s]

Stage1 Epoch 5/10:   0%|                                                                                         | 0/84 [00:00<?, ?it/s]
Stage1 Epoch 5/10:   1%|▉                                                                                | 1/84 [00:00<00:14,  5.88it/s]
Stage1 Epoch 5/10:   6%|████▊                                                                            | 5/84 [00:00<00:03, 19.83it/s]
Stage1 Epoch 5/10:  12%|█████████▌                                                                      | 10/84 [00:00<00:02, 30.78it/s]
Stage1 Epoch 5/10:  18%|██████████████▎                                                                 | 15/84 [00:00<00:01, 36.91it/s]
Stage1 Epoch 5/10:  23%|██████████████████                                                              | 19/84 [00:00<00:01, 37.53it/s]
Stage1 Epoch 5/10:  29%|██████████████████████▊                                                         | 24/84 [00:00<00:01, 40.41it/s]
Stage1 Epoch 5/10:  35%|███████████████████████████▌                                                    | 29/84 [00:00<00:01, 40.61it/s]
Stage1 Epoch 5/10:  40%|████████████████████████████████▍                                               | 34/84 [00:00<00:01, 41.85it/s]
Stage1 Epoch 5/10:  46%|█████████████████████████████████████▏                                          | 39/84 [00:01<00:01, 43.52it/s]
Stage1 Epoch 5/10:  52%|█████████████████████████████████████████▉                                      | 44/84 [00:01<00:00, 44.67it/s]
Stage1 Epoch 5/10:  58%|██████████████████████████████████████████████▋                                 | 49/84 [00:01<00:00, 39.24it/s]
Stage1 Epoch 5/10:  64%|███████████████████████████████████████████████████▍                            | 54/84 [00:01<00:00, 33.83it/s]
Stage1 Epoch 5/10:  69%|███████████████████████████████████████████████████████▏                        | 58/84 [00:01<00:00, 34.55it/s]
Stage1 Epoch 5/10:  76%|████████████████████████████████████████████████████████████▉                   | 64/84 [00:01<00:00, 39.34it/s]
Stage1 Epoch 5/10:  82%|█████████████████████████████████████████████████████████████████▋              | 69/84 [00:01<00:00, 39.89it/s]
Stage1 Epoch 5/10:  88%|██████████████████████████████████████████████████████████████████████▍         | 74/84 [00:01<00:00, 38.87it/s]
Stage1 Epoch 5/10:  94%|███████████████████████████████████████████████████████████████████████████▏    | 79/84 [00:02<00:00, 41.23it/s]
Stage1 Epoch 5/10: 100%|████████████████████████████████████████████████████████████████████████████████| 84/84 [00:02<00:00, 42.55it/s]
Stage1 Epoch 5/10: 100%|████████████████████████████████████████████████████████████████████████████████| 84/84 [00:02<00:00, 37.81it/s]

Stage1 Epoch 6/10:   0%|                                                                                         | 0/84 [00:00<?, ?it/s]
Stage1 Epoch 6/10:   1%|▉                                                                                | 1/84 [00:00<00:14,  5.58it/s]
Stage1 Epoch 6/10:   7%|█████▊                                                                           | 6/84 [00:00<00:03, 25.26it/s]
Stage1 Epoch 6/10:  13%|██████████▍                                                                     | 11/84 [00:00<00:02, 33.49it/s]
Stage1 Epoch 6/10:  18%|██████████████▎                                                                 | 15/84 [00:00<00:01, 35.50it/s]
Stage1 Epoch 6/10:  23%|██████████████████                                                              | 19/84 [00:00<00:01, 36.30it/s]
Stage1 Epoch 6/10:  27%|█████████████████████▉                                                          | 23/84 [00:00<00:01, 37.10it/s]
Stage1 Epoch 6/10:  32%|█████████████████████████▋                                                      | 27/84 [00:00<00:01, 37.51it/s]
Stage1 Epoch 6/10:  37%|█████████████████████████████▌                                                  | 31/84 [00:00<00:01, 37.69it/s]
Stage1 Epoch 6/10:  43%|██████████████████████████████████▎                                             | 36/84 [00:01<00:01, 40.29it/s]
Stage1 Epoch 6/10:  49%|███████████████████████████████████████                                         | 41/84 [00:01<00:01, 40.11it/s]
Stage1 Epoch 6/10:  55%|███████████████████████████████████████████▊                                    | 46/84 [00:01<00:00, 42.26it/s]
Stage1 Epoch 6/10:  61%|████████████████████████████████████████████████▌                               | 51/84 [00:01<00:00, 42.26it/s]
Stage1 Epoch 6/10:  67%|█████████████████████████████████████████████████████▎                          | 56/84 [00:01<00:00, 42.03it/s]
Stage1 Epoch 6/10:  73%|██████████████████████████████████████████████████████████                      | 61/84 [00:01<00:00, 37.91it/s]
Stage1 Epoch 6/10:  77%|█████████████████████████████████████████████████████████████▉                  | 65/84 [00:01<00:00, 37.98it/s]
Stage1 Epoch 6/10:  82%|█████████████████████████████████████████████████████████████████▋              | 69/84 [00:01<00:00, 38.05it/s]
Stage1 Epoch 6/10:  88%|██████████████████████████████████████████████████████████████████████▍         | 74/84 [00:01<00:00, 40.57it/s]
Stage1 Epoch 6/10:  94%|███████████████████████████████████████████████████████████████████████████▏    | 79/84 [00:02<00:00, 42.23it/s]
Stage1 Epoch 6/10: 100%|████████████████████████████████████████████████████████████████████████████████| 84/84 [00:02<00:00, 42.61it/s]
Stage1 Epoch 6/10: 100%|████████████████████████████████████████████████████████████████████████████████| 84/84 [00:02<00:00, 37.93it/s]

Stage1 Epoch 7/10:   0%|                                                                                         | 0/84 [00:00<?, ?it/s]
Stage1 Epoch 7/10:   1%|▉                                                                                | 1/84 [00:00<00:13,  6.01it/s]
Stage1 Epoch 7/10:   6%|████▊                                                                            | 5/84 [00:00<00:03, 19.83it/s]
Stage1 Epoch 7/10:  11%|████████▋                                                                        | 9/84 [00:00<00:02, 27.14it/s]
Stage1 Epoch 7/10:  15%|████████████▍                                                                   | 13/84 [00:00<00:02, 29.09it/s]
Stage1 Epoch 7/10:  21%|█████████████████▏                                                              | 18/84 [00:00<00:01, 35.24it/s]
Stage1 Epoch 7/10:  27%|█████████████████████▉                                                          | 23/84 [00:00<00:01, 38.99it/s]
Stage1 Epoch 7/10:  33%|██████████████████████████▋                                                     | 28/84 [00:00<00:01, 41.26it/s]
Stage1 Epoch 7/10:  39%|███████████████████████████████▍                                                | 33/84 [00:00<00:01, 40.19it/s]
Stage1 Epoch 7/10:  45%|████████████████████████████████████▏                                           | 38/84 [00:01<00:01, 42.45it/s]
Stage1 Epoch 7/10:  51%|████████████████████████████████████████▉                                       | 43/84 [00:01<00:00, 43.38it/s]
Stage1 Epoch 7/10:  57%|█████████████████████████████████████████████▋                                  | 48/84 [00:01<00:00, 42.58it/s]
Stage1 Epoch 7/10:  63%|██████████████████████████████████████████████████▍                             | 53/84 [00:01<00:00, 35.00it/s]
Stage1 Epoch 7/10:  69%|███████████████████████████████████████████████████████▏                        | 58/84 [00:01<00:00, 38.35it/s]
Stage1 Epoch 7/10:  75%|████████████████████████████████████████████████████████████                    | 63/84 [00:01<00:00, 41.23it/s]
Stage1 Epoch 7/10:  81%|████████████████████████████████████████████████████████████████▊               | 68/84 [00:01<00:00, 42.23it/s]
Stage1 Epoch 7/10:  87%|█████████████████████████████████████████████████████████████████████▌          | 73/84 [00:01<00:00, 42.06it/s]
Stage1 Epoch 7/10:  93%|██████████████████████████████████████████████████████████████████████████▎     | 78/84 [00:02<00:00, 43.17it/s]
Stage1 Epoch 7/10:  99%|███████████████████████████████████████████████████████████████████████████████ | 83/84 [00:02<00:00, 39.48it/s]
Stage1 Epoch 7/10: 100%|████████████████████████████████████████████████████████████████████████████████| 84/84 [00:02<00:00, 37.24it/s]

Stage1 Epoch 8/10:   0%|                                                                                         | 0/84 [00:00<?, ?it/s]
Stage1 Epoch 8/10:   1%|▉                                                                                | 1/84 [00:00<00:14,  5.74it/s]
Stage1 Epoch 8/10:   7%|█████▊                                                                           | 6/84 [00:00<00:03, 25.63it/s]
Stage1 Epoch 8/10:  12%|█████████▌                                                                      | 10/84 [00:00<00:02, 30.41it/s]
Stage1 Epoch 8/10:  18%|██████████████▎                                                                 | 15/84 [00:00<00:01, 36.24it/s]
Stage1 Epoch 8/10:  24%|███████████████████                                                             | 20/84 [00:00<00:01, 39.99it/s]
Stage1 Epoch 8/10:  30%|███████████████████████▊                                                        | 25/84 [00:00<00:01, 40.08it/s]
Stage1 Epoch 8/10:  36%|████████████████████████████▌                                                   | 30/84 [00:00<00:01, 42.77it/s]
Stage1 Epoch 8/10:  42%|█████████████████████████████████▎                                              | 35/84 [00:00<00:01, 40.45it/s]
Stage1 Epoch 8/10:  48%|██████████████████████████████████████                                          | 40/84 [00:01<00:01, 40.19it/s]
Stage1 Epoch 8/10:  54%|██████████████████████████████████████████▊                                     | 45/84 [00:01<00:01, 38.25it/s]
Stage1 Epoch 8/10:  60%|███████████████████████████████████████████████▌                                | 50/84 [00:01<00:00, 39.79it/s]
Stage1 Epoch 8/10:  65%|████████████████████████████████████████████████████▍                           | 55/84 [00:01<00:00, 37.94it/s]
Stage1 Epoch 8/10:  70%|████████████████████████████████████████████████████████▏                       | 59/84 [00:01<00:00, 38.04it/s]
Stage1 Epoch 8/10:  76%|████████████████████████████████████████████████████████████▉                   | 64/84 [00:01<00:00, 40.31it/s]
Stage1 Epoch 8/10:  82%|█████████████████████████████████████████████████████████████████▋              | 69/84 [00:01<00:00, 40.77it/s]
Stage1 Epoch 8/10:  88%|██████████████████████████████████████████████████████████████████████▍         | 74/84 [00:01<00:00, 42.62it/s]
Stage1 Epoch 8/10:  94%|███████████████████████████████████████████████████████████████████████████▏    | 79/84 [00:02<00:00, 41.13it/s]
Stage1 Epoch 8/10: 100%|████████████████████████████████████████████████████████████████████████████████| 84/84 [00:02<00:00, 43.34it/s]
Stage1 Epoch 8/10: 100%|████████████████████████████████████████████████████████████████████████████████| 84/84 [00:02<00:00, 38.50it/s]

Stage1 Epoch 9/10:   0%|                                                                                         | 0/84 [00:00<?, ?it/s]
Stage1 Epoch 9/10:   1%|▉                                                                                | 1/84 [00:00<00:13,  6.28it/s]
Stage1 Epoch 9/10:   7%|█████▊                                                                           | 6/84 [00:00<00:03, 23.53it/s]
Stage1 Epoch 9/10:  12%|█████████▌                                                                      | 10/84 [00:00<00:02, 28.89it/s]
Stage1 Epoch 9/10:  17%|█████████████▎                                                                  | 14/84 [00:00<00:02, 29.25it/s]
Stage1 Epoch 9/10:  23%|██████████████████                                                              | 19/84 [00:00<00:01, 32.87it/s]
Stage1 Epoch 9/10:  29%|██████████████████████▊                                                         | 24/84 [00:00<00:01, 37.49it/s]
Stage1 Epoch 9/10:  33%|██████████████████████████▋                                                     | 28/84 [00:00<00:01, 36.79it/s]
Stage1 Epoch 9/10:  38%|██████████████████████████████▍                                                 | 32/84 [00:00<00:01, 37.14it/s]
Stage1 Epoch 9/10:  43%|██████████████████████████████████▎                                             | 36/84 [00:01<00:01, 36.13it/s]
Stage1 Epoch 9/10:  48%|██████████████████████████████████████                                          | 40/84 [00:01<00:01, 34.35it/s]
Stage1 Epoch 9/10:  52%|█████████████████████████████████████████▉                                      | 44/84 [00:01<00:01, 35.05it/s]
Stage1 Epoch 9/10:  57%|█████████████████████████████████████████████▋                                  | 48/84 [00:01<00:01, 35.44it/s]
Stage1 Epoch 9/10:  62%|█████████████████████████████████████████████████▌                              | 52/84 [00:01<00:00, 34.33it/s]
Stage1 Epoch 9/10:  68%|██████████████████████████████████████████████████████▎                         | 57/84 [00:01<00:00, 38.13it/s]
Stage1 Epoch 9/10:  74%|███████████████████████████████████████████████████████████                     | 62/84 [00:01<00:00, 41.34it/s]
Stage1 Epoch 9/10:  80%|███████████████████████████████████████████████████████████████▊                | 67/84 [00:01<00:00, 40.64it/s]
Stage1 Epoch 9/10:  86%|████████████████████████████████████████████████████████████████████▌           | 72/84 [00:02<00:00, 35.93it/s]
Stage1 Epoch 9/10:  92%|█████████████████████████████████████████████████████████████████████████▎      | 77/84 [00:02<00:00, 39.05it/s]
Stage1 Epoch 9/10:  98%|██████████████████████████████████████████████████████████████████████████████  | 82/84 [00:02<00:00, 41.80it/s]
Stage1 Epoch 9/10: 100%|████████████████████████████████████████████████████████████████████████████████| 84/84 [00:02<00:00, 35.62it/s]

Stage1 Epoch 10/10:   0%|                                                                                        | 0/84 [00:00<?, ?it/s]
Stage1 Epoch 10/10:   1%|▉                                                                               | 1/84 [00:00<00:15,  5.28it/s]
Stage1 Epoch 10/10:   7%|█████▋                                                                          | 6/84 [00:00<00:03, 24.06it/s]
Stage1 Epoch 10/10:  14%|███████████▎                                                                   | 12/84 [00:00<00:02, 35.54it/s]
Stage1 Epoch 10/10:  20%|███████████████▉                                                               | 17/84 [00:00<00:01, 37.07it/s]
Stage1 Epoch 10/10:  26%|████████████████████▋                                                          | 22/84 [00:00<00:01, 39.51it/s]
Stage1 Epoch 10/10:  32%|█████████████████████████▍                                                     | 27/84 [00:00<00:01, 42.54it/s]
Stage1 Epoch 10/10:  38%|██████████████████████████████                                                 | 32/84 [00:00<00:01, 42.11it/s]
Stage1 Epoch 10/10:  44%|██████████████████████████████████▊                                            | 37/84 [00:01<00:01, 38.47it/s]
Stage1 Epoch 10/10:  51%|████████████████████████████████████████▍                                      | 43/84 [00:01<00:00, 42.90it/s]
Stage1 Epoch 10/10:  57%|█████████████████████████████████████████████▏                                 | 48/84 [00:01<00:00, 41.43it/s]
Stage1 Epoch 10/10:  63%|█████████████████████████████████████████████████▊                             | 53/84 [00:01<00:00, 36.32it/s]
Stage1 Epoch 10/10:  70%|███████████████████████████████████████████████████████▍                       | 59/84 [00:01<00:00, 40.67it/s]
Stage1 Epoch 10/10:  76%|████████████████████████████████████████████████████████████▏                  | 64/84 [00:01<00:00, 40.00it/s]
Stage1 Epoch 10/10:  82%|████████████████████████████████████████████████████████████████▉              | 69/84 [00:01<00:00, 39.09it/s]
Stage1 Epoch 10/10:  88%|█████████████████████████████████████████████████████████████████████▌         | 74/84 [00:01<00:00, 41.60it/s]
Stage1 Epoch 10/10:  94%|██████████████████████████████████████████████████████████████████████████▎    | 79/84 [00:02<00:00, 43.46it/s]
Stage1 Epoch 10/10: 100%|███████████████████████████████████████████████████████████████████████████████| 84/84 [00:02<00:00, 42.99it/s]
Stage1 Epoch 10/10: 100%|███████████████████████████████████████████████████████████████████████████████| 84/84 [00:02<00:00, 38.70it/s]

Stage2 Epoch 1/15:   0%|                                                                                         | 0/84 [00:00<?, ?it/s]/workspace/isaaclab/_isaac_sim/exts/omni.isaac.ml_archive/pip_prebundle/torch/optim/lr_scheduler.py:182: UserWarning: Detected call of `lr_scheduler.step()` before `optimizer.step()`. In PyTorch 1.1.0 and later, you should call them in the opposite order: `optimizer.step()` before `lr_scheduler.step()`.  Failure to do this will result in PyTorch skipping the first value of the learning rate schedule. See more details at https://pytorch.org/docs/stable/optim.html#how-to-adjust-learning-rate
  warnings.warn(

Stage2 Epoch 1/15:   1%|▉                                                                                | 1/84 [00:00<00:31,  2.67it/s]
Stage2 Epoch 1/15:   4%|██▉                                                                              | 3/84 [00:00<00:11,  7.16it/s]
Stage2 Epoch 1/15:   6%|████▊                                                                            | 5/84 [00:00<00:07, 10.14it/s]
Stage2 Epoch 1/15:   8%|██████▊                                                                          | 7/84 [00:00<00:06, 12.15it/s]
Stage2 Epoch 1/15:  11%|████████▋                                                                        | 9/84 [00:00<00:05, 13.52it/s]
Stage2 Epoch 1/15:  13%|██████████▍                                                                     | 11/84 [00:00<00:04, 14.65it/s]
Stage2 Epoch 1/15:  15%|████████████▍                                                                   | 13/84 [00:01<00:04, 15.27it/s]
Stage2 Epoch 1/15:  18%|██████████████▎                                                                 | 15/84 [00:01<00:04, 15.65it/s]
Stage2 Epoch 1/15:  20%|████████████████▏                                                               | 17/84 [00:01<00:04, 15.71it/s]
Stage2 Epoch 1/15:  23%|██████████████████                                                              | 19/84 [00:01<00:04, 15.98it/s]
Stage2 Epoch 1/15:  25%|████████████████████                                                            | 21/84 [00:01<00:03, 16.18it/s]
Stage2 Epoch 1/15:  27%|█████████████████████▉                                                          | 23/84 [00:01<00:03, 16.33it/s]
Stage2 Epoch 1/15:  30%|███████████████████████▊                                                        | 25/84 [00:01<00:03, 16.43it/s]
Stage2 Epoch 1/15:  32%|█████████████████████████▋                                                      | 27/84 [00:01<00:03, 16.50it/s]
Stage2 Epoch 1/15:  35%|███████████████████████████▌                                                    | 29/84 [00:02<00:03, 16.54it/s]
Stage2 Epoch 1/15:  37%|█████████████████████████████▌                                                  | 31/84 [00:02<00:03, 16.52it/s]
Stage2 Epoch 1/15:  39%|███████████████████████████████▍                                                | 33/84 [00:02<00:03, 16.49it/s]
Stage2 Epoch 1/15:  42%|█████████████████████████████████▎                                              | 35/84 [00:02<00:02, 16.53it/s]
Stage2 Epoch 1/15:  44%|███████████████████████████████████▏                                            | 37/84 [00:02<00:02, 16.58it/s]
Stage2 Epoch 1/15:  46%|█████████████████████████████████████▏                                          | 39/84 [00:02<00:02, 16.63it/s]
Stage2 Epoch 1/15:  49%|███████████████████████████████████████                                         | 41/84 [00:02<00:02, 16.66it/s]
Stage2 Epoch 1/15:  51%|████████████████████████████████████████▉                                       | 43/84 [00:02<00:02, 16.69it/s]
Stage2 Epoch 1/15:  54%|██████████████████████████████████████████▊                                     | 45/84 [00:03<00:02, 16.71it/s]
Stage2 Epoch 1/15:  56%|████████████████████████████████████████████▊                                   | 47/84 [00:03<00:02, 16.65it/s]
Stage2 Epoch 1/15:  58%|██████████████████████████████████████████████▋                                 | 49/84 [00:03<00:02, 16.62it/s]
Stage2 Epoch 1/15:  61%|████████████████████████████████████████████████▌                               | 51/84 [00:03<00:01, 16.61it/s]
Stage2 Epoch 1/15:  63%|██████████████████████████████████████████████████▍                             | 53/84 [00:03<00:01, 16.64it/s]
Stage2 Epoch 1/15:  65%|████████████████████████████████████████████████████▍                           | 55/84 [00:03<00:01, 16.66it/s]
Stage2 Epoch 1/15:  68%|██████████████████████████████████████████████████████▎                         | 57/84 [00:03<00:01, 16.67it/s]
Stage2 Epoch 1/15:  70%|████████████████████████████████████████████████████████▏                       | 59/84 [00:03<00:01, 16.70it/s]
Stage2 Epoch 1/15:  73%|██████████████████████████████████████████████████████████                      | 61/84 [00:03<00:01, 16.70it/s]
Stage2 Epoch 1/15:  75%|████████████████████████████████████████████████████████████                    | 63/84 [00:04<00:01, 16.69it/s]
Stage2 Epoch 1/15:  77%|█████████████████████████████████████████████████████████████▉                  | 65/84 [00:04<00:01, 16.65it/s]
Stage2 Epoch 1/15:  80%|███████████████████████████████████████████████████████████████▊                | 67/84 [00:04<00:01, 16.62it/s]
Stage2 Epoch 1/15:  82%|█████████████████████████████████████████████████████████████████▋              | 69/84 [00:04<00:00, 16.63it/s]
Stage2 Epoch 1/15:  85%|███████████████████████████████████████████████████████████████████▌            | 71/84 [00:04<00:00, 16.66it/s]
Stage2 Epoch 1/15:  87%|█████████████████████████████████████████████████████████████████████▌          | 73/84 [00:04<00:00, 16.66it/s]
Stage2 Epoch 1/15:  89%|███████████████████████████████████████████████████████████████████████▍        | 75/84 [00:04<00:00, 16.69it/s]
Stage2 Epoch 1/15:  92%|█████████████████████████████████████████████████████████████████████████▎      | 77/84 [00:04<00:00, 16.70it/s]
Stage2 Epoch 1/15:  94%|███████████████████████████████████████████████████████████████████████████▏    | 79/84 [00:05<00:00, 16.71it/s]
Stage2 Epoch 1/15:  96%|█████████████████████████████████████████████████████████████████████████████▏  | 81/84 [00:05<00:00, 16.70it/s]
Stage2 Epoch 1/15:  99%|███████████████████████████████████████████████████████████████████████████████ | 83/84 [00:05<00:00, 16.67it/s]
Stage2 Epoch 1/15: 100%|████████████████████████████████████████████████████████████████████████████████| 84/84 [00:05<00:00, 15.60it/s]

Stage2 Epoch 2/15:   0%|                                                                                         | 0/84 [00:00<?, ?it/s]
Stage2 Epoch 2/15:   1%|▉                                                                                | 1/84 [00:00<00:18,  4.60it/s]
Stage2 Epoch 2/15:   4%|██▉                                                                              | 3/84 [00:00<00:08,  9.94it/s]
Stage2 Epoch 2/15:   6%|████▊                                                                            | 5/84 [00:00<00:06, 12.58it/s]
Stage2 Epoch 2/15:   8%|██████▊                                                                          | 7/84 [00:00<00:05, 14.07it/s]
Stage2 Epoch 2/15:  11%|████████▋                                                                        | 9/84 [00:00<00:05, 14.98it/s]
Stage2 Epoch 2/15:  13%|██████████▍                                                                     | 11/84 [00:00<00:04, 15.54it/s]
Stage2 Epoch 2/15:  15%|████████████▍                                                                   | 13/84 [00:00<00:04, 15.92it/s]
Stage2 Epoch 2/15:  18%|██████████████▎                                                                 | 15/84 [00:01<00:04, 16.07it/s]
Stage2 Epoch 2/15:  20%|████████████████▏                                                               | 17/84 [00:01<00:04, 16.20it/s]
Stage2 Epoch 2/15:  23%|██████████████████                                                              | 19/84 [00:01<00:03, 16.35it/s]
Stage2 Epoch 2/15:  25%|████████████████████                                                            | 21/84 [00:01<00:03, 16.47it/s]
Stage2 Epoch 2/15:  27%|█████████████████████▉                                                          | 23/84 [00:01<00:03, 16.56it/s]
Stage2 Epoch 2/15:  30%|███████████████████████▊                                                        | 25/84 [00:01<00:03, 16.61it/s]
Stage2 Epoch 2/15:  32%|█████████████████████████▋                                                      | 27/84 [00:01<00:03, 16.66it/s]
Stage2 Epoch 2/15:  35%|███████████████████████████▌                                                    | 29/84 [00:01<00:03, 16.67it/s]
Stage2 Epoch 2/15:  37%|█████████████████████████████▌                                                  | 31/84 [00:02<00:03, 16.63it/s]
Stage2 Epoch 2/15:  39%|███████████████████████████████▍                                                | 33/84 [00:02<00:03, 16.62it/s]
Stage2 Epoch 2/15:  42%|█████████████████████████████████▎                                              | 35/84 [00:02<00:02, 16.65it/s]
Stage2 Epoch 2/15:  44%|███████████████████████████████████▏                                            | 37/84 [00:02<00:02, 16.67it/s]
Stage2 Epoch 2/15:  46%|█████████████████████████████████████▏                                          | 39/84 [00:02<00:02, 16.70it/s]
Stage2 Epoch 2/15:  49%|███████████████████████████████████████                                         | 41/84 [00:02<00:02, 16.69it/s]
Stage2 Epoch 2/15:  51%|████████████████████████████████████████▉                                       | 43/84 [00:02<00:02, 16.69it/s]
Stage2 Epoch 2/15:  54%|██████████████████████████████████████████▊                                     | 45/84 [00:02<00:02, 16.70it/s]
Stage2 Epoch 2/15:  56%|████████████████████████████████████████████▊                                   | 47/84 [00:02<00:02, 16.67it/s]
Stage2 Epoch 2/15:  58%|██████████████████████████████████████████████▋                                 | 49/84 [00:03<00:02, 16.65it/s]
Stage2 Epoch 2/15:  61%|████████████████████████████████████████████████▌                               | 51/84 [00:03<00:01, 16.66it/s]
Stage2 Epoch 2/15:  63%|██████████████████████████████████████████████████▍                             | 53/84 [00:03<00:01, 16.66it/s]
Stage2 Epoch 2/15:  65%|████████████████████████████████████████████████████▍                           | 55/84 [00:03<00:01, 16.69it/s]
Stage2 Epoch 2/15:  68%|██████████████████████████████████████████████████████▎                         | 57/84 [00:03<00:01, 16.69it/s]
Stage2 Epoch 2/15:  70%|████████████████████████████████████████████████████████▏                       | 59/84 [00:03<00:01, 16.69it/s]
Stage2 Epoch 2/15:  73%|██████████████████████████████████████████████████████████                      | 61/84 [00:03<00:01, 16.69it/s]
Stage2 Epoch 2/15:  75%|████████████████████████████████████████████████████████████                    | 63/84 [00:03<00:01, 16.67it/s]
Stage2 Epoch 2/15:  77%|█████████████████████████████████████████████████████████████▉                  | 65/84 [00:04<00:01, 16.65it/s]
Stage2 Epoch 2/15:  80%|███████████████████████████████████████████████████████████████▊                | 67/84 [00:04<00:01, 16.66it/s]
Stage2 Epoch 2/15:  82%|█████████████████████████████████████████████████████████████████▋              | 69/84 [00:04<00:00, 16.67it/s]
Stage2 Epoch 2/15:  85%|███████████████████████████████████████████████████████████████████▌            | 71/84 [00:04<00:00, 16.68it/s]
Stage2 Epoch 2/15:  87%|█████████████████████████████████████████████████████████████████████▌          | 73/84 [00:04<00:00, 16.68it/s]
Stage2 Epoch 2/15:  89%|███████████████████████████████████████████████████████████████████████▍        | 75/84 [00:04<00:00, 16.69it/s]
Stage2 Epoch 2/15:  92%|█████████████████████████████████████████████████████████████████████████▎      | 77/84 [00:04<00:00, 16.68it/s]
Stage2 Epoch 2/15:  94%|███████████████████████████████████████████████████████████████████████████▏    | 79/84 [00:04<00:00, 16.68it/s]
Stage2 Epoch 2/15:  96%|█████████████████████████████████████████████████████████████████████████████▏  | 81/84 [00:05<00:00, 16.67it/s]
Stage2 Epoch 2/15:  99%|███████████████████████████████████████████████████████████████████████████████ | 83/84 [00:05<00:00, 16.67it/s]
Stage2 Epoch 2/15: 100%|████████████████████████████████████████████████████████████████████████████████| 84/84 [00:05<00:00, 16.07it/s]

Stage2 Epoch 3/15:   0%|                                                                                         | 0/84 [00:00<?, ?it/s]
Stage2 Epoch 3/15:   1%|▉                                                                                | 1/84 [00:00<00:18,  4.54it/s]
Stage2 Epoch 3/15:   4%|██▉                                                                              | 3/84 [00:00<00:08,  9.77it/s]
Stage2 Epoch 3/15:   6%|████▊                                                                            | 5/84 [00:00<00:06, 12.37it/s]
Stage2 Epoch 3/15:   8%|██████▊                                                                          | 7/84 [00:00<00:05, 13.86it/s]
Stage2 Epoch 3/15:  11%|████████▋                                                                        | 9/84 [00:00<00:05, 14.79it/s]
Stage2 Epoch 3/15:  13%|██████████▍                                                                     | 11/84 [00:00<00:04, 15.38it/s]
Stage2 Epoch 3/15:  15%|████████████▍                                                                   | 13/84 [00:00<00:04, 15.76it/s]
Stage2 Epoch 3/15:  18%|██████████████▎                                                                 | 15/84 [00:01<00:04, 15.90it/s]
Stage2 Epoch 3/15:  20%|████████████████▏                                                               | 17/84 [00:01<00:04, 16.11it/s]
Stage2 Epoch 3/15:  23%|██████████████████                                                              | 19/84 [00:01<00:03, 16.30it/s]
Stage2 Epoch 3/15:  25%|████████████████████                                                            | 21/84 [00:01<00:03, 16.43it/s]
Stage2 Epoch 3/15:  27%|█████████████████████▉                                                          | 23/84 [00:01<00:03, 16.49it/s]
Stage2 Epoch 3/15:  30%|███████████████████████▊                                                        | 25/84 [00:01<00:03, 16.56it/s]
Stage2 Epoch 3/15:  32%|█████████████████████████▋                                                      | 27/84 [00:01<00:03, 16.60it/s]
Stage2 Epoch 3/15:  35%|███████████████████████████▌                                                    | 29/84 [00:01<00:03, 16.62it/s]
Stage2 Epoch 3/15:  37%|█████████████████████████████▌                                                  | 31/84 [00:02<00:03, 16.56it/s]
Stage2 Epoch 3/15:  39%|███████████████████████████████▍                                                | 33/84 [00:02<00:03, 16.57it/s]
Stage2 Epoch 3/15:  42%|█████████████████████████████████▎                                              | 35/84 [00:02<00:02, 16.61it/s]
Stage2 Epoch 3/15:  44%|███████████████████████████████████▏                                            | 37/84 [00:02<00:02, 16.66it/s]
Stage2 Epoch 3/15:  46%|█████████████████████████████████████▏                                          | 39/84 [00:02<00:02, 16.65it/s]
Stage2 Epoch 3/15:  49%|███████████████████████████████████████                                         | 41/84 [00:02<00:02, 16.68it/s]
Stage2 Epoch 3/15:  51%|████████████████████████████████████████▉                                       | 43/84 [00:02<00:02, 16.70it/s]
Stage2 Epoch 3/15:  54%|██████████████████████████████████████████▊                                     | 45/84 [00:02<00:02, 16.70it/s]
Stage2 Epoch 3/15:  56%|████████████████████████████████████████████▊                                   | 47/84 [00:02<00:02, 16.66it/s]
Stage2 Epoch 3/15:  58%|██████████████████████████████████████████████▋                                 | 49/84 [00:03<00:02, 16.64it/s]
Stage2 Epoch 3/15:  61%|████████████████████████████████████████████████▌                               | 51/84 [00:03<00:01, 16.65it/s]
Stage2 Epoch 3/15:  63%|██████████████████████████████████████████████████▍                             | 53/84 [00:03<00:01, 16.64it/s]
Stage2 Epoch 3/15:  65%|████████████████████████████████████████████████████▍                           | 55/84 [00:03<00:01, 16.65it/s]
Stage2 Epoch 3/15:  68%|██████████████████████████████████████████████████████▎                         | 57/84 [00:03<00:01, 16.67it/s]
Stage2 Epoch 3/15:  70%|████████████████████████████████████████████████████████▏                       | 59/84 [00:03<00:01, 16.67it/s]
Stage2 Epoch 3/15:  73%|██████████████████████████████████████████████████████████                      | 61/84 [00:03<00:01, 16.68it/s]
Stage2 Epoch 3/15:  75%|████████████████████████████████████████████████████████████                    | 63/84 [00:03<00:01, 16.66it/s]
Stage2 Epoch 3/15:  77%|█████████████████████████████████████████████████████████████▉                  | 65/84 [00:04<00:01, 16.65it/s]
Stage2 Epoch 3/15:  80%|███████████████████████████████████████████████████████████████▊                | 67/84 [00:04<00:01, 16.66it/s]
Stage2 Epoch 3/15:  82%|█████████████████████████████████████████████████████████████████▋              | 69/84 [00:04<00:00, 16.66it/s]
Stage2 Epoch 3/15:  85%|███████████████████████████████████████████████████████████████████▌            | 71/84 [00:04<00:00, 16.68it/s]
Stage2 Epoch 3/15:  87%|█████████████████████████████████████████████████████████████████████▌          | 73/84 [00:04<00:00, 16.69it/s]
Stage2 Epoch 3/15:  89%|███████████████████████████████████████████████████████████████████████▍        | 75/84 [00:04<00:00, 16.70it/s]
Stage2 Epoch 3/15:  92%|█████████████████████████████████████████████████████████████████████████▎      | 77/84 [00:04<00:00, 16.69it/s]
Stage2 Epoch 3/15:  94%|███████████████████████████████████████████████████████████████████████████▏    | 79/84 [00:04<00:00, 16.69it/s]
Stage2 Epoch 3/15:  96%|█████████████████████████████████████████████████████████████████████████████▏  | 81/84 [00:05<00:00, 16.68it/s]
Stage2 Epoch 3/15:  99%|███████████████████████████████████████████████████████████████████████████████ | 83/84 [00:05<00:00, 16.69it/s]
Stage2 Epoch 3/15: 100%|████████████████████████████████████████████████████████████████████████████████| 84/84 [00:05<00:00, 16.05it/s]

Stage2 Epoch 4/15:   0%|                                                                                         | 0/84 [00:00<?, ?it/s]
Stage2 Epoch 4/15:   1%|▉                                                                                | 1/84 [00:00<00:18,  4.41it/s]
Stage2 Epoch 4/15:   4%|██▉                                                                              | 3/84 [00:00<00:08,  9.67it/s]
Stage2 Epoch 4/15:   6%|████▊                                                                            | 5/84 [00:00<00:06, 12.31it/s]
Stage2 Epoch 4/15:   8%|██████▊                                                                          | 7/84 [00:00<00:05, 13.85it/s]
Stage2 Epoch 4/15:  11%|████████▋                                                                        | 9/84 [00:00<00:05, 14.78it/s]
Stage2 Epoch 4/15:  13%|██████████▍                                                                     | 11/84 [00:00<00:04, 15.38it/s]
Stage2 Epoch 4/15:  15%|████████████▍                                                                   | 13/84 [00:00<00:04, 15.78it/s]
Stage2 Epoch 4/15:  18%|██████████████▎                                                                 | 15/84 [00:01<00:04, 15.86it/s]
Stage2 Epoch 4/15:  20%|████████████████▏                                                               | 17/84 [00:01<00:04, 15.99it/s]
Stage2 Epoch 4/15:  23%|██████████████████                                                              | 19/84 [00:01<00:04, 16.13it/s]
Stage2 Epoch 4/15:  25%|████████████████████                                                            | 21/84 [00:01<00:03, 16.26it/s]
Stage2 Epoch 4/15:  27%|█████████████████████▉                                                          | 23/84 [00:01<00:03, 16.35it/s]
Stage2 Epoch 4/15:  30%|███████████████████████▊                                                        | 25/84 [00:01<00:03, 16.44it/s]
Stage2 Epoch 4/15:  32%|█████████████████████████▋                                                      | 27/84 [00:01<00:03, 16.51it/s]
Stage2 Epoch 4/15:  35%|███████████████████████████▌                                                    | 29/84 [00:01<00:03, 16.55it/s]
Stage2 Epoch 4/15:  37%|█████████████████████████████▌                                                  | 31/84 [00:02<00:03, 16.48it/s]
Stage2 Epoch 4/15:  39%|███████████████████████████████▍                                                | 33/84 [00:02<00:03, 16.49it/s]
Stage2 Epoch 4/15:  42%|█████████████████████████████████▎                                              | 35/84 [00:02<00:02, 16.53it/s]
Stage2 Epoch 4/15:  44%|███████████████████████████████████▏                                            | 37/84 [00:02<00:02, 16.58it/s]
Stage2 Epoch 4/15:  46%|█████████████████████████████████████▏                                          | 39/84 [00:02<00:02, 16.62it/s]
Stage2 Epoch 4/15:  49%|███████████████████████████████████████                                         | 41/84 [00:02<00:02, 16.64it/s]
Stage2 Epoch 4/15:  51%|████████████████████████████████████████▉                                       | 43/84 [00:02<00:02, 16.65it/s]
Stage2 Epoch 4/15:  54%|██████████████████████████████████████████▊                                     | 45/84 [00:02<00:02, 16.67it/s]
Stage2 Epoch 4/15:  56%|████████████████████████████████████████████▊                                   | 47/84 [00:03<00:02, 16.66it/s]
Stage2 Epoch 4/15:  58%|██████████████████████████████████████████████▋                                 | 49/84 [00:03<00:02, 16.63it/s]
Stage2 Epoch 4/15:  61%|████████████████████████████████████████████████▌                               | 51/84 [00:03<00:01, 16.64it/s]
Stage2 Epoch 4/15:  63%|██████████████████████████████████████████████████▍                             | 53/84 [00:03<00:01, 16.65it/s]
Stage2 Epoch 4/15:  65%|████████████████████████████████████████████████████▍                           | 55/84 [00:03<00:01, 16.67it/s]
Stage2 Epoch 4/15:  68%|██████████████████████████████████████████████████████▎                         | 57/84 [00:03<00:01, 16.67it/s]
Stage2 Epoch 4/15:  70%|████████████████████████████████████████████████████████▏                       | 59/84 [00:03<00:01, 16.68it/s]
Stage2 Epoch 4/15:  73%|██████████████████████████████████████████████████████████                      | 61/84 [00:03<00:01, 16.69it/s]
Stage2 Epoch 4/15:  75%|████████████████████████████████████████████████████████████                    | 63/84 [00:03<00:01, 16.66it/s]
Stage2 Epoch 4/15:  77%|█████████████████████████████████████████████████████████████▉                  | 65/84 [00:04<00:01, 16.64it/s]
Stage2 Epoch 4/15:  80%|███████████████████████████████████████████████████████████████▊                | 67/84 [00:04<00:01, 16.63it/s]
Stage2 Epoch 4/15:  82%|█████████████████████████████████████████████████████████████████▋              | 69/84 [00:04<00:00, 16.62it/s]
Stage2 Epoch 4/15:  85%|███████████████████████████████████████████████████████████████████▌            | 71/84 [00:04<00:00, 16.62it/s]
Stage2 Epoch 4/15:  87%|█████████████████████████████████████████████████████████████████████▌          | 73/84 [00:04<00:00, 16.59it/s]
Stage2 Epoch 4/15:  89%|███████████████████████████████████████████████████████████████████████▍        | 75/84 [00:04<00:00, 16.59it/s]
Stage2 Epoch 4/15:  92%|█████████████████████████████████████████████████████████████████████████▎      | 77/84 [00:04<00:00, 16.59it/s]
Stage2 Epoch 4/15:  94%|███████████████████████████████████████████████████████████████████████████▏    | 79/84 [00:04<00:00, 16.58it/s]
Stage2 Epoch 4/15:  96%|█████████████████████████████████████████████████████████████████████████████▏  | 81/84 [00:05<00:00, 16.56it/s]
Stage2 Epoch 4/15:  99%|███████████████████████████████████████████████████████████████████████████████ | 83/84 [00:05<00:00, 16.54it/s]
Stage2 Epoch 4/15: 100%|████████████████████████████████████████████████████████████████████████████████| 84/84 [00:05<00:00, 15.96it/s]

Stage2 Epoch 5/15:   0%|                                                                                         | 0/84 [00:00<?, ?it/s]
Stage2 Epoch 5/15:   1%|▉                                                                                | 1/84 [00:00<00:18,  4.61it/s]
Stage2 Epoch 5/15:   4%|██▉                                                                              | 3/84 [00:00<00:08,  9.90it/s]
Stage2 Epoch 5/15:   6%|████▊                                                                            | 5/84 [00:00<00:06, 12.50it/s]
Stage2 Epoch 5/15:   8%|██████▊                                                                          | 7/84 [00:00<00:05, 13.96it/s]
Stage2 Epoch 5/15:  11%|████████▋                                                                        | 9/84 [00:00<00:05, 14.87it/s]
Stage2 Epoch 5/15:  13%|██████████▍                                                                     | 11/84 [00:00<00:04, 15.43it/s]
Stage2 Epoch 5/15:  15%|████████████▍                                                                   | 13/84 [00:00<00:04, 15.81it/s]
Stage2 Epoch 5/15:  18%|██████████████▎                                                                 | 15/84 [00:01<00:04, 15.93it/s]
Stage2 Epoch 5/15:  20%|████████████████▏                                                               | 17/84 [00:01<00:04, 16.06it/s]
Stage2 Epoch 5/15:  23%|██████████████████                                                              | 19/84 [00:01<00:04, 16.19it/s]
Stage2 Epoch 5/15:  25%|████████████████████                                                            | 21/84 [00:01<00:03, 16.33it/s]
Stage2 Epoch 5/15:  27%|█████████████████████▉                                                          | 23/84 [00:01<00:03, 16.41it/s]
Stage2 Epoch 5/15:  30%|███████████████████████▊                                                        | 25/84 [00:01<00:03, 16.46it/s]
Stage2 Epoch 5/15:  32%|█████████████████████████▋                                                      | 27/84 [00:01<00:03, 16.49it/s]
Stage2 Epoch 5/15:  35%|███████████████████████████▌                                                    | 29/84 [00:01<00:03, 16.51it/s]
Stage2 Epoch 5/15:  37%|█████████████████████████████▌                                                  | 31/84 [00:02<00:03, 16.39it/s]
Stage2 Epoch 5/15:  39%|███████████████████████████████▍                                                | 33/84 [00:02<00:03, 16.37it/s]
Stage2 Epoch 5/15:  42%|█████████████████████████████████▎                                              | 35/84 [00:02<00:02, 16.40it/s]
Stage2 Epoch 5/15:  44%|███████████████████████████████████▏                                            | 37/84 [00:02<00:02, 16.45it/s]
Stage2 Epoch 5/15:  46%|█████████████████████████████████████▏                                          | 39/84 [00:02<00:02, 16.50it/s]
Stage2 Epoch 5/15:  49%|███████████████████████████████████████                                         | 41/84 [00:02<00:02, 16.54it/s]
Stage2 Epoch 5/15:  51%|████████████████████████████████████████▉                                       | 43/84 [00:02<00:02, 16.58it/s]
Stage2 Epoch 5/15:  54%|██████████████████████████████████████████▊                                     | 45/84 [00:02<00:02, 16.59it/s]
Stage2 Epoch 5/15:  56%|████████████████████████████████████████████▊                                   | 47/84 [00:03<00:02, 16.52it/s]
Stage2 Epoch 5/15:  58%|██████████████████████████████████████████████▋                                 | 49/84 [00:03<00:02, 16.54it/s]
Stage2 Epoch 5/15:  61%|████████████████████████████████████████████████▌                               | 51/84 [00:03<00:01, 16.56it/s]
Stage2 Epoch 5/15:  63%|██████████████████████████████████████████████████▍                             | 53/84 [00:03<00:01, 16.57it/s]
Stage2 Epoch 5/15:  65%|████████████████████████████████████████████████████▍                           | 55/84 [00:03<00:01, 16.57it/s]
Stage2 Epoch 5/15:  68%|██████████████████████████████████████████████████████▎                         | 57/84 [00:03<00:01, 16.56it/s]
Stage2 Epoch 5/15:  70%|████████████████████████████████████████████████████████▏                       | 59/84 [00:03<00:01, 16.56it/s]
Stage2 Epoch 5/15:  73%|██████████████████████████████████████████████████████████                      | 61/84 [00:03<00:01, 16.56it/s]
Stage2 Epoch 5/15:  75%|████████████████████████████████████████████████████████████                    | 63/84 [00:03<00:01, 16.51it/s]
Stage2 Epoch 5/15:  77%|█████████████████████████████████████████████████████████████▉                  | 65/84 [00:04<00:01, 16.46it/s]
Stage2 Epoch 5/15:  80%|███████████████████████████████████████████████████████████████▊                | 67/84 [00:04<00:01, 16.41it/s]
Stage2 Epoch 5/15:  82%|█████████████████████████████████████████████████████████████████▋              | 69/84 [00:04<00:00, 16.42it/s]
Stage2 Epoch 5/15:  85%|███████████████████████████████████████████████████████████████████▌            | 71/84 [00:04<00:00, 16.44it/s]
Stage2 Epoch 5/15:  87%|█████████████████████████████████████████████████████████████████████▌          | 73/84 [00:04<00:00, 16.47it/s]
Stage2 Epoch 5/15:  89%|███████████████████████████████████████████████████████████████████████▍        | 75/84 [00:04<00:00, 16.46it/s]
Stage2 Epoch 5/15:  92%|█████████████████████████████████████████████████████████████████████████▎      | 77/84 [00:04<00:00, 16.49it/s]
Stage2 Epoch 5/15:  94%|███████████████████████████████████████████████████████████████████████████▏    | 79/84 [00:04<00:00, 16.54it/s]
Stage2 Epoch 5/15:  96%|█████████████████████████████████████████████████████████████████████████████▏  | 81/84 [00:05<00:00, 16.58it/s]
Stage2 Epoch 5/15:  99%|███████████████████████████████████████████████████████████████████████████████ | 83/84 [00:05<00:00, 16.58it/s]
Stage2 Epoch 5/15: 100%|████████████████████████████████████████████████████████████████████████████████| 84/84 [00:05<00:00, 15.95it/s]

Stage2 Epoch 6/15:   0%|                                                                                         | 0/84 [00:00<?, ?it/s]
Stage2 Epoch 6/15:   1%|▉                                                                                | 1/84 [00:00<00:22,  3.71it/s]
Stage2 Epoch 6/15:   4%|██▉                                                                              | 3/84 [00:00<00:09,  8.75it/s]
Stage2 Epoch 6/15:   6%|████▊                                                                            | 5/84 [00:00<00:06, 11.59it/s]
Stage2 Epoch 6/15:   8%|██████▊                                                                          | 7/84 [00:00<00:05, 13.31it/s]
Stage2 Epoch 6/15:  11%|████████▋                                                                        | 9/84 [00:00<00:05, 14.41it/s]
Stage2 Epoch 6/15:  13%|██████████▍                                                                     | 11/84 [00:00<00:04, 15.14it/s]
Stage2 Epoch 6/15:  15%|████████████▍                                                                   | 13/84 [00:00<00:04, 15.63it/s]
Stage2 Epoch 6/15:  18%|██████████████▎                                                                 | 15/84 [00:01<00:04, 15.86it/s]
Stage2 Epoch 6/15:  20%|████████████████▏                                                               | 17/84 [00:01<00:04, 15.99it/s]
Stage2 Epoch 6/15:  23%|██████████████████                                                              | 19/84 [00:01<00:04, 16.15it/s]
Stage2 Epoch 6/15:  25%|████████████████████                                                            | 21/84 [00:01<00:03, 16.27it/s]
Stage2 Epoch 6/15:  27%|█████████████████████▉                                                          | 23/84 [00:01<00:03, 16.36it/s]
Stage2 Epoch 6/15:  30%|███████████████████████▊                                                        | 25/84 [00:01<00:03, 16.40it/s]
Stage2 Epoch 6/15:  32%|█████████████████████████▋                                                      | 27/84 [00:01<00:03, 16.40it/s]
Stage2 Epoch 6/15:  35%|███████████████████████████▌                                                    | 29/84 [00:01<00:03, 16.41it/s]
Stage2 Epoch 6/15:  37%|█████████████████████████████▌                                                  | 31/84 [00:02<00:03, 16.37it/s]
Stage2 Epoch 6/15:  39%|███████████████████████████████▍                                                | 33/84 [00:02<00:03, 16.37it/s]
Stage2 Epoch 6/15:  42%|█████████████████████████████████▎                                              | 35/84 [00:02<00:02, 16.42it/s]
Stage2 Epoch 6/15:  44%|███████████████████████████████████▏                                            | 37/84 [00:02<00:02, 16.48it/s]
Stage2 Epoch 6/15:  46%|█████████████████████████████████████▏                                          | 39/84 [00:02<00:02, 16.52it/s]
Stage2 Epoch 6/15:  49%|███████████████████████████████████████                                         | 41/84 [00:02<00:02, 16.57it/s]
Stage2 Epoch 6/15:  51%|████████████████████████████████████████▉                                       | 43/84 [00:02<00:02, 16.60it/s]
Stage2 Epoch 6/15:  54%|██████████████████████████████████████████▊                                     | 45/84 [00:02<00:02, 16.61it/s]
Stage2 Epoch 6/15:  56%|████████████████████████████████████████████▊                                   | 47/84 [00:03<00:02, 16.58it/s]
Stage2 Epoch 6/15:  58%|██████████████████████████████████████████████▋                                 | 49/84 [00:03<00:02, 16.55it/s]
Stage2 Epoch 6/15:  61%|████████████████████████████████████████████████▌                               | 51/84 [00:03<00:01, 16.53it/s]
Stage2 Epoch 6/15:  63%|██████████████████████████████████████████████████▍                             | 53/84 [00:03<00:01, 16.53it/s]
Stage2 Epoch 6/15:  65%|████████████████████████████████████████████████████▍                           | 55/84 [00:03<00:01, 16.52it/s]
Stage2 Epoch 6/15:  68%|██████████████████████████████████████████████████████▎                         | 57/84 [00:03<00:01, 16.53it/s]
Stage2 Epoch 6/15:  70%|████████████████████████████████████████████████████████▏                       | 59/84 [00:03<00:01, 16.52it/s]
Stage2 Epoch 6/15:  73%|██████████████████████████████████████████████████████████                      | 61/84 [00:03<00:01, 16.50it/s]
Stage2 Epoch 6/15:  75%|████████████████████████████████████████████████████████████                    | 63/84 [00:04<00:01, 16.43it/s]
Stage2 Epoch 6/15:  77%|█████████████████████████████████████████████████████████████▉                  | 65/84 [00:04<00:01, 16.41it/s]
Stage2 Epoch 6/15:  80%|███████████████████████████████████████████████████████████████▊                | 67/84 [00:04<00:01, 16.39it/s]
Stage2 Epoch 6/15:  82%|█████████████████████████████████████████████████████████████████▋              | 69/84 [00:04<00:00, 16.42it/s]
Stage2 Epoch 6/15:  85%|███████████████████████████████████████████████████████████████████▌            | 71/84 [00:04<00:00, 16.44it/s]
Stage2 Epoch 6/15:  87%|█████████████████████████████████████████████████████████████████████▌          | 73/84 [00:04<00:00, 16.50it/s]
Stage2 Epoch 6/15:  89%|███████████████████████████████████████████████████████████████████████▍        | 75/84 [00:04<00:00, 16.55it/s]
Stage2 Epoch 6/15:  92%|█████████████████████████████████████████████████████████████████████████▎      | 77/84 [00:04<00:00, 16.57it/s]
Stage2 Epoch 6/15:  94%|███████████████████████████████████████████████████████████████████████████▏    | 79/84 [00:04<00:00, 16.59it/s]
Stage2 Epoch 6/15:  96%|█████████████████████████████████████████████████████████████████████████████▏  | 81/84 [00:05<00:00, 16.60it/s]
Stage2 Epoch 6/15:  99%|███████████████████████████████████████████████████████████████████████████████ | 83/84 [00:05<00:00, 16.60it/s]
Stage2 Epoch 6/15: 100%|████████████████████████████████████████████████████████████████████████████████| 84/84 [00:05<00:00, 15.80it/s]

Stage2 Epoch 7/15:   0%|                                                                                         | 0/84 [00:00<?, ?it/s]
Stage2 Epoch 7/15:   1%|▉                                                                                | 1/84 [00:00<00:18,  4.52it/s]
Stage2 Epoch 7/15:   4%|██▉                                                                              | 3/84 [00:00<00:08,  9.77it/s]
Stage2 Epoch 7/15:   6%|████▊                                                                            | 5/84 [00:00<00:06, 12.39it/s]
Stage2 Epoch 7/15:   8%|██████▊                                                                          | 7/84 [00:00<00:05, 13.89it/s]
Stage2 Epoch 7/15:  11%|████████▋                                                                        | 9/84 [00:00<00:05, 14.82it/s]
Stage2 Epoch 7/15:  13%|██████████▍                                                                     | 11/84 [00:00<00:04, 15.41it/s]
Stage2 Epoch 7/15:  15%|████████████▍                                                                   | 13/84 [00:00<00:04, 15.80it/s]
Stage2 Epoch 7/15:  18%|██████████████▎                                                                 | 15/84 [00:01<00:04, 15.97it/s]
Stage2 Epoch 7/15:  20%|████████████████▏                                                               | 17/84 [00:01<00:04, 16.08it/s]
Stage2 Epoch 7/15:  23%|██████████████████                                                              | 19/84 [00:01<00:04, 16.22it/s]
Stage2 Epoch 7/15:  25%|████████████████████                                                            | 21/84 [00:01<00:03, 16.30it/s]
Stage2 Epoch 7/15:  27%|█████████████████████▉                                                          | 23/84 [00:01<00:03, 16.37it/s]
Stage2 Epoch 7/15:  30%|███████████████████████▊                                                        | 25/84 [00:01<00:03, 16.38it/s]
Stage2 Epoch 7/15:  32%|█████████████████████████▋                                                      | 27/84 [00:01<00:03, 16.38it/s]
Stage2 Epoch 7/15:  35%|███████████████████████████▌                                                    | 29/84 [00:01<00:03, 16.41it/s]
Stage2 Epoch 7/15:  37%|█████████████████████████████▌                                                  | 31/84 [00:02<00:03, 16.37it/s]
Stage2 Epoch 7/15:  39%|███████████████████████████████▍                                                | 33/84 [00:02<00:03, 16.37it/s]
Stage2 Epoch 7/15:  42%|█████████████████████████████████▎                                              | 35/84 [00:02<00:02, 16.43it/s]
Stage2 Epoch 7/15:  44%|███████████████████████████████████▏                                            | 37/84 [00:02<00:02, 16.47it/s]
Stage2 Epoch 7/15:  46%|█████████████████████████████████████▏                                          | 39/84 [00:02<00:02, 16.52it/s]
Stage2 Epoch 7/15:  49%|███████████████████████████████████████                                         | 41/84 [00:02<00:02, 16.56it/s]
Stage2 Epoch 7/15:  51%|████████████████████████████████████████▉                                       | 43/84 [00:02<00:02, 16.58it/s]
Stage2 Epoch 7/15:  54%|██████████████████████████████████████████▊                                     | 45/84 [00:02<00:02, 16.61it/s]
Stage2 Epoch 7/15:  56%|████████████████████████████████████████████▊                                   | 47/84 [00:03<00:02, 16.58it/s]
Stage2 Epoch 7/15:  58%|██████████████████████████████████████████████▋                                 | 49/84 [00:03<00:02, 16.53it/s]
Stage2 Epoch 7/15:  61%|████████████████████████████████████████████████▌                               | 51/84 [00:03<00:02, 16.49it/s]
Stage2 Epoch 7/15:  63%|██████████████████████████████████████████████████▍                             | 53/84 [00:03<00:01, 16.49it/s]
Stage2 Epoch 7/15:  65%|████████████████████████████████████████████████████▍                           | 55/84 [00:03<00:01, 16.47it/s]
Stage2 Epoch 7/15:  68%|██████████████████████████████████████████████████████▎                         | 57/84 [00:03<00:01, 16.44it/s]
Stage2 Epoch 7/15:  70%|████████████████████████████████████████████████████████▏                       | 59/84 [00:03<00:01, 16.42it/s]
Stage2 Epoch 7/15:  73%|██████████████████████████████████████████████████████████                      | 61/84 [00:03<00:01, 16.43it/s]
Stage2 Epoch 7/15:  75%|████████████████████████████████████████████████████████████                    | 63/84 [00:03<00:01, 16.41it/s]
Stage2 Epoch 7/15:  77%|█████████████████████████████████████████████████████████████▉                  | 65/84 [00:04<00:01, 16.45it/s]
Stage2 Epoch 7/15:  80%|███████████████████████████████████████████████████████████████▊                | 67/84 [00:04<00:01, 16.44it/s]
Stage2 Epoch 7/15:  82%|█████████████████████████████████████████████████████████████████▋              | 69/84 [00:04<00:00, 16.48it/s]
Stage2 Epoch 7/15:  85%|███████████████████████████████████████████████████████████████████▌            | 71/84 [00:04<00:00, 16.53it/s]
Stage2 Epoch 7/15:  87%|█████████████████████████████████████████████████████████████████████▌          | 73/84 [00:04<00:00, 16.57it/s]
Stage2 Epoch 7/15:  89%|███████████████████████████████████████████████████████████████████████▍        | 75/84 [00:04<00:00, 16.60it/s]
Stage2 Epoch 7/15:  92%|█████████████████████████████████████████████████████████████████████████▎      | 77/84 [00:04<00:00, 16.59it/s]
Stage2 Epoch 7/15:  94%|███████████████████████████████████████████████████████████████████████████▏    | 79/84 [00:04<00:00, 16.56it/s]
Stage2 Epoch 7/15:  96%|█████████████████████████████████████████████████████████████████████████████▏  | 81/84 [00:05<00:00, 16.55it/s]
Stage2 Epoch 7/15:  99%|███████████████████████████████████████████████████████████████████████████████ | 83/84 [00:05<00:00, 16.53it/s]
Stage2 Epoch 7/15: 100%|████████████████████████████████████████████████████████████████████████████████| 84/84 [00:05<00:00, 15.93it/s]

Stage2 Epoch 8/15:   0%|                                                                                         | 0/84 [00:00<?, ?it/s]
Stage2 Epoch 8/15:   1%|▉                                                                                | 1/84 [00:00<00:18,  4.52it/s]
Stage2 Epoch 8/15:   4%|██▉                                                                              | 3/84 [00:00<00:08,  9.73it/s]
Stage2 Epoch 8/15:   6%|████▊                                                                            | 5/84 [00:00<00:06, 12.31it/s]
Stage2 Epoch 8/15:   8%|██████▊                                                                          | 7/84 [00:00<00:05, 13.80it/s]
Stage2 Epoch 8/15:  11%|████████▋                                                                        | 9/84 [00:00<00:05, 14.74it/s]
Stage2 Epoch 8/15:  13%|██████████▍                                                                     | 11/84 [00:00<00:04, 15.33it/s]
Stage2 Epoch 8/15:  15%|████████████▍                                                                   | 13/84 [00:00<00:04, 15.74it/s]
Stage2 Epoch 8/15:  18%|██████████████▎                                                                 | 15/84 [00:01<00:04, 15.76it/s]
Stage2 Epoch 8/15:  20%|████████████████▏                                                               | 17/84 [00:01<00:04, 15.95it/s]
Stage2 Epoch 8/15:  23%|██████████████████                                                              | 19/84 [00:01<00:04, 16.13it/s]
Stage2 Epoch 8/15:  25%|████████████████████                                                            | 21/84 [00:01<00:03, 16.24it/s]
Stage2 Epoch 8/15:  27%|█████████████████████▉                                                          | 23/84 [00:01<00:03, 16.32it/s]
Stage2 Epoch 8/15:  30%|███████████████████████▊                                                        | 25/84 [00:01<00:03, 16.35it/s]
Stage2 Epoch 8/15:  32%|█████████████████████████▋                                                      | 27/84 [00:01<00:03, 16.38it/s]
Stage2 Epoch 8/15:  35%|███████████████████████████▌                                                    | 29/84 [00:01<00:03, 16.41it/s]
Stage2 Epoch 8/15:  37%|█████████████████████████████▌                                                  | 31/84 [00:02<00:03, 16.31it/s]
Stage2 Epoch 8/15:  39%|███████████████████████████████▍                                                | 33/84 [00:02<00:03, 16.38it/s]
Stage2 Epoch 8/15:  42%|█████████████████████████████████▎                                              | 35/84 [00:02<00:02, 16.45it/s]
Stage2 Epoch 8/15:  44%|███████████████████████████████████▏                                            | 37/84 [00:02<00:02, 16.51it/s]
Stage2 Epoch 8/15:  46%|█████████████████████████████████████▏                                          | 39/84 [00:02<00:02, 16.54it/s]
Stage2 Epoch 8/15:  49%|███████████████████████████████████████                                         | 41/84 [00:02<00:02, 16.58it/s]
Stage2 Epoch 8/15:  51%|████████████████████████████████████████▉                                       | 43/84 [00:02<00:02, 16.61it/s]
Stage2 Epoch 8/15:  54%|██████████████████████████████████████████▊                                     | 45/84 [00:02<00:02, 16.60it/s]
Stage2 Epoch 8/15:  56%|████████████████████████████████████████████▊                                   | 47/84 [00:03<00:02, 16.51it/s]
Stage2 Epoch 8/15:  58%|██████████████████████████████████████████████▋                                 | 49/84 [00:03<00:02, 16.47it/s]
Stage2 Epoch 8/15:  61%|████████████████████████████████████████████████▌                               | 51/84 [00:03<00:02, 16.46it/s]
Stage2 Epoch 8/15:  63%|██████████████████████████████████████████████████▍                             | 53/84 [00:03<00:01, 16.45it/s]
Stage2 Epoch 8/15:  65%|████████████████████████████████████████████████████▍                           | 55/84 [00:03<00:01, 16.41it/s]
Stage2 Epoch 8/15:  68%|██████████████████████████████████████████████████████▎                         | 57/84 [00:03<00:01, 16.43it/s]
Stage2 Epoch 8/15:  70%|████████████████████████████████████████████████████████▏                       | 59/84 [00:03<00:01, 16.44it/s]
Stage2 Epoch 8/15:  73%|██████████████████████████████████████████████████████████                      | 61/84 [00:03<00:01, 16.43it/s]
Stage2 Epoch 8/15:  75%|████████████████████████████████████████████████████████████                    | 63/84 [00:03<00:01, 16.43it/s]
Stage2 Epoch 8/15:  77%|█████████████████████████████████████████████████████████████▉                  | 65/84 [00:04<00:01, 16.45it/s]
Stage2 Epoch 8/15:  80%|███████████████████████████████████████████████████████████████▊                | 67/84 [00:04<00:01, 16.48it/s]
Stage2 Epoch 8/15:  82%|█████████████████████████████████████████████████████████████████▋              | 69/84 [00:04<00:00, 16.51it/s]
Stage2 Epoch 8/15:  85%|███████████████████████████████████████████████████████████████████▌            | 71/84 [00:04<00:00, 16.50it/s]
Stage2 Epoch 8/15:  87%|█████████████████████████████████████████████████████████████████████▌          | 73/84 [00:04<00:00, 16.51it/s]
Stage2 Epoch 8/15:  89%|███████████████████████████████████████████████████████████████████████▍        | 75/84 [00:04<00:00, 16.49it/s]
Stage2 Epoch 8/15:  92%|█████████████████████████████████████████████████████████████████████████▎      | 77/84 [00:04<00:00, 16.46it/s]
Stage2 Epoch 8/15:  94%|███████████████████████████████████████████████████████████████████████████▏    | 79/84 [00:04<00:00, 16.41it/s]
Stage2 Epoch 8/15:  96%|█████████████████████████████████████████████████████████████████████████████▏  | 81/84 [00:05<00:00, 16.37it/s]
Stage2 Epoch 8/15:  99%|███████████████████████████████████████████████████████████████████████████████ | 83/84 [00:05<00:00, 16.42it/s]
Stage2 Epoch 8/15: 100%|████████████████████████████████████████████████████████████████████████████████| 84/84 [00:05<00:00, 15.87it/s]

Stage2 Epoch 9/15:   0%|                                                                                         | 0/84 [00:00<?, ?it/s]
Stage2 Epoch 9/15:   1%|▉                                                                                | 1/84 [00:00<00:17,  4.63it/s]
Stage2 Epoch 9/15:   4%|██▉                                                                              | 3/84 [00:00<00:08,  9.86it/s]
Stage2 Epoch 9/15:   6%|████▊                                                                            | 5/84 [00:00<00:06, 12.39it/s]
Stage2 Epoch 9/15:   8%|██████▊                                                                          | 7/84 [00:00<00:05, 13.83it/s]
Stage2 Epoch 9/15:  11%|████████▋                                                                        | 9/84 [00:00<00:05, 14.74it/s]
Stage2 Epoch 9/15:  13%|██████████▍                                                                     | 11/84 [00:00<00:04, 15.32it/s]
Stage2 Epoch 9/15:  15%|████████████▍                                                                   | 13/84 [00:00<00:04, 15.72it/s]
Stage2 Epoch 9/15:  18%|██████████████▎                                                                 | 15/84 [00:01<00:04, 15.80it/s]
Stage2 Epoch 9/15:  20%|████████████████▏                                                               | 17/84 [00:01<00:04, 15.97it/s]
Stage2 Epoch 9/15:  23%|██████████████████                                                              | 19/84 [00:01<00:04, 16.13it/s]
Stage2 Epoch 9/15:  25%|████████████████████                                                            | 21/84 [00:01<00:03, 16.25it/s]
Stage2 Epoch 9/15:  27%|█████████████████████▉                                                          | 23/84 [00:01<00:03, 16.30it/s]
Stage2 Epoch 9/15:  30%|███████████████████████▊                                                        | 25/84 [00:01<00:03, 16.32it/s]
Stage2 Epoch 9/15:  32%|█████████████████████████▋                                                      | 27/84 [00:01<00:03, 16.36it/s]
Stage2 Epoch 9/15:  35%|███████████████████████████▌                                                    | 29/84 [00:01<00:03, 16.38it/s]
Stage2 Epoch 9/15:  37%|█████████████████████████████▌                                                  | 31/84 [00:02<00:03, 16.32it/s]
Stage2 Epoch 9/15:  39%|███████████████████████████████▍                                                | 33/84 [00:02<00:03, 16.36it/s]
Stage2 Epoch 9/15:  42%|█████████████████████████████████▎                                              | 35/84 [00:02<00:02, 16.44it/s]
Stage2 Epoch 9/15:  44%|███████████████████████████████████▏                                            | 37/84 [00:02<00:02, 16.51it/s]
Stage2 Epoch 9/15:  46%|█████████████████████████████████████▏                                          | 39/84 [00:02<00:02, 16.53it/s]
Stage2 Epoch 9/15:  49%|███████████████████████████████████████                                         | 41/84 [00:02<00:02, 16.55it/s]
Stage2 Epoch 9/15:  51%|████████████████████████████████████████▉                                       | 43/84 [00:02<00:02, 16.54it/s]
Stage2 Epoch 9/15:  54%|██████████████████████████████████████████▊                                     | 45/84 [00:02<00:02, 16.52it/s]
Stage2 Epoch 9/15:  56%|████████████████████████████████████████████▊                                   | 47/84 [00:03<00:02, 16.43it/s]
Stage2 Epoch 9/15:  58%|██████████████████████████████████████████████▋                                 | 49/84 [00:03<00:02, 16.35it/s]
Stage2 Epoch 9/15:  61%|████████████████████████████████████████████████▌                               | 51/84 [00:03<00:02, 16.36it/s]
Stage2 Epoch 9/15:  63%|██████████████████████████████████████████████████▍                             | 53/84 [00:03<00:01, 16.38it/s]
Stage2 Epoch 9/15:  65%|████████████████████████████████████████████████████▍                           | 55/84 [00:03<00:01, 16.40it/s]
Stage2 Epoch 9/15:  68%|██████████████████████████████████████████████████████▎                         | 57/84 [00:03<00:01, 16.45it/s]
Stage2 Epoch 9/15:  70%|████████████████████████████████████████████████████████▏                       | 59/84 [00:03<00:01, 16.47it/s]
Stage2 Epoch 9/15:  73%|██████████████████████████████████████████████████████████                      | 61/84 [00:03<00:01, 16.50it/s]
Stage2 Epoch 9/15:  75%|████████████████████████████████████████████████████████████                    | 63/84 [00:03<00:01, 16.47it/s]
Stage2 Epoch 9/15:  77%|█████████████████████████████████████████████████████████████▉                  | 65/84 [00:04<00:01, 16.42it/s]
Stage2 Epoch 9/15:  80%|███████████████████████████████████████████████████████████████▊                | 67/84 [00:04<00:01, 16.40it/s]
Stage2 Epoch 9/15:  82%|█████████████████████████████████████████████████████████████████▋              | 69/84 [00:04<00:00, 16.37it/s]
Stage2 Epoch 9/15:  85%|███████████████████████████████████████████████████████████████████▌            | 71/84 [00:04<00:00, 16.34it/s]
Stage2 Epoch 9/15:  87%|█████████████████████████████████████████████████████████████████████▌          | 73/84 [00:04<00:00, 16.35it/s]
Stage2 Epoch 9/15:  89%|███████████████████████████████████████████████████████████████████████▍        | 75/84 [00:04<00:00, 16.37it/s]
Stage2 Epoch 9/15:  92%|█████████████████████████████████████████████████████████████████████████▎      | 77/84 [00:04<00:00, 16.37it/s]
Stage2 Epoch 9/15:  94%|███████████████████████████████████████████████████████████████████████████▏    | 79/84 [00:04<00:00, 16.40it/s]
Stage2 Epoch 9/15:  96%|█████████████████████████████████████████████████████████████████████████████▏  | 81/84 [00:05<00:00, 16.47it/s]
Stage2 Epoch 9/15:  99%|███████████████████████████████████████████████████████████████████████████████ | 83/84 [00:05<00:00, 16.50it/s]
Stage2 Epoch 9/15: 100%|████████████████████████████████████████████████████████████████████████████████| 84/84 [00:05<00:00, 15.88it/s]

Stage2 Epoch 10/15:   0%|                                                                                        | 0/84 [00:00<?, ?it/s]
Stage2 Epoch 10/15:   1%|▉                                                                               | 1/84 [00:00<00:18,  4.51it/s]
Stage2 Epoch 10/15:   4%|██▊                                                                             | 3/84 [00:00<00:08,  9.70it/s]
Stage2 Epoch 10/15:   6%|████▊                                                                           | 5/84 [00:00<00:06, 12.25it/s]
Stage2 Epoch 10/15:   8%|██████▋                                                                         | 7/84 [00:00<00:05, 13.74it/s]
Stage2 Epoch 10/15:  11%|████████▌                                                                       | 9/84 [00:00<00:05, 14.68it/s]
Stage2 Epoch 10/15:  13%|██████████▎                                                                    | 11/84 [00:00<00:04, 15.29it/s]
Stage2 Epoch 10/15:  15%|████████████▏                                                                  | 13/84 [00:00<00:04, 15.69it/s]
Stage2 Epoch 10/15:  18%|██████████████                                                                 | 15/84 [00:01<00:04, 15.72it/s]
Stage2 Epoch 10/15:  20%|███████████████▉                                                               | 17/84 [00:01<00:04, 15.91it/s]
Stage2 Epoch 10/15:  23%|█████████████████▊                                                             | 19/84 [00:01<00:04, 16.07it/s]
Stage2 Epoch 10/15:  25%|███████████████████▊                                                           | 21/84 [00:01<00:03, 16.15it/s]
Stage2 Epoch 10/15:  27%|█████████████████████▋                                                         | 23/84 [00:01<00:03, 16.22it/s]
Stage2 Epoch 10/15:  30%|███████████████████████▌                                                       | 25/84 [00:01<00:03, 16.29it/s]
Stage2 Epoch 10/15:  32%|█████████████████████████▍                                                     | 27/84 [00:01<00:03, 16.37it/s]
Stage2 Epoch 10/15:  35%|███████████████████████████▎                                                   | 29/84 [00:01<00:03, 16.40it/s]
Stage2 Epoch 10/15:  37%|█████████████████████████████▏                                                 | 31/84 [00:02<00:03, 16.35it/s]
Stage2 Epoch 10/15:  39%|███████████████████████████████                                                | 33/84 [00:02<00:03, 16.37it/s]
Stage2 Epoch 10/15:  42%|████████████████████████████████▉                                              | 35/84 [00:02<00:02, 16.40it/s]
Stage2 Epoch 10/15:  44%|██████████████████████████████████▊                                            | 37/84 [00:02<00:02, 16.41it/s]
Stage2 Epoch 10/15:  46%|████████████████████████████████████▋                                          | 39/84 [00:02<00:02, 16.43it/s]
Stage2 Epoch 10/15:  49%|██████████████████████████████████████▌                                        | 41/84 [00:02<00:02, 16.42it/s]
Stage2 Epoch 10/15:  51%|████████████████████████████████████████▍                                      | 43/84 [00:02<00:02, 16.40it/s]
Stage2 Epoch 10/15:  54%|██████████████████████████████████████████▎                                    | 45/84 [00:02<00:02, 16.36it/s]
Stage2 Epoch 10/15:  56%|████████████████████████████████████████████▏                                  | 47/84 [00:03<00:02, 16.34it/s]
Stage2 Epoch 10/15:  58%|██████████████████████████████████████████████                                 | 49/84 [00:03<00:02, 16.38it/s]
Stage2 Epoch 10/15:  61%|███████████████████████████████████████████████▉                               | 51/84 [00:03<00:02, 16.41it/s]
Stage2 Epoch 10/15:  63%|█████████████████████████████████████████████████▊                             | 53/84 [00:03<00:01, 16.46it/s]
Stage2 Epoch 10/15:  65%|███████████████████████████████████████████████████▋                           | 55/84 [00:03<00:01, 16.50it/s]
Stage2 Epoch 10/15:  68%|█████████████████████████████████████████████████████▌                         | 57/84 [00:03<00:01, 16.51it/s]
Stage2 Epoch 10/15:  70%|███████████████████████████████████████████████████████▍                       | 59/84 [00:03<00:01, 16.51it/s]
Stage2 Epoch 10/15:  73%|█████████████████████████████████████████████████████████▎                     | 61/84 [00:03<00:01, 16.46it/s]
Stage2 Epoch 10/15:  75%|███████████████████████████████████████████████████████████▎                   | 63/84 [00:04<00:01, 16.39it/s]
Stage2 Epoch 10/15:  77%|█████████████████████████████████████████████████████████████▏                 | 65/84 [00:04<00:01, 16.33it/s]
Stage2 Epoch 10/15:  80%|███████████████████████████████████████████████████████████████                | 67/84 [00:04<00:01, 16.32it/s]
Stage2 Epoch 10/15:  82%|████████████████████████████████████████████████████████████████▉              | 69/84 [00:04<00:00, 16.37it/s]
Stage2 Epoch 10/15:  85%|██████████████████████████████████████████████████████████████████▊            | 71/84 [00:04<00:00, 16.41it/s]
Stage2 Epoch 10/15:  87%|████████████████████████████████████████████████████████████████████▋          | 73/84 [00:04<00:00, 16.46it/s]
Stage2 Epoch 10/15:  89%|██████████████████████████████████████████████████████████████████████▌        | 75/84 [00:04<00:00, 16.50it/s]
Stage2 Epoch 10/15:  92%|████████████████████████████████████████████████████████████████████████▍      | 77/84 [00:04<00:00, 16.50it/s]
Stage2 Epoch 10/15:  94%|██████████████████████████████████████████████████████████████████████████▎    | 79/84 [00:04<00:00, 16.51it/s]
Stage2 Epoch 10/15:  96%|████████████████████████████████████████████████████████████████████████████▏  | 81/84 [00:05<00:00, 16.50it/s]
Stage2 Epoch 10/15:  99%|██████████████████████████████████████████████████████████████████████████████ | 83/84 [00:05<00:00, 16.48it/s]
Stage2 Epoch 10/15: 100%|███████████████████████████████████████████████████████████████████████████████| 84/84 [00:05<00:00, 15.83it/s]

Stage2 Epoch 11/15:   0%|                                                                                        | 0/84 [00:00<?, ?it/s]
Stage2 Epoch 11/15:   1%|▉                                                                               | 1/84 [00:00<00:21,  3.82it/s]
Stage2 Epoch 11/15:   4%|██▊                                                                             | 3/84 [00:00<00:09,  8.84it/s]
Stage2 Epoch 11/15:   6%|████▊                                                                           | 5/84 [00:00<00:06, 11.59it/s]
Stage2 Epoch 11/15:   8%|██████▋                                                                         | 7/84 [00:00<00:05, 13.24it/s]
Stage2 Epoch 11/15:  11%|████████▌                                                                       | 9/84 [00:00<00:05, 14.29it/s]
Stage2 Epoch 11/15:  13%|██████████▎                                                                    | 11/84 [00:00<00:04, 14.99it/s]
Stage2 Epoch 11/15:  15%|████████████▏                                                                  | 13/84 [00:00<00:04, 15.47it/s]
Stage2 Epoch 11/15:  18%|██████████████                                                                 | 15/84 [00:01<00:04, 15.61it/s]
Stage2 Epoch 11/15:  20%|███████████████▉                                                               | 17/84 [00:01<00:04, 15.84it/s]
Stage2 Epoch 11/15:  23%|█████████████████▊                                                             | 19/84 [00:01<00:04, 16.04it/s]
Stage2 Epoch 11/15:  25%|███████████████████▊                                                           | 21/84 [00:01<00:03, 16.17it/s]
Stage2 Epoch 11/15:  27%|█████████████████████▋                                                         | 23/84 [00:01<00:03, 16.22it/s]
Stage2 Epoch 11/15:  30%|███████████████████████▌                                                       | 25/84 [00:01<00:03, 16.27it/s]
Stage2 Epoch 11/15:  32%|█████████████████████████▍                                                     | 27/84 [00:01<00:03, 16.29it/s]
Stage2 Epoch 11/15:  35%|███████████████████████████▎                                                   | 29/84 [00:01<00:03, 16.35it/s]
Stage2 Epoch 11/15:  37%|█████████████████████████████▏                                                 | 31/84 [00:02<00:03, 16.29it/s]
Stage2 Epoch 11/15:  39%|███████████████████████████████                                                | 33/84 [00:02<00:03, 16.32it/s]
Stage2 Epoch 11/15:  42%|████████████████████████████████▉                                              | 35/84 [00:02<00:02, 16.38it/s]
Stage2 Epoch 11/15:  44%|██████████████████████████████████▊                                            | 37/84 [00:02<00:02, 16.42it/s]
Stage2 Epoch 11/15:  46%|████████████████████████████████████▋                                          | 39/84 [00:02<00:02, 16.43it/s]
Stage2 Epoch 11/15:  49%|██████████████████████████████████████▌                                        | 41/84 [00:02<00:02, 16.45it/s]
Stage2 Epoch 11/15:  51%|████████████████████████████████████████▍                                      | 43/84 [00:02<00:02, 16.41it/s]
Stage2 Epoch 11/15:  54%|██████████████████████████████████████████▎                                    | 45/84 [00:02<00:02, 16.35it/s]
Stage2 Epoch 11/15:  56%|████████████████████████████████████████████▏                                  | 47/84 [00:03<00:02, 16.31it/s]
Stage2 Epoch 11/15:  58%|██████████████████████████████████████████████                                 | 49/84 [00:03<00:02, 16.34it/s]
Stage2 Epoch 11/15:  61%|███████████████████████████████████████████████▉                               | 51/84 [00:03<00:02, 16.41it/s]
Stage2 Epoch 11/15:  63%|█████████████████████████████████████████████████▊                             | 53/84 [00:03<00:01, 16.46it/s]
Stage2 Epoch 11/15:  65%|███████████████████████████████████████████████████▋                           | 55/84 [00:03<00:01, 16.50it/s]
Stage2 Epoch 11/15:  68%|█████████████████████████████████████████████████████▌                         | 57/84 [00:03<00:01, 16.54it/s]
Stage2 Epoch 11/15:  70%|███████████████████████████████████████████████████████▍                       | 59/84 [00:03<00:01, 16.54it/s]
Stage2 Epoch 11/15:  73%|█████████████████████████████████████████████████████████▎                     | 61/84 [00:03<00:01, 16.46it/s]
Stage2 Epoch 11/15:  75%|███████████████████████████████████████████████████████████▎                   | 63/84 [00:04<00:01, 16.39it/s]
Stage2 Epoch 11/15:  77%|█████████████████████████████████████████████████████████████▏                 | 65/84 [00:04<00:01, 16.34it/s]
Stage2 Epoch 11/15:  80%|███████████████████████████████████████████████████████████████                | 67/84 [00:04<00:01, 16.33it/s]
Stage2 Epoch 11/15:  82%|████████████████████████████████████████████████████████████████▉              | 69/84 [00:04<00:00, 16.36it/s]
Stage2 Epoch 11/15:  85%|██████████████████████████████████████████████████████████████████▊            | 71/84 [00:04<00:00, 16.40it/s]
Stage2 Epoch 11/15:  87%|████████████████████████████████████████████████████████████████████▋          | 73/84 [00:04<00:00, 16.43it/s]
Stage2 Epoch 11/15:  89%|██████████████████████████████████████████████████████████████████████▌        | 75/84 [00:04<00:00, 16.46it/s]
Stage2 Epoch 11/15:  92%|████████████████████████████████████████████████████████████████████████▍      | 77/84 [00:04<00:00, 16.48it/s]
Stage2 Epoch 11/15:  94%|██████████████████████████████████████████████████████████████████████████▎    | 79/84 [00:05<00:00, 16.48it/s]
Stage2 Epoch 11/15:  96%|████████████████████████████████████████████████████████████████████████████▏  | 81/84 [00:05<00:00, 16.47it/s]
Stage2 Epoch 11/15:  99%|██████████████████████████████████████████████████████████████████████████████ | 83/84 [00:05<00:00, 16.46it/s]
Stage2 Epoch 11/15: 100%|███████████████████████████████████████████████████████████████████████████████| 84/84 [00:05<00:00, 15.71it/s]

Stage2 Epoch 12/15:   0%|                                                                                        | 0/84 [00:00<?, ?it/s]
Stage2 Epoch 12/15:   1%|▉                                                                               | 1/84 [00:00<00:17,  4.76it/s]
Stage2 Epoch 12/15:   4%|██▊                                                                             | 3/84 [00:00<00:08, 10.03it/s]
Stage2 Epoch 12/15:   6%|████▊                                                                           | 5/84 [00:00<00:06, 12.56it/s]
Stage2 Epoch 12/15:   8%|██████▋                                                                         | 7/84 [00:00<00:05, 13.99it/s]
Stage2 Epoch 12/15:  11%|████████▌                                                                       | 9/84 [00:00<00:05, 14.86it/s]
Stage2 Epoch 12/15:  13%|██████████▎                                                                    | 11/84 [00:00<00:04, 15.42it/s]
Stage2 Epoch 12/15:  15%|████████████▏                                                                  | 13/84 [00:00<00:04, 15.79it/s]
Stage2 Epoch 12/15:  18%|██████████████                                                                 | 15/84 [00:01<00:04, 15.90it/s]
Stage2 Epoch 12/15:  20%|███████████████▉                                                               | 17/84 [00:01<00:04, 16.01it/s]
Stage2 Epoch 12/15:  23%|█████████████████▊                                                             | 19/84 [00:01<00:04, 16.12it/s]
Stage2 Epoch 12/15:  25%|███████████████████▊                                                           | 21/84 [00:01<00:03, 16.18it/s]
Stage2 Epoch 12/15:  27%|█████████████████████▋                                                         | 23/84 [00:01<00:03, 16.25it/s]
Stage2 Epoch 12/15:  30%|███████████████████████▌                                                       | 25/84 [00:01<00:03, 16.30it/s]
Stage2 Epoch 12/15:  32%|█████████████████████████▍                                                     | 27/84 [00:01<00:03, 16.34it/s]
Stage2 Epoch 12/15:  35%|███████████████████████████▎                                                   | 29/84 [00:01<00:03, 16.41it/s]
Stage2 Epoch 12/15:  37%|█████████████████████████████▏                                                 | 31/84 [00:02<00:03, 16.36it/s]
Stage2 Epoch 12/15:  39%|███████████████████████████████                                                | 33/84 [00:02<00:03, 16.36it/s]
Stage2 Epoch 12/15:  42%|████████████████████████████████▉                                              | 35/84 [00:02<00:02, 16.37it/s]
Stage2 Epoch 12/15:  44%|██████████████████████████████████▊                                            | 37/84 [00:02<00:02, 16.37it/s]
Stage2 Epoch 12/15:  46%|████████████████████████████████████▋                                          | 39/84 [00:02<00:02, 16.35it/s]
Stage2 Epoch 12/15:  49%|██████████████████████████████████████▌                                        | 41/84 [00:02<00:02, 16.34it/s]
Stage2 Epoch 12/15:  51%|████████████████████████████████████████▍                                      | 43/84 [00:02<00:02, 16.37it/s]
Stage2 Epoch 12/15:  54%|██████████████████████████████████████████▎                                    | 45/84 [00:02<00:02, 16.38it/s]
Stage2 Epoch 12/15:  56%|████████████████████████████████████████████▏                                  | 47/84 [00:03<00:02, 16.36it/s]
Stage2 Epoch 12/15:  58%|██████████████████████████████████████████████                                 | 49/84 [00:03<00:02, 16.40it/s]
Stage2 Epoch 12/15:  61%|███████████████████████████████████████████████▉                               | 51/84 [00:03<00:02, 16.43it/s]
Stage2 Epoch 12/15:  63%|█████████████████████████████████████████████████▊                             | 53/84 [00:03<00:01, 16.43it/s]
Stage2 Epoch 12/15:  65%|███████████████████████████████████████████████████▋                           | 55/84 [00:03<00:01, 16.43it/s]
Stage2 Epoch 12/15:  68%|█████████████████████████████████████████████████████▌                         | 57/84 [00:03<00:01, 16.42it/s]
Stage2 Epoch 12/15:  70%|███████████████████████████████████████████████████████▍                       | 59/84 [00:03<00:01, 16.39it/s]
Stage2 Epoch 12/15:  73%|█████████████████████████████████████████████████████████▎                     | 61/84 [00:03<00:01, 16.32it/s]
Stage2 Epoch 12/15:  75%|███████████████████████████████████████████████████████████▎                   | 63/84 [00:03<00:01, 16.33it/s]
Stage2 Epoch 12/15:  77%|█████████████████████████████████████████████████████████████▏                 | 65/84 [00:04<00:01, 16.34it/s]
Stage2 Epoch 12/15:  80%|███████████████████████████████████████████████████████████████                | 67/84 [00:04<00:01, 16.39it/s]
Stage2 Epoch 12/15:  82%|████████████████████████████████████████████████████████████████▉              | 69/84 [00:04<00:00, 16.44it/s]
Stage2 Epoch 12/15:  85%|██████████████████████████████████████████████████████████████████▊            | 71/84 [00:04<00:00, 16.47it/s]
Stage2 Epoch 12/15:  87%|████████████████████████████████████████████████████████████████████▋          | 73/84 [00:04<00:00, 16.47it/s]
Stage2 Epoch 12/15:  89%|██████████████████████████████████████████████████████████████████████▌        | 75/84 [00:04<00:00, 16.46it/s]
Stage2 Epoch 12/15:  92%|████████████████████████████████████████████████████████████████████████▍      | 77/84 [00:04<00:00, 16.45it/s]
Stage2 Epoch 12/15:  94%|██████████████████████████████████████████████████████████████████████████▎    | 79/84 [00:04<00:00, 16.40it/s]
Stage2 Epoch 12/15:  96%|████████████████████████████████████████████████████████████████████████████▏  | 81/84 [00:05<00:00, 16.36it/s]
Stage2 Epoch 12/15:  99%|██████████████████████████████████████████████████████████████████████████████ | 83/84 [00:05<00:00, 16.37it/s]
Stage2 Epoch 12/15: 100%|███████████████████████████████████████████████████████████████████████████████| 84/84 [00:05<00:00, 15.86it/s]

Stage2 Epoch 13/15:   0%|                                                                                        | 0/84 [00:00<?, ?it/s]
Stage2 Epoch 13/15:   1%|▉                                                                               | 1/84 [00:00<00:18,  4.55it/s]
Stage2 Epoch 13/15:   4%|██▊                                                                             | 3/84 [00:00<00:08,  9.81it/s]
Stage2 Epoch 13/15:   6%|████▊                                                                           | 5/84 [00:00<00:06, 12.37it/s]
Stage2 Epoch 13/15:   8%|██████▋                                                                         | 7/84 [00:00<00:05, 13.80it/s]
Stage2 Epoch 13/15:  11%|████████▌                                                                       | 9/84 [00:00<00:05, 14.68it/s]
Stage2 Epoch 13/15:  13%|██████████▎                                                                    | 11/84 [00:00<00:04, 15.24it/s]
Stage2 Epoch 13/15:  15%|████████████▏                                                                  | 13/84 [00:00<00:04, 15.63it/s]
Stage2 Epoch 13/15:  18%|██████████████                                                                 | 15/84 [00:01<00:04, 15.65it/s]
Stage2 Epoch 13/15:  20%|███████████████▉                                                               | 17/84 [00:01<00:04, 15.84it/s]
Stage2 Epoch 13/15:  23%|█████████████████▊                                                             | 19/84 [00:01<00:04, 16.03it/s]
Stage2 Epoch 13/15:  25%|███████████████████▊                                                           | 21/84 [00:01<00:03, 16.14it/s]
Stage2 Epoch 13/15:  27%|█████████████████████▋                                                         | 23/84 [00:01<00:03, 16.22it/s]
Stage2 Epoch 13/15:  30%|███████████████████████▌                                                       | 25/84 [00:01<00:03, 16.28it/s]
Stage2 Epoch 13/15:  32%|█████████████████████████▍                                                     | 27/84 [00:01<00:03, 16.33it/s]
Stage2 Epoch 13/15:  35%|███████████████████████████▎                                                   | 29/84 [00:01<00:03, 16.36it/s]
Stage2 Epoch 13/15:  37%|█████████████████████████████▏                                                 | 31/84 [00:02<00:03, 16.28it/s]
Stage2 Epoch 13/15:  39%|███████████████████████████████                                                | 33/84 [00:02<00:03, 16.30it/s]
Stage2 Epoch 13/15:  42%|████████████████████████████████▉                                              | 35/84 [00:02<00:02, 16.35it/s]
Stage2 Epoch 13/15:  44%|██████████████████████████████████▊                                            | 37/84 [00:02<00:02, 16.40it/s]
Stage2 Epoch 13/15:  46%|████████████████████████████████████▋                                          | 39/84 [00:02<00:02, 16.41it/s]
Stage2 Epoch 13/15:  49%|██████████████████████████████████████▌                                        | 41/84 [00:02<00:02, 16.43it/s]
Stage2 Epoch 13/15:  51%|████████████████████████████████████████▍                                      | 43/84 [00:02<00:02, 16.40it/s]
Stage2 Epoch 13/15:  54%|██████████████████████████████████████████▎                                    | 45/84 [00:02<00:02, 16.36it/s]
Stage2 Epoch 13/15:  56%|████████████████████████████████████████████▏                                  | 47/84 [00:03<00:02, 16.32it/s]
Stage2 Epoch 13/15:  58%|██████████████████████████████████████████████                                 | 49/84 [00:03<00:02, 16.34it/s]
Stage2 Epoch 13/15:  61%|███████████████████████████████████████████████▉                               | 51/84 [00:03<00:02, 16.40it/s]
Stage2 Epoch 13/15:  63%|█████████████████████████████████████████████████▊                             | 53/84 [00:03<00:01, 16.45it/s]
Stage2 Epoch 13/15:  65%|███████████████████████████████████████████████████▋                           | 55/84 [00:03<00:01, 16.47it/s]
Stage2 Epoch 13/15:  68%|█████████████████████████████████████████████████████▌                         | 57/84 [00:03<00:01, 16.48it/s]
Stage2 Epoch 13/15:  70%|███████████████████████████████████████████████████████▍                       | 59/84 [00:03<00:01, 16.46it/s]
Stage2 Epoch 13/15:  73%|█████████████████████████████████████████████████████████▎                     | 61/84 [00:03<00:01, 16.40it/s]
Stage2 Epoch 13/15:  75%|███████████████████████████████████████████████████████████▎                   | 63/84 [00:04<00:01, 16.34it/s]
Stage2 Epoch 13/15:  77%|█████████████████████████████████████████████████████████████▏                 | 65/84 [00:04<00:01, 16.31it/s]
Stage2 Epoch 13/15:  80%|███████████████████████████████████████████████████████████████                | 67/84 [00:04<00:01, 16.35it/s]
Stage2 Epoch 13/15:  82%|████████████████████████████████████████████████████████████████▉              | 69/84 [00:04<00:00, 16.41it/s]
Stage2 Epoch 13/15:  85%|██████████████████████████████████████████████████████████████████▊            | 71/84 [00:04<00:00, 16.44it/s]
Stage2 Epoch 13/15:  87%|████████████████████████████████████████████████████████████████████▋          | 73/84 [00:04<00:00, 16.49it/s]
Stage2 Epoch 13/15:  89%|██████████████████████████████████████████████████████████████████████▌        | 75/84 [00:04<00:00, 16.50it/s]
Stage2 Epoch 13/15:  92%|████████████████████████████████████████████████████████████████████████▍      | 77/84 [00:04<00:00, 16.51it/s]
Stage2 Epoch 13/15:  94%|██████████████████████████████████████████████████████████████████████████▎    | 79/84 [00:04<00:00, 16.47it/s]
Stage2 Epoch 13/15:  96%|████████████████████████████████████████████████████████████████████████████▏  | 81/84 [00:05<00:00, 16.45it/s]
Stage2 Epoch 13/15:  99%|██████████████████████████████████████████████████████████████████████████████ | 83/84 [00:05<00:00, 16.44it/s]
Stage2 Epoch 13/15: 100%|███████████████████████████████████████████████████████████████████████████████| 84/84 [00:05<00:00, 15.81it/s]

Stage2 Epoch 14/15:   0%|                                                                                        | 0/84 [00:00<?, ?it/s]
Stage2 Epoch 14/15:   1%|▉                                                                               | 1/84 [00:00<00:17,  4.69it/s]
Stage2 Epoch 14/15:   4%|██▊                                                                             | 3/84 [00:00<00:08,  9.92it/s]
Stage2 Epoch 14/15:   6%|████▊                                                                           | 5/84 [00:00<00:06, 12.45it/s]
Stage2 Epoch 14/15:   8%|██████▋                                                                         | 7/84 [00:00<00:05, 13.89it/s]
Stage2 Epoch 14/15:  11%|████████▌                                                                       | 9/84 [00:00<00:05, 14.77it/s]
Stage2 Epoch 14/15:  13%|██████████▎                                                                    | 11/84 [00:00<00:04, 15.33it/s]
Stage2 Epoch 14/15:  15%|████████████▏                                                                  | 13/84 [00:00<00:04, 15.73it/s]
Stage2 Epoch 14/15:  18%|██████████████                                                                 | 15/84 [00:01<00:04, 15.86it/s]
Stage2 Epoch 14/15:  20%|███████████████▉                                                               | 17/84 [00:01<00:04, 16.02it/s]
Stage2 Epoch 14/15:  23%|█████████████████▊                                                             | 19/84 [00:01<00:04, 16.16it/s]
Stage2 Epoch 14/15:  25%|███████████████████▊                                                           | 21/84 [00:01<00:03, 16.26it/s]
Stage2 Epoch 14/15:  27%|█████████████████████▋                                                         | 23/84 [00:01<00:03, 16.30it/s]
Stage2 Epoch 14/15:  30%|███████████████████████▌                                                       | 25/84 [00:01<00:03, 16.32it/s]
Stage2 Epoch 14/15:  32%|█████████████████████████▍                                                     | 27/84 [00:01<00:03, 16.36it/s]
Stage2 Epoch 14/15:  35%|███████████████████████████▎                                                   | 29/84 [00:01<00:03, 16.38it/s]
Stage2 Epoch 14/15:  37%|█████████████████████████████▏                                                 | 31/84 [00:02<00:03, 16.33it/s]
Stage2 Epoch 14/15:  39%|███████████████████████████████                                                | 33/84 [00:02<00:03, 16.37it/s]
Stage2 Epoch 14/15:  42%|████████████████████████████████▉                                              | 35/84 [00:02<00:02, 16.44it/s]
Stage2 Epoch 14/15:  44%|██████████████████████████████████▊                                            | 37/84 [00:02<00:02, 16.50it/s]
Stage2 Epoch 14/15:  46%|████████████████████████████████████▋                                          | 39/84 [00:02<00:02, 16.53it/s]
Stage2 Epoch 14/15:  49%|██████████████████████████████████████▌                                        | 41/84 [00:02<00:02, 16.52it/s]
Stage2 Epoch 14/15:  51%|████████████████████████████████████████▍                                      | 43/84 [00:02<00:02, 16.52it/s]
Stage2 Epoch 14/15:  54%|██████████████████████████████████████████▎                                    | 45/84 [00:02<00:02, 16.50it/s]
Stage2 Epoch 14/15:  56%|████████████████████████████████████████████▏                                  | 47/84 [00:03<00:02, 16.43it/s]
Stage2 Epoch 14/15:  58%|██████████████████████████████████████████████                                 | 49/84 [00:03<00:02, 16.36it/s]
Stage2 Epoch 14/15:  61%|███████████████████████████████████████████████▉                               | 51/84 [00:03<00:02, 16.36it/s]
Stage2 Epoch 14/15:  63%|█████████████████████████████████████████████████▊                             | 53/84 [00:03<00:01, 16.39it/s]
Stage2 Epoch 14/15:  65%|███████████████████████████████████████████████████▋                           | 55/84 [00:03<00:01, 16.43it/s]
Stage2 Epoch 14/15:  68%|█████████████████████████████████████████████████████▌                         | 57/84 [00:03<00:01, 16.43it/s]
Stage2 Epoch 14/15:  70%|███████████████████████████████████████████████████████▍                       | 59/84 [00:03<00:01, 16.47it/s]
Stage2 Epoch 14/15:  73%|█████████████████████████████████████████████████████████▎                     | 61/84 [00:03<00:01, 16.46it/s]
Stage2 Epoch 14/15:  75%|███████████████████████████████████████████████████████████▎                   | 63/84 [00:03<00:01, 16.44it/s]
Stage2 Epoch 14/15:  77%|█████████████████████████████████████████████████████████████▏                 | 65/84 [00:04<00:01, 16.39it/s]
Stage2 Epoch 14/15:  80%|███████████████████████████████████████████████████████████████                | 67/84 [00:04<00:01, 16.39it/s]
Stage2 Epoch 14/15:  82%|████████████████████████████████████████████████████████████████▉              | 69/84 [00:04<00:00, 16.36it/s]
Stage2 Epoch 14/15:  85%|██████████████████████████████████████████████████████████████████▊            | 71/84 [00:04<00:00, 16.37it/s]
Stage2 Epoch 14/15:  87%|████████████████████████████████████████████████████████████████████▋          | 73/84 [00:04<00:00, 16.37it/s]
Stage2 Epoch 14/15:  89%|██████████████████████████████████████████████████████████████████████▌        | 75/84 [00:04<00:00, 16.41it/s]
Stage2 Epoch 14/15:  92%|████████████████████████████████████████████████████████████████████████▍      | 77/84 [00:04<00:00, 16.44it/s]
Stage2 Epoch 14/15:  94%|██████████████████████████████████████████████████████████████████████████▎    | 79/84 [00:04<00:00, 16.45it/s]
Stage2 Epoch 14/15:  96%|████████████████████████████████████████████████████████████████████████████▏  | 81/84 [00:05<00:00, 16.48it/s]
Stage2 Epoch 14/15:  99%|██████████████████████████████████████████████████████████████████████████████ | 83/84 [00:05<00:00, 16.52it/s]
Stage2 Epoch 14/15: 100%|███████████████████████████████████████████████████████████████████████████████| 84/84 [00:05<00:00, 15.88it/s]

Stage2 Epoch 15/15:   0%|                                                                                        | 0/84 [00:00<?, ?it/s]
Stage2 Epoch 15/15:   1%|▉                                                                               | 1/84 [00:00<00:21,  3.84it/s]
Stage2 Epoch 15/15:   4%|██▊                                                                             | 3/84 [00:00<00:09,  8.88it/s]
Stage2 Epoch 15/15:   6%|████▊                                                                           | 5/84 [00:00<00:06, 11.65it/s]
Stage2 Epoch 15/15:   8%|██████▋                                                                         | 7/84 [00:00<00:05, 13.33it/s]
Stage2 Epoch 15/15:  11%|████████▌                                                                       | 9/84 [00:00<00:05, 14.37it/s]
Stage2 Epoch 15/15:  13%|██████████▎                                                                    | 11/84 [00:00<00:04, 15.08it/s]
Stage2 Epoch 15/15:  15%|████████████▏                                                                  | 13/84 [00:00<00:04, 15.56it/s]
Stage2 Epoch 15/15:  18%|██████████████                                                                 | 15/84 [00:01<00:04, 15.75it/s]
Stage2 Epoch 15/15:  20%|███████████████▉                                                               | 17/84 [00:01<00:04, 15.92it/s]
Stage2 Epoch 15/15:  23%|█████████████████▊                                                             | 19/84 [00:01<00:04, 16.09it/s]
Stage2 Epoch 15/15:  25%|███████████████████▊                                                           | 21/84 [00:01<00:03, 16.20it/s]
Stage2 Epoch 15/15:  27%|█████████████████████▋                                                         | 23/84 [00:01<00:03, 16.26it/s]
Stage2 Epoch 15/15:  30%|███████████████████████▌                                                       | 25/84 [00:01<00:03, 16.31it/s]
Stage2 Epoch 15/15:  32%|█████████████████████████▍                                                     | 27/84 [00:01<00:03, 16.36it/s]
Stage2 Epoch 15/15:  35%|███████████████████████████▎                                                   | 29/84 [00:01<00:03, 16.39it/s]
Stage2 Epoch 15/15:  37%|█████████████████████████████▏                                                 | 31/84 [00:02<00:03, 16.34it/s]
Stage2 Epoch 15/15:  39%|███████████████████████████████                                                | 33/84 [00:02<00:03, 16.40it/s]
Stage2 Epoch 15/15:  42%|████████████████████████████████▉                                              | 35/84 [00:02<00:02, 16.46it/s]
Stage2 Epoch 15/15:  44%|██████████████████████████████████▊                                            | 37/84 [00:02<00:02, 16.51it/s]
Stage2 Epoch 15/15:  46%|████████████████████████████████████▋                                          | 39/84 [00:02<00:02, 16.53it/s]
Stage2 Epoch 15/15:  49%|██████████████████████████████████████▌                                        | 41/84 [00:02<00:02, 16.55it/s]
Stage2 Epoch 15/15:  51%|████████████████████████████████████████▍                                      | 43/84 [00:02<00:02, 16.54it/s]
Stage2 Epoch 15/15:  54%|██████████████████████████████████████████▎                                    | 45/84 [00:02<00:02, 16.48it/s]
Stage2 Epoch 15/15:  56%|████████████████████████████████████████████▏                                  | 47/84 [00:03<00:02, 16.42it/s]
Stage2 Epoch 15/15:  58%|██████████████████████████████████████████████                                 | 49/84 [00:03<00:02, 16.36it/s]
Stage2 Epoch 15/15:  61%|███████████████████████████████████████████████▉                               | 51/84 [00:03<00:02, 16.36it/s]
Stage2 Epoch 15/15:  63%|█████████████████████████████████████████████████▊                             | 53/84 [00:03<00:01, 16.39it/s]
Stage2 Epoch 15/15:  65%|███████████████████████████████████████████████████▋                           | 55/84 [00:03<00:01, 16.41it/s]
Stage2 Epoch 15/15:  68%|█████████████████████████████████████████████████████▌                         | 57/84 [00:03<00:01, 16.43it/s]
Stage2 Epoch 15/15:  70%|███████████████████████████████████████████████████████▍                       | 59/84 [00:03<00:01, 16.44it/s]
Stage2 Epoch 15/15:  73%|█████████████████████████████████████████████████████████▎                     | 61/84 [00:03<00:01, 16.49it/s]
Stage2 Epoch 15/15:  75%|███████████████████████████████████████████████████████████▎                   | 63/84 [00:04<00:01, 16.49it/s]
Stage2 Epoch 15/15:  77%|█████████████████████████████████████████████████████████████▏                 | 65/84 [00:04<00:01, 16.47it/s]
Stage2 Epoch 15/15:  80%|███████████████████████████████████████████████████████████████                | 67/84 [00:04<00:01, 16.43it/s]
Stage2 Epoch 15/15:  82%|████████████████████████████████████████████████████████████████▉              | 69/84 [00:04<00:00, 16.44it/s]
Stage2 Epoch 15/15:  85%|██████████████████████████████████████████████████████████████████▊            | 71/84 [00:04<00:00, 16.41it/s]
Stage2 Epoch 15/15:  87%|████████████████████████████████████████████████████████████████████▋          | 73/84 [00:04<00:00, 16.38it/s]
Stage2 Epoch 15/15:  89%|██████████████████████████████████████████████████████████████████████▌        | 75/84 [00:04<00:00, 16.39it/s]
Stage2 Epoch 15/15:  92%|████████████████████████████████████████████████████████████████████████▍      | 77/84 [00:04<00:00, 16.42it/s]
Stage2 Epoch 15/15:  94%|██████████████████████████████████████████████████████████████████████████▎    | 79/84 [00:05<00:00, 16.44it/s]
Stage2 Epoch 15/15:  96%|████████████████████████████████████████████████████████████████████████████▏  | 81/84 [00:05<00:00, 16.46it/s]
Stage2 Epoch 15/15:  99%|██████████████████████████████████████████████████████████████████████████████ | 83/84 [00:05<00:00, 16.51it/s]
Stage2 Epoch 15/15: 100%|███████████████████████████████████████████████████████████████████████████████| 84/84 [00:05<00:00, 15.77it/s]
/mnt/workspace/utils/train_visualizer.py:100: UserWarning: Glyph 21335 (\N{CJK UNIFIED IDEOGRAPH-5357}) missing from font(s) DejaVu Sans.
  fig.tight_layout()
/mnt/workspace/utils/train_visualizer.py:100: UserWarning: Glyph 22825 (\N{CJK UNIFIED IDEOGRAPH-5929}) missing from font(s) DejaVu Sans.
  fig.tight_layout()
/mnt/workspace/utils/train_visualizer.py:100: UserWarning: Glyph 31481 (\N{CJK UNIFIED IDEOGRAPH-7AF9}) missing from font(s) DejaVu Sans.
  fig.tight_layout()
/mnt/workspace/utils/train_visualizer.py:100: UserWarning: Glyph 21494 (\N{CJK UNIFIED IDEOGRAPH-53F6}) missing from font(s) DejaVu Sans.
  fig.tight_layout()
/mnt/workspace/utils/train_visualizer.py:100: UserWarning: Glyph 23567 (\N{CJK UNIFIED IDEOGRAPH-5C0F}) missing from font(s) DejaVu Sans.
  fig.tight_layout()
/mnt/workspace/utils/train_visualizer.py:100: UserWarning: Glyph 22899 (\N{CJK UNIFIED IDEOGRAPH-5973}) missing from font(s) DejaVu Sans.
  fig.tight_layout()
/mnt/workspace/utils/train_visualizer.py:100: UserWarning: Glyph 36126 (\N{CJK UNIFIED IDEOGRAPH-8D1E}) missing from font(s) DejaVu Sans.
  fig.tight_layout()
/mnt/workspace/utils/train_visualizer.py:100: UserWarning: Glyph 24748 (\N{CJK UNIFIED IDEOGRAPH-60AC}) missing from font(s) DejaVu Sans.
  fig.tight_layout()
/mnt/workspace/utils/train_visualizer.py:100: UserWarning: Glyph 38083 (\N{CJK UNIFIED IDEOGRAPH-94C3}) missing from font(s) DejaVu Sans.
  fig.tight_layout()
/mnt/workspace/utils/train_visualizer.py:100: UserWarning: Glyph 26408 (\N{CJK UNIFIED IDEOGRAPH-6728}) missing from font(s) DejaVu Sans.
  fig.tight_layout()
/mnt/workspace/utils/train_visualizer.py:100: UserWarning: Glyph 26460 (\N{CJK UNIFIED IDEOGRAPH-675C}) missing from font(s) DejaVu Sans.
  fig.tight_layout()
/mnt/workspace/utils/train_visualizer.py:100: UserWarning: Glyph 40515 (\N{CJK UNIFIED IDEOGRAPH-9E43}) missing from font(s) DejaVu Sans.
  fig.tight_layout()
/mnt/workspace/utils/train_visualizer.py:100: UserWarning: Glyph 33457 (\N{CJK UNIFIED IDEOGRAPH-82B1}) missing from font(s) DejaVu Sans.
  fig.tight_layout()
/mnt/workspace/utils/train_visualizer.py:100: UserWarning: Glyph 26503 (\N{CJK UNIFIED IDEOGRAPH-6787}) missing from font(s) DejaVu Sans.
  fig.tight_layout()
/mnt/workspace/utils/train_visualizer.py:100: UserWarning: Glyph 26487 (\N{CJK UNIFIED IDEOGRAPH-6777}) missing from font(s) DejaVu Sans.
  fig.tight_layout()
/mnt/workspace/utils/train_visualizer.py:100: UserWarning: Glyph 27185 (\N{CJK UNIFIED IDEOGRAPH-6A31}) missing from font(s) DejaVu Sans.
  fig.tight_layout()
/mnt/workspace/utils/train_visualizer.py:100: UserWarning: Glyph 27861 (\N{CJK UNIFIED IDEOGRAPH-6CD5}) missing from font(s) DejaVu Sans.
  fig.tight_layout()
/mnt/workspace/utils/train_visualizer.py:100: UserWarning: Glyph 22269 (\N{CJK UNIFIED IDEOGRAPH-56FD}) missing from font(s) DejaVu Sans.
  fig.tight_layout()
/mnt/workspace/utils/train_visualizer.py:100: UserWarning: Glyph 20908 (\N{CJK UNIFIED IDEOGRAPH-51AC}) missing from font(s) DejaVu Sans.
  fig.tight_layout()
/mnt/workspace/utils/train_visualizer.py:100: UserWarning: Glyph 38738 (\N{CJK UNIFIED IDEOGRAPH-9752}) missing from font(s) DejaVu Sans.
  fig.tight_layout()
/mnt/workspace/utils/train_visualizer.py:100: UserWarning: Glyph 28023 (\N{CJK UNIFIED IDEOGRAPH-6D77}) missing from font(s) DejaVu Sans.
  fig.tight_layout()
/mnt/workspace/utils/train_visualizer.py:100: UserWarning: Glyph 26704 (\N{CJK UNIFIED IDEOGRAPH-6850}) missing from font(s) DejaVu Sans.
  fig.tight_layout()
/mnt/workspace/utils/train_visualizer.py:100: UserWarning: Glyph 30707 (\N{CJK UNIFIED IDEOGRAPH-77F3}) missing from font(s) DejaVu Sans.
  fig.tight_layout()
/mnt/workspace/utils/train_visualizer.py:100: UserWarning: Glyph 26976 (\N{CJK UNIFIED IDEOGRAPH-6960}) missing from font(s) DejaVu Sans.
  fig.tight_layout()
/mnt/workspace/utils/train_visualizer.py:101: UserWarning: Glyph 21335 (\N{CJK UNIFIED IDEOGRAPH-5357}) missing from font(s) DejaVu Sans.
  fig.savefig(output_path, bbox_inches="tight")
/mnt/workspace/utils/train_visualizer.py:101: UserWarning: Glyph 22825 (\N{CJK UNIFIED IDEOGRAPH-5929}) missing from font(s) DejaVu Sans.
  fig.savefig(output_path, bbox_inches="tight")
/mnt/workspace/utils/train_visualizer.py:101: UserWarning: Glyph 31481 (\N{CJK UNIFIED IDEOGRAPH-7AF9}) missing from font(s) DejaVu Sans.
  fig.savefig(output_path, bbox_inches="tight")
/mnt/workspace/utils/train_visualizer.py:101: UserWarning: Glyph 21494 (\N{CJK UNIFIED IDEOGRAPH-53F6}) missing from font(s) DejaVu Sans.
  fig.savefig(output_path, bbox_inches="tight")
/mnt/workspace/utils/train_visualizer.py:101: UserWarning: Glyph 23567 (\N{CJK UNIFIED IDEOGRAPH-5C0F}) missing from font(s) DejaVu Sans.
  fig.savefig(output_path, bbox_inches="tight")
/mnt/workspace/utils/train_visualizer.py:101: UserWarning: Glyph 22899 (\N{CJK UNIFIED IDEOGRAPH-5973}) missing from font(s) DejaVu Sans.
  fig.savefig(output_path, bbox_inches="tight")
/mnt/workspace/utils/train_visualizer.py:101: UserWarning: Glyph 36126 (\N{CJK UNIFIED IDEOGRAPH-8D1E}) missing from font(s) DejaVu Sans.
  fig.savefig(output_path, bbox_inches="tight")
/mnt/workspace/utils/train_visualizer.py:101: UserWarning: Glyph 24748 (\N{CJK UNIFIED IDEOGRAPH-60AC}) missing from font(s) DejaVu Sans.
  fig.savefig(output_path, bbox_inches="tight")
/mnt/workspace/utils/train_visualizer.py:101: UserWarning: Glyph 38083 (\N{CJK UNIFIED IDEOGRAPH-94C3}) missing from font(s) DejaVu Sans.
  fig.savefig(output_path, bbox_inches="tight")
/mnt/workspace/utils/train_visualizer.py:101: UserWarning: Glyph 26408 (\N{CJK UNIFIED IDEOGRAPH-6728}) missing from font(s) DejaVu Sans.
  fig.savefig(output_path, bbox_inches="tight")
/mnt/workspace/utils/train_visualizer.py:101: UserWarning: Glyph 26460 (\N{CJK UNIFIED IDEOGRAPH-675C}) missing from font(s) DejaVu Sans.
  fig.savefig(output_path, bbox_inches="tight")
/mnt/workspace/utils/train_visualizer.py:101: UserWarning: Glyph 40515 (\N{CJK UNIFIED IDEOGRAPH-9E43}) missing from font(s) DejaVu Sans.
  fig.savefig(output_path, bbox_inches="tight")
/mnt/workspace/utils/train_visualizer.py:101: UserWarning: Glyph 33457 (\N{CJK UNIFIED IDEOGRAPH-82B1}) missing from font(s) DejaVu Sans.
  fig.savefig(output_path, bbox_inches="tight")
/mnt/workspace/utils/train_visualizer.py:101: UserWarning: Glyph 26503 (\N{CJK UNIFIED IDEOGRAPH-6787}) missing from font(s) DejaVu Sans.
  fig.savefig(output_path, bbox_inches="tight")
/mnt/workspace/utils/train_visualizer.py:101: UserWarning: Glyph 26487 (\N{CJK UNIFIED IDEOGRAPH-6777}) missing from font(s) DejaVu Sans.
  fig.savefig(output_path, bbox_inches="tight")
/mnt/workspace/utils/train_visualizer.py:101: UserWarning: Glyph 27185 (\N{CJK UNIFIED IDEOGRAPH-6A31}) missing from font(s) DejaVu Sans.
  fig.savefig(output_path, bbox_inches="tight")
/mnt/workspace/utils/train_visualizer.py:101: UserWarning: Glyph 27861 (\N{CJK UNIFIED IDEOGRAPH-6CD5}) missing from font(s) DejaVu Sans.
  fig.savefig(output_path, bbox_inches="tight")
/mnt/workspace/utils/train_visualizer.py:101: UserWarning: Glyph 22269 (\N{CJK UNIFIED IDEOGRAPH-56FD}) missing from font(s) DejaVu Sans.
  fig.savefig(output_path, bbox_inches="tight")
/mnt/workspace/utils/train_visualizer.py:101: UserWarning: Glyph 20908 (\N{CJK UNIFIED IDEOGRAPH-51AC}) missing from font(s) DejaVu Sans.
  fig.savefig(output_path, bbox_inches="tight")
/mnt/workspace/utils/train_visualizer.py:101: UserWarning: Glyph 38738 (\N{CJK UNIFIED IDEOGRAPH-9752}) missing from font(s) DejaVu Sans.
  fig.savefig(output_path, bbox_inches="tight")
/mnt/workspace/utils/train_visualizer.py:101: UserWarning: Glyph 28023 (\N{CJK UNIFIED IDEOGRAPH-6D77}) missing from font(s) DejaVu Sans.
  fig.savefig(output_path, bbox_inches="tight")
/mnt/workspace/utils/train_visualizer.py:101: UserWarning: Glyph 26704 (\N{CJK UNIFIED IDEOGRAPH-6850}) missing from font(s) DejaVu Sans.
  fig.savefig(output_path, bbox_inches="tight")
/mnt/workspace/utils/train_visualizer.py:101: UserWarning: Glyph 30707 (\N{CJK UNIFIED IDEOGRAPH-77F3}) missing from font(s) DejaVu Sans.
  fig.savefig(output_path, bbox_inches="tight")
/mnt/workspace/utils/train_visualizer.py:101: UserWarning: Glyph 26976 (\N{CJK UNIFIED IDEOGRAPH-6960}) missing from font(s) DejaVu Sans.
  fig.savefig(output_path, bbox_inches="tight")
