实验: 实验2: ResNet50 vs ConvNeXt-Tiny on 复杂背景数据集 - resnet50
运行ID: exp2_resnet50_complex_20260427_050326
开始时间: 2026-04-27T05:05:22.482163
耗时: 116.27秒
================================================================================
[INFO] Log will be saved to logs/resnet50_complex_train_log_20260427_050333.txt

===== CONFIG =====
dataset:
  input_size: 224
  batch_size: 16
  limit_train_per_class: 0
  limit_val_per_class: 0
model:
  num_classes: 5
train:
  epochs_stage1: 10
  epochs_stage2: 15
  grad_clip: 0.5
criterion:
  label_smoothing: 0.1
optimizer:
  lr_stage1: 0.0003
  lr_stage2: 1.0e-05
  beta1: 0.9
  beta2: 0.999
  eps: 1.0e-08
  weight_decay: 0.05
early_stop:
  patience: 5
  min_delta: 0.003
scheduler:
  mode: max
  factor: 0.5
  patience: 2
  min_lr: 5.0e-07
  cosin:
    warmup_epochs: 4
    warmup_lr_init: 1.0e-07
    min_lr: 5.0e-08
logger:
  model_name: resnet50_complex

==================

[INFO] Reading Dataset for type: complex_yolo
[INFO] Loaded training samples: 1350, validation samples: 363
[INFO] 数据集实际类别数: 9
[WARNING] 配置中的 model.num_classes=5 与数据集类别数 9 不一致，已自动采用数据集类别数。
[INFO] ResNet50 ImageNet pretrained: True
[INFO] Time 3.99s | TrainLoss 2.0070 | TrainAcc 43.45% | ValLoss 1.8424 | ValAcc 73.28% | ValTop5 99.17%
[INFO] Current Stage1 learning rate: 0.000300
[INFO] Update best ValAcc: 73.28%
[INFO] Time 2.69s | TrainLoss 1.7452 | TrainAcc 70.24% | ValLoss 1.6702 | ValAcc 85.95% | ValTop5 99.45%
[INFO] Current Stage1 learning rate: 0.000300
[INFO] Update best ValAcc: 85.95%
[INFO] Time 2.80s | TrainLoss 1.6204 | TrainAcc 77.98% | ValLoss 1.5729 | ValAcc 87.60% | ValTop5 99.45%
[INFO] Current Stage1 learning rate: 0.000300
[INFO] Update best ValAcc: 87.60%
[INFO] Time 2.70s | TrainLoss 1.5311 | TrainAcc 81.25% | ValLoss 1.5158 | ValAcc 89.53% | ValTop5 99.45%
[INFO] Current Stage1 learning rate: 0.000300
[INFO] Update best ValAcc: 89.53%
[INFO] Time 2.87s | TrainLoss 1.4802 | TrainAcc 82.37% | ValLoss 1.4597 | ValAcc 87.60% | ValTop5 99.72%
[INFO] Current Stage1 learning rate: 0.000300
[INFO] Patience counter: 1/5
[INFO] Time 2.82s | TrainLoss 1.4528 | TrainAcc 82.14% | ValLoss 1.4288 | ValAcc 88.98% | ValTop5 99.72%
[INFO] Current Stage1 learning rate: 0.000300
[INFO] Patience counter: 2/5
[INFO] Time 2.74s | TrainLoss 1.4317 | TrainAcc 82.89% | ValLoss 1.4114 | ValAcc 88.71% | ValTop5 99.45%
[INFO] Current Stage1 learning rate: 0.000150
[INFO] Patience counter: 3/5
[INFO] Time 2.66s | TrainLoss 1.4155 | TrainAcc 83.93% | ValLoss 1.3841 | ValAcc 89.26% | ValTop5 99.72%
[INFO] Current Stage1 learning rate: 0.000150
[INFO] Patience counter: 4/5
[INFO] Time 2.71s | TrainLoss 1.4103 | TrainAcc 84.52% | ValLoss 1.4212 | ValAcc 89.26% | ValTop5 99.45%
[INFO] Current Stage1 learning rate: 0.000150
[INFO] Patience counter: 5/5
[INFO] Early stopping at epoch 9
[INFO] Stage1 training done. Best ValAcc: 89.53%
[INFO] Time 5.31s | TrainLoss 1.4945 | TrainAcc 84.97% | ValLoss 1.4801 | ValAcc 88.15% | ValTop5 99.45%
[INFO] Current Stage2 learning rate: 0.000003
[INFO] Update best ValAcc: 88.15%
[INFO] Time 5.18s | TrainLoss 1.4953 | TrainAcc 83.48% | ValLoss 1.4676 | ValAcc 87.60% | ValTop5 99.45%
[INFO] Current Stage2 learning rate: 0.000005
[INFO] Patience counter: 1/5
[INFO] Time 5.15s | TrainLoss 1.4707 | TrainAcc 82.66% | ValLoss 1.4640 | ValAcc 88.43% | ValTop5 99.72%
[INFO] Current Stage2 learning rate: 0.000008
[INFO] Update best ValAcc: 88.43%
[INFO] Time 5.18s | TrainLoss 1.4578 | TrainAcc 83.33% | ValLoss 1.4819 | ValAcc 87.88% | ValTop5 99.72%
[INFO] Current Stage2 learning rate: 0.000010
[INFO] Patience counter: 1/5
[INFO] Time 5.15s | TrainLoss 1.4320 | TrainAcc 84.15% | ValLoss 1.4582 | ValAcc 88.43% | ValTop5 99.72%
[INFO] Current Stage2 learning rate: 0.000010
[INFO] Patience counter: 2/5
[INFO] Time 5.19s | TrainLoss 1.4270 | TrainAcc 83.48% | ValLoss 1.4439 | ValAcc 89.26% | ValTop5 98.62%
[INFO] Current Stage2 learning rate: 0.000009
[INFO] Update best ValAcc: 89.26%
[INFO] Time 5.18s | TrainLoss 1.3995 | TrainAcc 84.23% | ValLoss 1.4128 | ValAcc 89.26% | ValTop5 99.17%
[INFO] Current Stage2 learning rate: 0.000008
[INFO] Patience counter: 1/5
[INFO] Time 5.18s | TrainLoss 1.4042 | TrainAcc 84.82% | ValLoss 1.4095 | ValAcc 90.08% | ValTop5 99.72%
[INFO] Current Stage2 learning rate: 0.000007
[INFO] Update best ValAcc: 90.08%
[INFO] Time 5.19s | TrainLoss 1.3971 | TrainAcc 84.52% | ValLoss 1.4258 | ValAcc 89.81% | ValTop5 98.90%
[INFO] Current Stage2 learning rate: 0.000006
[INFO] Patience counter: 1/5
[INFO] Time 5.18s | TrainLoss 1.3800 | TrainAcc 83.26% | ValLoss 1.3781 | ValAcc 91.18% | ValTop5 99.45%
[INFO] Current Stage2 learning rate: 0.000004
[INFO] Update best ValAcc: 91.18%
[INFO] Time 5.18s | TrainLoss 1.3734 | TrainAcc 84.97% | ValLoss 1.3553 | ValAcc 90.08% | ValTop5 99.17%
[INFO] Current Stage2 learning rate: 0.000003
[INFO] Patience counter: 1/5
[INFO] Time 5.20s | TrainLoss 1.3786 | TrainAcc 84.15% | ValLoss 1.4084 | ValAcc 89.26% | ValTop5 99.17%
[INFO] Current Stage2 learning rate: 0.000002
[INFO] Patience counter: 2/5
[INFO] Time 5.24s | TrainLoss 1.3593 | TrainAcc 84.45% | ValLoss 1.3756 | ValAcc 90.08% | ValTop5 99.72%
[INFO] Current Stage2 learning rate: 0.000001
[INFO] Patience counter: 3/5
[INFO] Time 5.19s | TrainLoss 1.3812 | TrainAcc 84.60% | ValLoss 1.4169 | ValAcc 90.08% | ValTop5 99.17%
[INFO] Current Stage2 learning rate: 0.000000
[INFO] Patience counter: 4/5
[INFO] Time 5.19s | TrainLoss 1.3576 | TrainAcc 86.98% | ValLoss 1.3816 | ValAcc 89.53% | ValTop5 99.17%
[INFO] Current Stage2 learning rate: 0.000000
[INFO] Patience counter: 5/5
[INFO] Early stopping at epoch 15
[INFO] Stage2 training done. Best ValAcc: 91.18%
模型已保存至：results/resnet50_complex/20260427_050333/checkpoints/resnet50_best_20260427_050333.pth

============================================================
开始计算论文所需指标...
============================================================
[1/6] 计算Top-1和Top-5准确率...
[2/6] 计算参数量和FLOPs...
[3/6] 测量推理速度...
[4/6] 计算混淆矩阵和分类指标...
[5/6] 计算收敛轮数...
[6/6] 计算训练稳定性指标...

所有指标已保存至: results/resnet50_complex/20260427_050333/thesis_metrics.json
============================================================

论文指标已保存至: results/resnet50_complex/20260427_050333/thesis_metrics.json
[INFO] Loaded independent test samples: 179
[INFO] Independent TestLoss 1.3541 | TestAcc 91.62% | TestTop5 100.00%
可视化已保存至：results/resnet50_complex/20260427_050333/visualization

[STDERR]

Stage1 Epoch 1/10:   0%|                                                                                         | 0/84 [00:00<?, ?it/s]/mnt/workspace/engine/trainer.py:55: FutureWarning: `torch.cuda.amp.autocast(args...)` is deprecated. Please use `torch.amp.autocast('cuda', args...)` instead.
  with autocast(enabled=scaler is not None):

Stage1 Epoch 1/10:   1%|▉                                                                                | 1/84 [00:01<01:40,  1.21s/it]
Stage1 Epoch 1/10:   8%|██████▊                                                                          | 7/84 [00:01<00:10,  7.04it/s]
Stage1 Epoch 1/10:  15%|████████████▍                                                                   | 13/84 [00:01<00:05, 13.79it/s]
Stage1 Epoch 1/10:  21%|█████████████████▏                                                              | 18/84 [00:01<00:03, 17.92it/s]
Stage1 Epoch 1/10:  26%|████████████████████▉                                                           | 22/84 [00:01<00:03, 20.39it/s]
Stage1 Epoch 1/10:  31%|████████████████████████▊                                                       | 26/84 [00:01<00:02, 22.37it/s]
Stage1 Epoch 1/10:  36%|████████████████████████████▌                                                   | 30/84 [00:01<00:02, 25.24it/s]
Stage1 Epoch 1/10:  40%|████████████████████████████████▍                                               | 34/84 [00:02<00:01, 27.35it/s]
Stage1 Epoch 1/10:  46%|█████████████████████████████████████▏                                          | 39/84 [00:02<00:01, 31.57it/s]
Stage1 Epoch 1/10:  52%|█████████████████████████████████████████▉                                      | 44/84 [00:02<00:01, 34.82it/s]
Stage1 Epoch 1/10:  57%|█████████████████████████████████████████████▋                                  | 48/84 [00:02<00:00, 36.06it/s]
Stage1 Epoch 1/10:  62%|█████████████████████████████████████████████████▌                              | 52/84 [00:02<00:00, 36.93it/s]
Stage1 Epoch 1/10:  67%|█████████████████████████████████████████████████████▎                          | 56/84 [00:02<00:00, 36.17it/s]
Stage1 Epoch 1/10:  71%|█████████████████████████████████████████████████████████▏                      | 60/84 [00:02<00:00, 33.88it/s]
Stage1 Epoch 1/10:  77%|█████████████████████████████████████████████████████████████▉                  | 65/84 [00:02<00:00, 36.28it/s]
Stage1 Epoch 1/10:  82%|█████████████████████████████████████████████████████████████████▋              | 69/84 [00:03<00:00, 35.77it/s]
Stage1 Epoch 1/10:  87%|█████████████████████████████████████████████████████████████████████▌          | 73/84 [00:03<00:00, 35.51it/s]
Stage1 Epoch 1/10:  92%|█████████████████████████████████████████████████████████████████████████▎      | 77/84 [00:03<00:00, 35.24it/s]
Stage1 Epoch 1/10:  96%|█████████████████████████████████████████████████████████████████████████████▏  | 81/84 [00:03<00:00, 35.55it/s]
Stage1 Epoch 1/10: 100%|████████████████████████████████████████████████████████████████████████████████| 84/84 [00:03<00:00, 24.63it/s]

Stage1 Epoch 2/10:   0%|                                                                                         | 0/84 [00:00<?, ?it/s]
Stage1 Epoch 2/10:   1%|▉                                                                                | 1/84 [00:00<00:14,  5.58it/s]
Stage1 Epoch 2/10:   7%|█████▊                                                                           | 6/84 [00:00<00:03, 24.44it/s]
Stage1 Epoch 2/10:  13%|██████████▍                                                                     | 11/84 [00:00<00:02, 33.85it/s]
Stage1 Epoch 2/10:  18%|██████████████▎                                                                 | 15/84 [00:00<00:01, 35.85it/s]
Stage1 Epoch 2/10:  24%|███████████████████                                                             | 20/84 [00:00<00:01, 37.54it/s]
Stage1 Epoch 2/10:  29%|██████████████████████▊                                                         | 24/84 [00:00<00:01, 37.21it/s]
Stage1 Epoch 2/10:  33%|██████████████████████████▋                                                     | 28/84 [00:00<00:01, 37.63it/s]
Stage1 Epoch 2/10:  38%|██████████████████████████████▍                                                 | 32/84 [00:00<00:01, 37.56it/s]
Stage1 Epoch 2/10:  43%|██████████████████████████████████▎                                             | 36/84 [00:01<00:01, 36.96it/s]
Stage1 Epoch 2/10:  48%|██████████████████████████████████████                                          | 40/84 [00:01<00:01, 35.01it/s]
Stage1 Epoch 2/10:  54%|██████████████████████████████████████████▊                                     | 45/84 [00:01<00:01, 38.44it/s]
Stage1 Epoch 2/10:  60%|███████████████████████████████████████████████▌                                | 50/84 [00:01<00:00, 40.74it/s]
Stage1 Epoch 2/10:  65%|████████████████████████████████████████████████████▍                           | 55/84 [00:01<00:00, 42.70it/s]
Stage1 Epoch 2/10:  71%|█████████████████████████████████████████████████████████▏                      | 60/84 [00:01<00:00, 40.40it/s]
Stage1 Epoch 2/10:  77%|█████████████████████████████████████████████████████████████▉                  | 65/84 [00:01<00:00, 42.20it/s]
Stage1 Epoch 2/10:  83%|██████████████████████████████████████████████████████████████████▋             | 70/84 [00:01<00:00, 42.31it/s]
Stage1 Epoch 2/10:  89%|███████████████████████████████████████████████████████████████████████▍        | 75/84 [00:01<00:00, 41.65it/s]
Stage1 Epoch 2/10:  95%|████████████████████████████████████████████████████████████████████████████▏   | 80/84 [00:02<00:00, 43.14it/s]
Stage1 Epoch 2/10: 100%|████████████████████████████████████████████████████████████████████████████████| 84/84 [00:02<00:00, 38.07it/s]

Stage1 Epoch 3/10:   0%|                                                                                         | 0/84 [00:00<?, ?it/s]
Stage1 Epoch 3/10:   1%|▉                                                                                | 1/84 [00:00<00:14,  5.75it/s]
Stage1 Epoch 3/10:   7%|█████▊                                                                           | 6/84 [00:00<00:03, 24.51it/s]
Stage1 Epoch 3/10:  13%|██████████▍                                                                     | 11/84 [00:00<00:02, 33.45it/s]
Stage1 Epoch 3/10:  18%|██████████████▎                                                                 | 15/84 [00:00<00:01, 35.23it/s]
Stage1 Epoch 3/10:  23%|██████████████████                                                              | 19/84 [00:00<00:01, 36.12it/s]
Stage1 Epoch 3/10:  27%|█████████████████████▉                                                          | 23/84 [00:00<00:01, 36.67it/s]
Stage1 Epoch 3/10:  32%|█████████████████████████▋                                                      | 27/84 [00:00<00:01, 36.29it/s]
Stage1 Epoch 3/10:  38%|██████████████████████████████▍                                                 | 32/84 [00:00<00:01, 38.45it/s]
Stage1 Epoch 3/10:  43%|██████████████████████████████████▎                                             | 36/84 [00:01<00:01, 35.25it/s]
Stage1 Epoch 3/10:  48%|██████████████████████████████████████                                          | 40/84 [00:01<00:01, 34.57it/s]
Stage1 Epoch 3/10:  54%|██████████████████████████████████████████▊                                     | 45/84 [00:01<00:01, 36.52it/s]
Stage1 Epoch 3/10:  60%|███████████████████████████████████████████████▌                                | 50/84 [00:01<00:00, 38.63it/s]
Stage1 Epoch 3/10:  64%|███████████████████████████████████████████████████▍                            | 54/84 [00:01<00:00, 38.35it/s]
Stage1 Epoch 3/10:  69%|███████████████████████████████████████████████████████▏                        | 58/84 [00:01<00:00, 36.39it/s]
Stage1 Epoch 3/10:  75%|████████████████████████████████████████████████████████████                    | 63/84 [00:01<00:00, 38.38it/s]
Stage1 Epoch 3/10:  80%|███████████████████████████████████████████████████████████████▊                | 67/84 [00:01<00:00, 38.65it/s]
Stage1 Epoch 3/10:  86%|████████████████████████████████████████████████████████████████████▌           | 72/84 [00:01<00:00, 41.45it/s]
Stage1 Epoch 3/10:  92%|█████████████████████████████████████████████████████████████████████████▎      | 77/84 [00:02<00:00, 37.82it/s]
Stage1 Epoch 3/10:  96%|█████████████████████████████████████████████████████████████████████████████▏  | 81/84 [00:02<00:00, 38.02it/s]
Stage1 Epoch 3/10: 100%|████████████████████████████████████████████████████████████████████████████████| 84/84 [00:02<00:00, 36.10it/s]

Stage1 Epoch 4/10:   0%|                                                                                         | 0/84 [00:00<?, ?it/s]
Stage1 Epoch 4/10:   1%|▉                                                                                | 1/84 [00:00<00:13,  6.18it/s]
Stage1 Epoch 4/10:   7%|█████▊                                                                           | 6/84 [00:00<00:03, 24.99it/s]
Stage1 Epoch 4/10:  12%|█████████▌                                                                      | 10/84 [00:00<00:02, 26.75it/s]
Stage1 Epoch 4/10:  17%|█████████████▎                                                                  | 14/84 [00:00<00:02, 30.41it/s]
Stage1 Epoch 4/10:  21%|█████████████████▏                                                              | 18/84 [00:00<00:02, 30.67it/s]
Stage1 Epoch 4/10:  26%|████████████████████▉                                                           | 22/84 [00:00<00:01, 32.97it/s]
Stage1 Epoch 4/10:  32%|█████████████████████████▋                                                      | 27/84 [00:00<00:01, 37.03it/s]
Stage1 Epoch 4/10:  38%|██████████████████████████████▍                                                 | 32/84 [00:00<00:01, 39.65it/s]
Stage1 Epoch 4/10:  44%|███████████████████████████████████▏                                            | 37/84 [00:01<00:01, 40.48it/s]
Stage1 Epoch 4/10:  50%|████████████████████████████████████████                                        | 42/84 [00:01<00:00, 42.80it/s]
Stage1 Epoch 4/10:  56%|████████████████████████████████████████████▊                                   | 47/84 [00:01<00:00, 43.73it/s]
Stage1 Epoch 4/10:  62%|█████████████████████████████████████████████████▌                              | 52/84 [00:01<00:00, 42.15it/s]
Stage1 Epoch 4/10:  68%|██████████████████████████████████████████████████████▎                         | 57/84 [00:01<00:00, 43.33it/s]
Stage1 Epoch 4/10:  74%|███████████████████████████████████████████████████████████                     | 62/84 [00:01<00:00, 42.87it/s]
Stage1 Epoch 4/10:  80%|███████████████████████████████████████████████████████████████▊                | 67/84 [00:01<00:00, 43.81it/s]
Stage1 Epoch 4/10:  86%|████████████████████████████████████████████████████████████████████▌           | 72/84 [00:01<00:00, 38.63it/s]
Stage1 Epoch 4/10:  92%|█████████████████████████████████████████████████████████████████████████▎      | 77/84 [00:02<00:00, 39.76it/s]
Stage1 Epoch 4/10:  98%|██████████████████████████████████████████████████████████████████████████████  | 82/84 [00:02<00:00, 41.91it/s]
Stage1 Epoch 4/10: 100%|████████████████████████████████████████████████████████████████████████████████| 84/84 [00:02<00:00, 37.80it/s]

Stage1 Epoch 5/10:   0%|                                                                                         | 0/84 [00:00<?, ?it/s]
Stage1 Epoch 5/10:   1%|▉                                                                                | 1/84 [00:00<00:13,  5.99it/s]
Stage1 Epoch 5/10:   6%|████▊                                                                            | 5/84 [00:00<00:03, 21.42it/s]
Stage1 Epoch 5/10:  11%|████████▋                                                                        | 9/84 [00:00<00:02, 27.70it/s]
Stage1 Epoch 5/10:  15%|████████████▍                                                                   | 13/84 [00:00<00:02, 31.75it/s]
Stage1 Epoch 5/10:  20%|████████████████▏                                                               | 17/84 [00:00<00:02, 31.13it/s]
Stage1 Epoch 5/10:  25%|████████████████████                                                            | 21/84 [00:00<00:01, 31.52it/s]
Stage1 Epoch 5/10:  30%|███████████████████████▊                                                        | 25/84 [00:00<00:01, 32.60it/s]
Stage1 Epoch 5/10:  35%|███████████████████████████▌                                                    | 29/84 [00:00<00:01, 34.09it/s]
Stage1 Epoch 5/10:  40%|████████████████████████████████▍                                               | 34/84 [00:01<00:01, 36.92it/s]
Stage1 Epoch 5/10:  46%|█████████████████████████████████████▏                                          | 39/84 [00:01<00:01, 37.81it/s]
Stage1 Epoch 5/10:  51%|████████████████████████████████████████▉                                       | 43/84 [00:01<00:01, 37.72it/s]
Stage1 Epoch 5/10:  56%|████████████████████████████████████████████▊                                   | 47/84 [00:01<00:01, 36.39it/s]
Stage1 Epoch 5/10:  61%|████████████████████████████████████████████████▌                               | 51/84 [00:01<00:00, 34.59it/s]
Stage1 Epoch 5/10:  67%|█████████████████████████████████████████████████████▎                          | 56/84 [00:01<00:00, 36.86it/s]
Stage1 Epoch 5/10:  73%|██████████████████████████████████████████████████████████                      | 61/84 [00:01<00:00, 39.54it/s]
Stage1 Epoch 5/10:  79%|██████████████████████████████████████████████████████████████▊                 | 66/84 [00:01<00:00, 40.15it/s]
Stage1 Epoch 5/10:  85%|███████████████████████████████████████████████████████████████████▌            | 71/84 [00:02<00:00, 40.27it/s]
Stage1 Epoch 5/10:  90%|████████████████████████████████████████████████████████████████████████▍       | 76/84 [00:02<00:00, 38.71it/s]
Stage1 Epoch 5/10:  95%|████████████████████████████████████████████████████████████████████████████▏   | 80/84 [00:02<00:00, 38.16it/s]
Stage1 Epoch 5/10: 100%|████████████████████████████████████████████████████████████████████████████████| 84/84 [00:02<00:00, 35.22it/s]

Stage1 Epoch 6/10:   0%|                                                                                         | 0/84 [00:00<?, ?it/s]
Stage1 Epoch 6/10:   1%|▉                                                                                | 1/84 [00:00<00:13,  5.97it/s]
Stage1 Epoch 6/10:   6%|████▊                                                                            | 5/84 [00:00<00:04, 19.05it/s]
Stage1 Epoch 6/10:  12%|█████████▌                                                                      | 10/84 [00:00<00:02, 29.43it/s]
Stage1 Epoch 6/10:  18%|██████████████▎                                                                 | 15/84 [00:00<00:01, 35.60it/s]
Stage1 Epoch 6/10:  24%|███████████████████                                                             | 20/84 [00:00<00:01, 37.61it/s]
Stage1 Epoch 6/10:  29%|██████████████████████▊                                                         | 24/84 [00:00<00:01, 34.87it/s]
Stage1 Epoch 6/10:  33%|██████████████████████████▋                                                     | 28/84 [00:00<00:01, 34.43it/s]
Stage1 Epoch 6/10:  39%|███████████████████████████████▍                                                | 33/84 [00:00<00:01, 37.55it/s]
Stage1 Epoch 6/10:  45%|████████████████████████████████████▏                                           | 38/84 [00:01<00:01, 39.53it/s]
Stage1 Epoch 6/10:  51%|████████████████████████████████████████▉                                       | 43/84 [00:01<00:01, 36.35it/s]
Stage1 Epoch 6/10:  56%|████████████████████████████████████████████▊                                   | 47/84 [00:01<00:01, 34.37it/s]
Stage1 Epoch 6/10:  61%|████████████████████████████████████████████████▌                               | 51/84 [00:01<00:00, 33.11it/s]
Stage1 Epoch 6/10:  67%|█████████████████████████████████████████████████████▎                          | 56/84 [00:01<00:00, 36.73it/s]
Stage1 Epoch 6/10:  73%|██████████████████████████████████████████████████████████                      | 61/84 [00:01<00:00, 37.56it/s]
Stage1 Epoch 6/10:  79%|██████████████████████████████████████████████████████████████▊                 | 66/84 [00:01<00:00, 40.11it/s]
Stage1 Epoch 6/10:  85%|███████████████████████████████████████████████████████████████████▌            | 71/84 [00:01<00:00, 41.82it/s]
Stage1 Epoch 6/10:  90%|████████████████████████████████████████████████████████████████████████▍       | 76/84 [00:02<00:00, 41.31it/s]
Stage1 Epoch 6/10:  96%|█████████████████████████████████████████████████████████████████████████████▏  | 81/84 [00:02<00:00, 38.13it/s]
Stage1 Epoch 6/10: 100%|████████████████████████████████████████████████████████████████████████████████| 84/84 [00:02<00:00, 35.93it/s]

Stage1 Epoch 7/10:   0%|                                                                                         | 0/84 [00:00<?, ?it/s]
Stage1 Epoch 7/10:   1%|▉                                                                                | 1/84 [00:00<00:13,  6.21it/s]
Stage1 Epoch 7/10:   7%|█████▊                                                                           | 6/84 [00:00<00:02, 26.08it/s]
Stage1 Epoch 7/10:  13%|██████████▍                                                                     | 11/84 [00:00<00:02, 32.51it/s]
Stage1 Epoch 7/10:  19%|███████████████▏                                                                | 16/84 [00:00<00:01, 36.66it/s]
Stage1 Epoch 7/10:  25%|████████████████████                                                            | 21/84 [00:00<00:01, 39.37it/s]
Stage1 Epoch 7/10:  31%|████████████████████████▊                                                       | 26/84 [00:00<00:01, 39.63it/s]
Stage1 Epoch 7/10:  37%|█████████████████████████████▌                                                  | 31/84 [00:00<00:01, 39.06it/s]
Stage1 Epoch 7/10:  42%|█████████████████████████████████▎                                              | 35/84 [00:00<00:01, 38.93it/s]
Stage1 Epoch 7/10:  46%|█████████████████████████████████████▏                                          | 39/84 [00:01<00:01, 37.97it/s]
Stage1 Epoch 7/10:  52%|█████████████████████████████████████████▉                                      | 44/84 [00:01<00:00, 40.75it/s]
Stage1 Epoch 7/10:  58%|██████████████████████████████████████████████▋                                 | 49/84 [00:01<00:00, 40.44it/s]
Stage1 Epoch 7/10:  64%|███████████████████████████████████████████████████▍                            | 54/84 [00:01<00:00, 40.36it/s]
Stage1 Epoch 7/10:  70%|████████████████████████████████████████████████████████▏                       | 59/84 [00:01<00:00, 40.10it/s]
Stage1 Epoch 7/10:  76%|████████████████████████████████████████████████████████████▉                   | 64/84 [00:01<00:00, 40.01it/s]
Stage1 Epoch 7/10:  82%|█████████████████████████████████████████████████████████████████▋              | 69/84 [00:01<00:00, 40.15it/s]
Stage1 Epoch 7/10:  88%|██████████████████████████████████████████████████████████████████████▍         | 74/84 [00:01<00:00, 35.53it/s]
Stage1 Epoch 7/10:  93%|██████████████████████████████████████████████████████████████████████████▎     | 78/84 [00:02<00:00, 35.34it/s]
Stage1 Epoch 7/10:  99%|███████████████████████████████████████████████████████████████████████████████ | 83/84 [00:02<00:00, 38.68it/s]
Stage1 Epoch 7/10: 100%|████████████████████████████████████████████████████████████████████████████████| 84/84 [00:02<00:00, 37.25it/s]

Stage1 Epoch 8/10:   0%|                                                                                         | 0/84 [00:00<?, ?it/s]
Stage1 Epoch 8/10:   1%|▉                                                                                | 1/84 [00:00<00:14,  5.88it/s]
Stage1 Epoch 8/10:   7%|█████▊                                                                           | 6/84 [00:00<00:03, 25.97it/s]
Stage1 Epoch 8/10:  12%|█████████▌                                                                      | 10/84 [00:00<00:02, 31.23it/s]
Stage1 Epoch 8/10:  18%|██████████████▎                                                                 | 15/84 [00:00<00:01, 35.91it/s]
Stage1 Epoch 8/10:  23%|██████████████████                                                              | 19/84 [00:00<00:01, 34.17it/s]
Stage1 Epoch 8/10:  29%|██████████████████████▊                                                         | 24/84 [00:00<00:01, 37.30it/s]
Stage1 Epoch 8/10:  35%|███████████████████████████▌                                                    | 29/84 [00:00<00:01, 40.43it/s]
Stage1 Epoch 8/10:  40%|████████████████████████████████▍                                               | 34/84 [00:00<00:01, 41.62it/s]
Stage1 Epoch 8/10:  46%|█████████████████████████████████████▏                                          | 39/84 [00:01<00:01, 39.81it/s]
Stage1 Epoch 8/10:  52%|█████████████████████████████████████████▉                                      | 44/84 [00:01<00:01, 37.74it/s]
Stage1 Epoch 8/10:  58%|██████████████████████████████████████████████▋                                 | 49/84 [00:01<00:00, 39.17it/s]
Stage1 Epoch 8/10:  64%|███████████████████████████████████████████████████▍                            | 54/84 [00:01<00:00, 40.56it/s]
Stage1 Epoch 8/10:  70%|████████████████████████████████████████████████████████▏                       | 59/84 [00:01<00:00, 42.48it/s]
Stage1 Epoch 8/10:  76%|████████████████████████████████████████████████████████████▉                   | 64/84 [00:01<00:00, 40.90it/s]
Stage1 Epoch 8/10:  82%|█████████████████████████████████████████████████████████████████▋              | 69/84 [00:01<00:00, 41.04it/s]
Stage1 Epoch 8/10:  88%|██████████████████████████████████████████████████████████████████████▍         | 74/84 [00:01<00:00, 42.20it/s]
Stage1 Epoch 8/10:  94%|███████████████████████████████████████████████████████████████████████████▏    | 79/84 [00:02<00:00, 43.79it/s]
Stage1 Epoch 8/10: 100%|████████████████████████████████████████████████████████████████████████████████| 84/84 [00:02<00:00, 44.17it/s]
Stage1 Epoch 8/10: 100%|████████████████████████████████████████████████████████████████████████████████| 84/84 [00:02<00:00, 38.70it/s]

Stage1 Epoch 9/10:   0%|                                                                                         | 0/84 [00:00<?, ?it/s]
Stage1 Epoch 9/10:   1%|▉                                                                                | 1/84 [00:00<00:14,  5.90it/s]
Stage1 Epoch 9/10:   7%|█████▊                                                                           | 6/84 [00:00<00:03, 24.07it/s]
Stage1 Epoch 9/10:  13%|██████████▍                                                                     | 11/84 [00:00<00:02, 33.08it/s]
Stage1 Epoch 9/10:  18%|██████████████▎                                                                 | 15/84 [00:00<00:01, 35.07it/s]
Stage1 Epoch 9/10:  24%|███████████████████                                                             | 20/84 [00:00<00:01, 39.35it/s]
Stage1 Epoch 9/10:  30%|███████████████████████▊                                                        | 25/84 [00:00<00:01, 41.29it/s]
Stage1 Epoch 9/10:  36%|████████████████████████████▌                                                   | 30/84 [00:00<00:01, 41.00it/s]
Stage1 Epoch 9/10:  42%|█████████████████████████████████▎                                              | 35/84 [00:00<00:01, 38.14it/s]
Stage1 Epoch 9/10:  46%|█████████████████████████████████████▏                                          | 39/84 [00:01<00:01, 37.20it/s]
Stage1 Epoch 9/10:  52%|█████████████████████████████████████████▉                                      | 44/84 [00:01<00:01, 37.11it/s]
Stage1 Epoch 9/10:  57%|█████████████████████████████████████████████▋                                  | 48/84 [00:01<00:00, 37.23it/s]
Stage1 Epoch 9/10:  62%|█████████████████████████████████████████████████▌                              | 52/84 [00:01<00:00, 37.70it/s]
Stage1 Epoch 9/10:  67%|█████████████████████████████████████████████████████▎                          | 56/84 [00:01<00:00, 37.53it/s]
Stage1 Epoch 9/10:  73%|██████████████████████████████████████████████████████████                      | 61/84 [00:01<00:00, 40.34it/s]
Stage1 Epoch 9/10:  79%|██████████████████████████████████████████████████████████████▊                 | 66/84 [00:01<00:00, 42.37it/s]
Stage1 Epoch 9/10:  85%|███████████████████████████████████████████████████████████████████▌            | 71/84 [00:01<00:00, 43.76it/s]
Stage1 Epoch 9/10:  90%|████████████████████████████████████████████████████████████████████████▍       | 76/84 [00:02<00:00, 38.00it/s]
Stage1 Epoch 9/10:  96%|█████████████████████████████████████████████████████████████████████████████▏  | 81/84 [00:02<00:00, 40.95it/s]
Stage1 Epoch 9/10: 100%|████████████████████████████████████████████████████████████████████████████████| 84/84 [00:02<00:00, 37.67it/s]

Stage2 Epoch 1/15:   0%|                                                                                         | 0/84 [00:00<?, ?it/s]
Stage2 Epoch 1/15:   1%|▉                                                                                | 1/84 [00:00<00:31,  2.65it/s]
Stage2 Epoch 1/15:   4%|██▉                                                                              | 3/84 [00:00<00:11,  7.31it/s]
Stage2 Epoch 1/15:   6%|████▊                                                                            | 5/84 [00:00<00:07, 10.67it/s]
Stage2 Epoch 1/15:   8%|██████▊                                                                          | 7/84 [00:00<00:05, 13.08it/s]
Stage2 Epoch 1/15:  11%|████████▋                                                                        | 9/84 [00:00<00:05, 14.78it/s]
Stage2 Epoch 1/15:  13%|██████████▍                                                                     | 11/84 [00:00<00:04, 15.99it/s]
Stage2 Epoch 1/15:  15%|████████████▍                                                                   | 13/84 [00:01<00:04, 16.84it/s]
Stage2 Epoch 1/15:  18%|██████████████▎                                                                 | 15/84 [00:01<00:03, 17.40it/s]
Stage2 Epoch 1/15:  20%|████████████████▏                                                               | 17/84 [00:01<00:03, 17.75it/s]
Stage2 Epoch 1/15:  23%|██████████████████                                                              | 19/84 [00:01<00:03, 17.88it/s]
Stage2 Epoch 1/15:  25%|████████████████████                                                            | 21/84 [00:01<00:03, 18.14it/s]
Stage2 Epoch 1/15:  27%|█████████████████████▉                                                          | 23/84 [00:01<00:03, 18.34it/s]
Stage2 Epoch 1/15:  30%|███████████████████████▊                                                        | 25/84 [00:01<00:03, 18.47it/s]
Stage2 Epoch 1/15:  32%|█████████████████████████▋                                                      | 27/84 [00:01<00:03, 18.57it/s]
Stage2 Epoch 1/15:  35%|███████████████████████████▌                                                    | 29/84 [00:01<00:02, 18.63it/s]
Stage2 Epoch 1/15:  37%|█████████████████████████████▌                                                  | 31/84 [00:01<00:02, 18.68it/s]
Stage2 Epoch 1/15:  39%|███████████████████████████████▍                                                | 33/84 [00:02<00:02, 18.72it/s]
Stage2 Epoch 1/15:  42%|█████████████████████████████████▎                                              | 35/84 [00:02<00:02, 18.74it/s]
Stage2 Epoch 1/15:  44%|███████████████████████████████████▏                                            | 37/84 [00:02<00:02, 18.70it/s]
Stage2 Epoch 1/15:  46%|█████████████████████████████████████▏                                          | 39/84 [00:02<00:02, 18.71it/s]
Stage2 Epoch 1/15:  49%|███████████████████████████████████████                                         | 41/84 [00:02<00:02, 18.68it/s]
Stage2 Epoch 1/15:  51%|████████████████████████████████████████▉                                       | 43/84 [00:02<00:02, 18.67it/s]
Stage2 Epoch 1/15:  54%|██████████████████████████████████████████▊                                     | 45/84 [00:02<00:02, 18.70it/s]
Stage2 Epoch 1/15:  56%|████████████████████████████████████████████▊                                   | 47/84 [00:02<00:01, 18.70it/s]
Stage2 Epoch 1/15:  58%|██████████████████████████████████████████████▋                                 | 49/84 [00:02<00:01, 18.71it/s]
Stage2 Epoch 1/15:  61%|████████████████████████████████████████████████▌                               | 51/84 [00:03<00:01, 18.73it/s]
Stage2 Epoch 1/15:  63%|██████████████████████████████████████████████████▍                             | 53/84 [00:03<00:01, 18.72it/s]
Stage2 Epoch 1/15:  65%|████████████████████████████████████████████████████▍                           | 55/84 [00:03<00:01, 18.71it/s]
Stage2 Epoch 1/15:  68%|██████████████████████████████████████████████████████▎                         | 57/84 [00:03<00:01, 18.73it/s]
Stage2 Epoch 1/15:  70%|████████████████████████████████████████████████████████▏                       | 59/84 [00:03<00:01, 18.72it/s]
Stage2 Epoch 1/15:  73%|██████████████████████████████████████████████████████████                      | 61/84 [00:03<00:01, 18.73it/s]
Stage2 Epoch 1/15:  75%|████████████████████████████████████████████████████████████                    | 63/84 [00:03<00:01, 18.75it/s]
Stage2 Epoch 1/15:  77%|█████████████████████████████████████████████████████████████▉                  | 65/84 [00:03<00:01, 18.75it/s]
Stage2 Epoch 1/15:  80%|███████████████████████████████████████████████████████████████▊                | 67/84 [00:03<00:00, 18.74it/s]
Stage2 Epoch 1/15:  82%|█████████████████████████████████████████████████████████████████▋              | 69/84 [00:04<00:00, 18.76it/s]
Stage2 Epoch 1/15:  85%|███████████████████████████████████████████████████████████████████▌            | 71/84 [00:04<00:00, 18.73it/s]
Stage2 Epoch 1/15:  87%|█████████████████████████████████████████████████████████████████████▌          | 73/84 [00:04<00:00, 18.73it/s]
Stage2 Epoch 1/15:  89%|███████████████████████████████████████████████████████████████████████▍        | 75/84 [00:04<00:00, 18.74it/s]
Stage2 Epoch 1/15:  92%|█████████████████████████████████████████████████████████████████████████▎      | 77/84 [00:04<00:00, 18.76it/s]
Stage2 Epoch 1/15:  94%|███████████████████████████████████████████████████████████████████████████▏    | 79/84 [00:04<00:00, 18.78it/s]
Stage2 Epoch 1/15:  96%|█████████████████████████████████████████████████████████████████████████████▏  | 81/84 [00:04<00:00, 18.82it/s]
Stage2 Epoch 1/15:  99%|███████████████████████████████████████████████████████████████████████████████ | 83/84 [00:04<00:00, 18.83it/s]
Stage2 Epoch 1/15: 100%|████████████████████████████████████████████████████████████████████████████████| 84/84 [00:04<00:00, 17.42it/s]

Stage2 Epoch 2/15:   0%|                                                                                         | 0/84 [00:00<?, ?it/s]
Stage2 Epoch 2/15:   1%|▉                                                                                | 1/84 [00:00<00:20,  4.06it/s]
Stage2 Epoch 2/15:   4%|██▉                                                                              | 3/84 [00:00<00:08,  9.67it/s]
Stage2 Epoch 2/15:   6%|████▊                                                                            | 5/84 [00:00<00:06, 12.90it/s]
Stage2 Epoch 2/15:   8%|██████▊                                                                          | 7/84 [00:00<00:05, 14.89it/s]
Stage2 Epoch 2/15:  11%|████████▋                                                                        | 9/84 [00:00<00:04, 16.16it/s]
Stage2 Epoch 2/15:  13%|██████████▍                                                                     | 11/84 [00:00<00:04, 17.02it/s]
Stage2 Epoch 2/15:  15%|████████████▍                                                                   | 13/84 [00:00<00:04, 17.61it/s]
Stage2 Epoch 2/15:  18%|██████████████▎                                                                 | 15/84 [00:00<00:03, 18.00it/s]
Stage2 Epoch 2/15:  20%|████████████████▏                                                               | 17/84 [00:01<00:03, 18.18it/s]
Stage2 Epoch 2/15:  23%|██████████████████                                                              | 19/84 [00:01<00:03, 18.32it/s]
Stage2 Epoch 2/15:  25%|████████████████████                                                            | 21/84 [00:01<00:03, 18.46it/s]
Stage2 Epoch 2/15:  27%|█████████████████████▉                                                          | 23/84 [00:01<00:03, 18.57it/s]
Stage2 Epoch 2/15:  30%|███████████████████████▊                                                        | 25/84 [00:01<00:03, 18.66it/s]
Stage2 Epoch 2/15:  32%|█████████████████████████▋                                                      | 27/84 [00:01<00:03, 18.71it/s]
Stage2 Epoch 2/15:  35%|███████████████████████████▌                                                    | 29/84 [00:01<00:02, 18.74it/s]
Stage2 Epoch 2/15:  37%|█████████████████████████████▌                                                  | 31/84 [00:01<00:02, 18.77it/s]
Stage2 Epoch 2/15:  39%|███████████████████████████████▍                                                | 33/84 [00:01<00:02, 18.79it/s]
Stage2 Epoch 2/15:  42%|█████████████████████████████████▎                                              | 35/84 [00:02<00:02, 18.73it/s]
Stage2 Epoch 2/15:  44%|███████████████████████████████████▏                                            | 37/84 [00:02<00:02, 18.73it/s]
Stage2 Epoch 2/15:  46%|█████████████████████████████████████▏                                          | 39/84 [00:02<00:02, 18.74it/s]
Stage2 Epoch 2/15:  49%|███████████████████████████████████████                                         | 41/84 [00:02<00:02, 18.74it/s]
Stage2 Epoch 2/15:  51%|████████████████████████████████████████▉                                       | 43/84 [00:02<00:02, 18.78it/s]
Stage2 Epoch 2/15:  54%|██████████████████████████████████████████▊                                     | 45/84 [00:02<00:02, 18.79it/s]
Stage2 Epoch 2/15:  56%|████████████████████████████████████████████▊                                   | 47/84 [00:02<00:01, 18.80it/s]
Stage2 Epoch 2/15:  58%|██████████████████████████████████████████████▋                                 | 49/84 [00:02<00:01, 18.82it/s]
Stage2 Epoch 2/15:  61%|████████████████████████████████████████████████▌                               | 51/84 [00:02<00:01, 18.81it/s]
Stage2 Epoch 2/15:  63%|██████████████████████████████████████████████████▍                             | 53/84 [00:03<00:01, 18.78it/s]
Stage2 Epoch 2/15:  65%|████████████████████████████████████████████████████▍                           | 55/84 [00:03<00:01, 18.76it/s]
Stage2 Epoch 2/15:  68%|██████████████████████████████████████████████████████▎                         | 57/84 [00:03<00:01, 18.73it/s]
Stage2 Epoch 2/15:  70%|████████████████████████████████████████████████████████▏                       | 59/84 [00:03<00:01, 18.72it/s]
Stage2 Epoch 2/15:  73%|██████████████████████████████████████████████████████████                      | 61/84 [00:03<00:01, 18.74it/s]
Stage2 Epoch 2/15:  75%|████████████████████████████████████████████████████████████                    | 63/84 [00:03<00:01, 18.77it/s]
Stage2 Epoch 2/15:  77%|█████████████████████████████████████████████████████████████▉                  | 65/84 [00:03<00:01, 18.77it/s]
Stage2 Epoch 2/15:  80%|███████████████████████████████████████████████████████████████▊                | 67/84 [00:03<00:00, 18.80it/s]
Stage2 Epoch 2/15:  82%|█████████████████████████████████████████████████████████████████▋              | 69/84 [00:03<00:00, 18.79it/s]
Stage2 Epoch 2/15:  85%|███████████████████████████████████████████████████████████████████▌            | 71/84 [00:03<00:00, 18.76it/s]
Stage2 Epoch 2/15:  87%|█████████████████████████████████████████████████████████████████████▌          | 73/84 [00:04<00:00, 18.75it/s]
Stage2 Epoch 2/15:  89%|███████████████████████████████████████████████████████████████████████▍        | 75/84 [00:04<00:00, 18.74it/s]
Stage2 Epoch 2/15:  92%|█████████████████████████████████████████████████████████████████████████▎      | 77/84 [00:04<00:00, 18.73it/s]
Stage2 Epoch 2/15:  94%|███████████████████████████████████████████████████████████████████████████▏    | 79/84 [00:04<00:00, 18.77it/s]
Stage2 Epoch 2/15:  96%|█████████████████████████████████████████████████████████████████████████████▏  | 81/84 [00:04<00:00, 18.79it/s]
Stage2 Epoch 2/15:  99%|███████████████████████████████████████████████████████████████████████████████ | 83/84 [00:04<00:00, 18.82it/s]
Stage2 Epoch 2/15: 100%|████████████████████████████████████████████████████████████████████████████████| 84/84 [00:04<00:00, 17.91it/s]

Stage2 Epoch 3/15:   0%|                                                                                         | 0/84 [00:00<?, ?it/s]
Stage2 Epoch 3/15:   1%|▉                                                                                | 1/84 [00:00<00:17,  4.62it/s]
Stage2 Epoch 3/15:   4%|██▉                                                                              | 3/84 [00:00<00:07, 10.46it/s]
Stage2 Epoch 3/15:   6%|████▊                                                                            | 5/84 [00:00<00:05, 13.54it/s]
Stage2 Epoch 3/15:   8%|██████▊                                                                          | 7/84 [00:00<00:05, 15.37it/s]
Stage2 Epoch 3/15:  11%|████████▋                                                                        | 9/84 [00:00<00:04, 16.52it/s]
Stage2 Epoch 3/15:  13%|██████████▍                                                                     | 11/84 [00:00<00:04, 17.25it/s]
Stage2 Epoch 3/15:  15%|████████████▍                                                                   | 13/84 [00:00<00:03, 17.75it/s]
Stage2 Epoch 3/15:  18%|██████████████▎                                                                 | 15/84 [00:00<00:03, 18.09it/s]
Stage2 Epoch 3/15:  20%|████████████████▏                                                               | 17/84 [00:01<00:03, 18.24it/s]
Stage2 Epoch 3/15:  23%|██████████████████                                                              | 19/84 [00:01<00:03, 18.35it/s]
Stage2 Epoch 3/15:  25%|████████████████████                                                            | 21/84 [00:01<00:03, 18.48it/s]
Stage2 Epoch 3/15:  27%|█████████████████████▉                                                          | 23/84 [00:01<00:03, 18.57it/s]
Stage2 Epoch 3/15:  30%|███████████████████████▊                                                        | 25/84 [00:01<00:03, 18.62it/s]
Stage2 Epoch 3/15:  32%|█████████████████████████▋                                                      | 27/84 [00:01<00:03, 18.68it/s]
Stage2 Epoch 3/15:  35%|███████████████████████████▌                                                    | 29/84 [00:01<00:02, 18.71it/s]
Stage2 Epoch 3/15:  37%|█████████████████████████████▌                                                  | 31/84 [00:01<00:02, 18.75it/s]
Stage2 Epoch 3/15:  39%|███████████████████████████████▍                                                | 33/84 [00:01<00:02, 18.77it/s]
Stage2 Epoch 3/15:  42%|█████████████████████████████████▎                                              | 35/84 [00:02<00:02, 18.74it/s]
Stage2 Epoch 3/15:  44%|███████████████████████████████████▏                                            | 37/84 [00:02<00:02, 18.74it/s]
Stage2 Epoch 3/15:  46%|█████████████████████████████████████▏                                          | 39/84 [00:02<00:02, 18.75it/s]
Stage2 Epoch 3/15:  49%|███████████████████████████████████████                                         | 41/84 [00:02<00:02, 18.74it/s]
Stage2 Epoch 3/15:  51%|████████████████████████████████████████▉                                       | 43/84 [00:02<00:02, 18.76it/s]
Stage2 Epoch 3/15:  54%|██████████████████████████████████████████▊                                     | 45/84 [00:02<00:02, 18.76it/s]
Stage2 Epoch 3/15:  56%|████████████████████████████████████████████▊                                   | 47/84 [00:02<00:01, 18.78it/s]
Stage2 Epoch 3/15:  58%|██████████████████████████████████████████████▋                                 | 49/84 [00:02<00:01, 18.79it/s]
Stage2 Epoch 3/15:  61%|████████████████████████████████████████████████▌                               | 51/84 [00:02<00:01, 18.80it/s]
Stage2 Epoch 3/15:  63%|██████████████████████████████████████████████████▍                             | 53/84 [00:02<00:01, 18.77it/s]
Stage2 Epoch 3/15:  65%|████████████████████████████████████████████████████▍                           | 55/84 [00:03<00:01, 18.76it/s]
Stage2 Epoch 3/15:  68%|██████████████████████████████████████████████████████▎                         | 57/84 [00:03<00:01, 18.77it/s]
Stage2 Epoch 3/15:  70%|████████████████████████████████████████████████████████▏                       | 59/84 [00:03<00:01, 18.74it/s]
Stage2 Epoch 3/15:  73%|██████████████████████████████████████████████████████████                      | 61/84 [00:03<00:01, 18.75it/s]
Stage2 Epoch 3/15:  75%|████████████████████████████████████████████████████████████                    | 63/84 [00:03<00:01, 18.76it/s]
Stage2 Epoch 3/15:  77%|█████████████████████████████████████████████████████████████▉                  | 65/84 [00:03<00:01, 18.77it/s]
Stage2 Epoch 3/15:  80%|███████████████████████████████████████████████████████████████▊                | 67/84 [00:03<00:00, 18.75it/s]
Stage2 Epoch 3/15:  82%|█████████████████████████████████████████████████████████████████▋              | 69/84 [00:03<00:00, 18.76it/s]
Stage2 Epoch 3/15:  85%|███████████████████████████████████████████████████████████████████▌            | 71/84 [00:03<00:00, 18.71it/s]
Stage2 Epoch 3/15:  87%|█████████████████████████████████████████████████████████████████████▌          | 73/84 [00:04<00:00, 18.69it/s]
Stage2 Epoch 3/15:  89%|███████████████████████████████████████████████████████████████████████▍        | 75/84 [00:04<00:00, 18.69it/s]
Stage2 Epoch 3/15:  92%|█████████████████████████████████████████████████████████████████████████▎      | 77/84 [00:04<00:00, 18.70it/s]
Stage2 Epoch 3/15:  94%|███████████████████████████████████████████████████████████████████████████▏    | 79/84 [00:04<00:00, 18.73it/s]
Stage2 Epoch 3/15:  96%|█████████████████████████████████████████████████████████████████████████████▏  | 81/84 [00:04<00:00, 18.74it/s]
Stage2 Epoch 3/15:  99%|███████████████████████████████████████████████████████████████████████████████ | 83/84 [00:04<00:00, 18.76it/s]
Stage2 Epoch 3/15: 100%|████████████████████████████████████████████████████████████████████████████████| 84/84 [00:04<00:00, 18.00it/s]

Stage2 Epoch 4/15:   0%|                                                                                         | 0/84 [00:00<?, ?it/s]
Stage2 Epoch 4/15:   1%|▉                                                                                | 1/84 [00:00<00:19,  4.25it/s]
Stage2 Epoch 4/15:   4%|██▉                                                                              | 3/84 [00:00<00:08,  9.92it/s]
Stage2 Epoch 4/15:   6%|████▊                                                                            | 5/84 [00:00<00:06, 13.11it/s]
Stage2 Epoch 4/15:   8%|██████▊                                                                          | 7/84 [00:00<00:05, 15.05it/s]
Stage2 Epoch 4/15:  11%|████████▋                                                                        | 9/84 [00:00<00:04, 16.27it/s]
Stage2 Epoch 4/15:  13%|██████████▍                                                                     | 11/84 [00:00<00:04, 17.07it/s]
Stage2 Epoch 4/15:  15%|████████████▍                                                                   | 13/84 [00:00<00:04, 17.60it/s]
Stage2 Epoch 4/15:  18%|██████████████▎                                                                 | 15/84 [00:00<00:03, 17.97it/s]
Stage2 Epoch 4/15:  20%|████████████████▏                                                               | 17/84 [00:01<00:03, 18.14it/s]
Stage2 Epoch 4/15:  23%|██████████████████                                                              | 19/84 [00:01<00:03, 18.27it/s]
Stage2 Epoch 4/15:  25%|████████████████████                                                            | 21/84 [00:01<00:03, 18.41it/s]
Stage2 Epoch 4/15:  27%|█████████████████████▉                                                          | 23/84 [00:01<00:03, 18.52it/s]
Stage2 Epoch 4/15:  30%|███████████████████████▊                                                        | 25/84 [00:01<00:03, 18.60it/s]
Stage2 Epoch 4/15:  32%|█████████████████████████▋                                                      | 27/84 [00:01<00:03, 18.65it/s]
Stage2 Epoch 4/15:  35%|███████████████████████████▌                                                    | 29/84 [00:01<00:02, 18.68it/s]
Stage2 Epoch 4/15:  37%|█████████████████████████████▌                                                  | 31/84 [00:01<00:02, 18.72it/s]
Stage2 Epoch 4/15:  39%|███████████████████████████████▍                                                | 33/84 [00:01<00:02, 18.73it/s]
Stage2 Epoch 4/15:  42%|█████████████████████████████████▎                                              | 35/84 [00:02<00:02, 18.69it/s]
Stage2 Epoch 4/15:  44%|███████████████████████████████████▏                                            | 37/84 [00:02<00:02, 18.68it/s]
Stage2 Epoch 4/15:  46%|█████████████████████████████████████▏                                          | 39/84 [00:02<00:02, 18.66it/s]
Stage2 Epoch 4/15:  49%|███████████████████████████████████████                                         | 41/84 [00:02<00:02, 18.70it/s]
Stage2 Epoch 4/15:  51%|████████████████████████████████████████▉                                       | 43/84 [00:02<00:02, 18.70it/s]
Stage2 Epoch 4/15:  54%|██████████████████████████████████████████▊                                     | 45/84 [00:02<00:02, 18.72it/s]
Stage2 Epoch 4/15:  56%|████████████████████████████████████████████▊                                   | 47/84 [00:02<00:01, 18.73it/s]
Stage2 Epoch 4/15:  58%|██████████████████████████████████████████████▋                                 | 49/84 [00:02<00:01, 18.73it/s]
Stage2 Epoch 4/15:  61%|████████████████████████████████████████████████▌                               | 51/84 [00:02<00:01, 18.72it/s]
Stage2 Epoch 4/15:  63%|██████████████████████████████████████████████████▍                             | 53/84 [00:03<00:01, 18.70it/s]
Stage2 Epoch 4/15:  65%|████████████████████████████████████████████████████▍                           | 55/84 [00:03<00:01, 18.68it/s]
Stage2 Epoch 4/15:  68%|██████████████████████████████████████████████████████▎                         | 57/84 [00:03<00:01, 18.67it/s]
Stage2 Epoch 4/15:  70%|████████████████████████████████████████████████████████▏                       | 59/84 [00:03<00:01, 18.70it/s]
Stage2 Epoch 4/15:  73%|██████████████████████████████████████████████████████████                      | 61/84 [00:03<00:01, 18.70it/s]
Stage2 Epoch 4/15:  75%|████████████████████████████████████████████████████████████                    | 63/84 [00:03<00:01, 18.72it/s]
Stage2 Epoch 4/15:  77%|█████████████████████████████████████████████████████████████▉                  | 65/84 [00:03<00:01, 18.73it/s]
Stage2 Epoch 4/15:  80%|███████████████████████████████████████████████████████████████▊                | 67/84 [00:03<00:00, 18.75it/s]
Stage2 Epoch 4/15:  82%|█████████████████████████████████████████████████████████████████▋              | 69/84 [00:03<00:00, 18.74it/s]
Stage2 Epoch 4/15:  85%|███████████████████████████████████████████████████████████████████▌            | 71/84 [00:03<00:00, 18.72it/s]
Stage2 Epoch 4/15:  87%|█████████████████████████████████████████████████████████████████████▌          | 73/84 [00:04<00:00, 18.68it/s]
Stage2 Epoch 4/15:  89%|███████████████████████████████████████████████████████████████████████▍        | 75/84 [00:04<00:00, 18.68it/s]
Stage2 Epoch 4/15:  92%|█████████████████████████████████████████████████████████████████████████▎      | 77/84 [00:04<00:00, 18.68it/s]
Stage2 Epoch 4/15:  94%|███████████████████████████████████████████████████████████████████████████▏    | 79/84 [00:04<00:00, 18.71it/s]
Stage2 Epoch 4/15:  96%|█████████████████████████████████████████████████████████████████████████████▏  | 81/84 [00:04<00:00, 18.72it/s]
Stage2 Epoch 4/15:  99%|███████████████████████████████████████████████████████████████████████████████ | 83/84 [00:04<00:00, 18.75it/s]
Stage2 Epoch 4/15: 100%|████████████████████████████████████████████████████████████████████████████████| 84/84 [00:04<00:00, 17.91it/s]

Stage2 Epoch 5/15:   0%|                                                                                         | 0/84 [00:00<?, ?it/s]
Stage2 Epoch 5/15:   1%|▉                                                                                | 1/84 [00:00<00:17,  4.88it/s]
Stage2 Epoch 5/15:   4%|██▉                                                                              | 3/84 [00:00<00:07, 10.77it/s]
Stage2 Epoch 5/15:   6%|████▊                                                                            | 5/84 [00:00<00:05, 13.76it/s]
Stage2 Epoch 5/15:   8%|██████▊                                                                          | 7/84 [00:00<00:04, 15.50it/s]
Stage2 Epoch 5/15:  11%|████████▋                                                                        | 9/84 [00:00<00:04, 16.59it/s]
Stage2 Epoch 5/15:  13%|██████████▍                                                                     | 11/84 [00:00<00:04, 17.29it/s]
Stage2 Epoch 5/15:  15%|████████████▍                                                                   | 13/84 [00:00<00:03, 17.76it/s]
Stage2 Epoch 5/15:  18%|██████████████▎                                                                 | 15/84 [00:00<00:03, 18.08it/s]
Stage2 Epoch 5/15:  20%|████████████████▏                                                               | 17/84 [00:01<00:03, 18.19it/s]
Stage2 Epoch 5/15:  23%|██████████████████                                                              | 19/84 [00:01<00:03, 18.30it/s]
Stage2 Epoch 5/15:  25%|████████████████████                                                            | 21/84 [00:01<00:03, 18.43it/s]
Stage2 Epoch 5/15:  27%|█████████████████████▉                                                          | 23/84 [00:01<00:03, 18.52it/s]
Stage2 Epoch 5/15:  30%|███████████████████████▊                                                        | 25/84 [00:01<00:03, 18.61it/s]
Stage2 Epoch 5/15:  32%|█████████████████████████▋                                                      | 27/84 [00:01<00:03, 18.64it/s]
Stage2 Epoch 5/15:  35%|███████████████████████████▌                                                    | 29/84 [00:01<00:02, 18.66it/s]
Stage2 Epoch 5/15:  37%|█████████████████████████████▌                                                  | 31/84 [00:01<00:02, 18.69it/s]
Stage2 Epoch 5/15:  39%|███████████████████████████████▍                                                | 33/84 [00:01<00:02, 18.70it/s]
Stage2 Epoch 5/15:  42%|█████████████████████████████████▎                                              | 35/84 [00:02<00:02, 18.66it/s]
Stage2 Epoch 5/15:  44%|███████████████████████████████████▏                                            | 37/84 [00:02<00:02, 18.64it/s]
Stage2 Epoch 5/15:  46%|█████████████████████████████████████▏                                          | 39/84 [00:02<00:02, 18.64it/s]
Stage2 Epoch 5/15:  49%|███████████████████████████████████████                                         | 41/84 [00:02<00:02, 18.68it/s]
Stage2 Epoch 5/15:  51%|████████████████████████████████████████▉                                       | 43/84 [00:02<00:02, 18.69it/s]
Stage2 Epoch 5/15:  54%|██████████████████████████████████████████▊                                     | 45/84 [00:02<00:02, 18.69it/s]
Stage2 Epoch 5/15:  56%|████████████████████████████████████████████▊                                   | 47/84 [00:02<00:01, 18.73it/s]
Stage2 Epoch 5/15:  58%|██████████████████████████████████████████████▋                                 | 49/84 [00:02<00:01, 18.74it/s]
Stage2 Epoch 5/15:  61%|████████████████████████████████████████████████▌                               | 51/84 [00:02<00:01, 18.73it/s]
Stage2 Epoch 5/15:  63%|██████████████████████████████████████████████████▍                             | 53/84 [00:02<00:01, 18.70it/s]
Stage2 Epoch 5/15:  65%|████████████████████████████████████████████████████▍                           | 55/84 [00:03<00:01, 18.68it/s]
Stage2 Epoch 5/15:  68%|██████████████████████████████████████████████████████▎                         | 57/84 [00:03<00:01, 18.66it/s]
Stage2 Epoch 5/15:  70%|████████████████████████████████████████████████████████▏                       | 59/84 [00:03<00:01, 18.68it/s]
Stage2 Epoch 5/15:  73%|██████████████████████████████████████████████████████████                      | 61/84 [00:03<00:01, 18.69it/s]
Stage2 Epoch 5/15:  75%|████████████████████████████████████████████████████████████                    | 63/84 [00:03<00:01, 18.69it/s]
Stage2 Epoch 5/15:  77%|█████████████████████████████████████████████████████████████▉                  | 65/84 [00:03<00:01, 18.71it/s]
Stage2 Epoch 5/15:  80%|███████████████████████████████████████████████████████████████▊                | 67/84 [00:03<00:00, 18.71it/s]
Stage2 Epoch 5/15:  82%|█████████████████████████████████████████████████████████████████▋              | 69/84 [00:03<00:00, 18.71it/s]
Stage2 Epoch 5/15:  85%|███████████████████████████████████████████████████████████████████▌            | 71/84 [00:03<00:00, 18.70it/s]
Stage2 Epoch 5/15:  87%|█████████████████████████████████████████████████████████████████████▌          | 73/84 [00:04<00:00, 18.68it/s]
Stage2 Epoch 5/15:  89%|███████████████████████████████████████████████████████████████████████▍        | 75/84 [00:04<00:00, 18.66it/s]
Stage2 Epoch 5/15:  92%|█████████████████████████████████████████████████████████████████████████▎      | 77/84 [00:04<00:00, 18.66it/s]
Stage2 Epoch 5/15:  94%|███████████████████████████████████████████████████████████████████████████▏    | 79/84 [00:04<00:00, 18.68it/s]
Stage2 Epoch 5/15:  96%|█████████████████████████████████████████████████████████████████████████████▏  | 81/84 [00:04<00:00, 18.70it/s]
Stage2 Epoch 5/15:  99%|███████████████████████████████████████████████████████████████████████████████ | 83/84 [00:04<00:00, 18.72it/s]
Stage2 Epoch 5/15: 100%|████████████████████████████████████████████████████████████████████████████████| 84/84 [00:04<00:00, 18.01it/s]

Stage2 Epoch 6/15:   0%|                                                                                         | 0/84 [00:00<?, ?it/s]
Stage2 Epoch 6/15:   1%|▉                                                                                | 1/84 [00:00<00:18,  4.41it/s]
Stage2 Epoch 6/15:   4%|██▉                                                                              | 3/84 [00:00<00:07, 10.15it/s]
Stage2 Epoch 6/15:   6%|████▊                                                                            | 5/84 [00:00<00:05, 13.28it/s]
Stage2 Epoch 6/15:   8%|██████▊                                                                          | 7/84 [00:00<00:05, 15.12it/s]
Stage2 Epoch 6/15:  11%|████████▋                                                                        | 9/84 [00:00<00:04, 16.29it/s]
Stage2 Epoch 6/15:  13%|██████████▍                                                                     | 11/84 [00:00<00:04, 17.07it/s]
Stage2 Epoch 6/15:  15%|████████████▍                                                                   | 13/84 [00:00<00:04, 17.60it/s]
Stage2 Epoch 6/15:  18%|██████████████▎                                                                 | 15/84 [00:00<00:03, 17.95it/s]
Stage2 Epoch 6/15:  20%|████████████████▏                                                               | 17/84 [00:01<00:03, 18.08it/s]
Stage2 Epoch 6/15:  23%|██████████████████                                                              | 19/84 [00:01<00:03, 18.17it/s]
Stage2 Epoch 6/15:  25%|████████████████████                                                            | 21/84 [00:01<00:03, 18.32it/s]
Stage2 Epoch 6/15:  27%|█████████████████████▉                                                          | 23/84 [00:01<00:03, 18.44it/s]
Stage2 Epoch 6/15:  30%|███████████████████████▊                                                        | 25/84 [00:01<00:03, 18.52it/s]
Stage2 Epoch 6/15:  32%|█████████████████████████▋                                                      | 27/84 [00:01<00:03, 18.60it/s]
Stage2 Epoch 6/15:  35%|███████████████████████████▌                                                    | 29/84 [00:01<00:02, 18.64it/s]
Stage2 Epoch 6/15:  37%|█████████████████████████████▌                                                  | 31/84 [00:01<00:02, 18.66it/s]
Stage2 Epoch 6/15:  39%|███████████████████████████████▍                                                | 33/84 [00:01<00:02, 18.68it/s]
Stage2 Epoch 6/15:  42%|█████████████████████████████████▎                                              | 35/84 [00:02<00:02, 18.62it/s]
Stage2 Epoch 6/15:  44%|███████████████████████████████████▏                                            | 37/84 [00:02<00:02, 18.60it/s]
Stage2 Epoch 6/15:  46%|█████████████████████████████████████▏                                          | 39/84 [00:02<00:02, 18.60it/s]
Stage2 Epoch 6/15:  49%|███████████████████████████████████████                                         | 41/84 [00:02<00:02, 18.61it/s]
Stage2 Epoch 6/15:  51%|████████████████████████████████████████▉                                       | 43/84 [00:02<00:02, 18.64it/s]
Stage2 Epoch 6/15:  54%|██████████████████████████████████████████▊                                     | 45/84 [00:02<00:02, 18.66it/s]
Stage2 Epoch 6/15:  56%|████████████████████████████████████████████▊                                   | 47/84 [00:02<00:01, 18.65it/s]
Stage2 Epoch 6/15:  58%|██████████████████████████████████████████████▋                                 | 49/84 [00:02<00:01, 18.67it/s]
Stage2 Epoch 6/15:  61%|████████████████████████████████████████████████▌                               | 51/84 [00:02<00:01, 18.67it/s]
Stage2 Epoch 6/15:  63%|██████████████████████████████████████████████████▍                             | 53/84 [00:03<00:01, 18.63it/s]
Stage2 Epoch 6/15:  65%|████████████████████████████████████████████████████▍                           | 55/84 [00:03<00:01, 18.62it/s]
Stage2 Epoch 6/15:  68%|██████████████████████████████████████████████████████▎                         | 57/84 [00:03<00:01, 18.61it/s]
Stage2 Epoch 6/15:  70%|████████████████████████████████████████████████████████▏                       | 59/84 [00:03<00:01, 18.63it/s]
Stage2 Epoch 6/15:  73%|██████████████████████████████████████████████████████████                      | 61/84 [00:03<00:01, 18.64it/s]
Stage2 Epoch 6/15:  75%|████████████████████████████████████████████████████████████                    | 63/84 [00:03<00:01, 18.64it/s]
Stage2 Epoch 6/15:  77%|█████████████████████████████████████████████████████████████▉                  | 65/84 [00:03<00:01, 18.66it/s]
Stage2 Epoch 6/15:  80%|███████████████████████████████████████████████████████████████▊                | 67/84 [00:03<00:00, 18.68it/s]
Stage2 Epoch 6/15:  82%|█████████████████████████████████████████████████████████████████▋              | 69/84 [00:03<00:00, 18.67it/s]
Stage2 Epoch 6/15:  85%|███████████████████████████████████████████████████████████████████▌            | 71/84 [00:03<00:00, 18.65it/s]
Stage2 Epoch 6/15:  87%|█████████████████████████████████████████████████████████████████████▌          | 73/84 [00:04<00:00, 18.64it/s]
Stage2 Epoch 6/15:  89%|███████████████████████████████████████████████████████████████████████▍        | 75/84 [00:04<00:00, 18.62it/s]
Stage2 Epoch 6/15:  92%|█████████████████████████████████████████████████████████████████████████▎      | 77/84 [00:04<00:00, 18.64it/s]
Stage2 Epoch 6/15:  94%|███████████████████████████████████████████████████████████████████████████▏    | 79/84 [00:04<00:00, 18.66it/s]
Stage2 Epoch 6/15:  96%|█████████████████████████████████████████████████████████████████████████████▏  | 81/84 [00:04<00:00, 18.68it/s]
Stage2 Epoch 6/15:  99%|███████████████████████████████████████████████████████████████████████████████ | 83/84 [00:04<00:00, 18.69it/s]
Stage2 Epoch 6/15: 100%|████████████████████████████████████████████████████████████████████████████████| 84/84 [00:04<00:00, 17.89it/s]

Stage2 Epoch 7/15:   0%|                                                                                         | 0/84 [00:00<?, ?it/s]
Stage2 Epoch 7/15:   1%|▉                                                                                | 1/84 [00:00<00:16,  5.00it/s]
Stage2 Epoch 7/15:   4%|██▉                                                                              | 3/84 [00:00<00:07, 10.85it/s]
Stage2 Epoch 7/15:   6%|████▊                                                                            | 5/84 [00:00<00:05, 13.82it/s]
Stage2 Epoch 7/15:   8%|██████▊                                                                          | 7/84 [00:00<00:04, 15.54it/s]
Stage2 Epoch 7/15:  11%|████████▋                                                                        | 9/84 [00:00<00:04, 16.60it/s]
Stage2 Epoch 7/15:  13%|██████████▍                                                                     | 11/84 [00:00<00:04, 17.29it/s]
Stage2 Epoch 7/15:  15%|████████████▍                                                                   | 13/84 [00:00<00:04, 17.73it/s]
Stage2 Epoch 7/15:  18%|██████████████▎                                                                 | 15/84 [00:00<00:03, 18.02it/s]
Stage2 Epoch 7/15:  20%|████████████████▏                                                               | 17/84 [00:01<00:03, 18.13it/s]
Stage2 Epoch 7/15:  23%|██████████████████                                                              | 19/84 [00:01<00:03, 18.24it/s]
Stage2 Epoch 7/15:  25%|████████████████████                                                            | 21/84 [00:01<00:03, 18.32it/s]
Stage2 Epoch 7/15:  27%|█████████████████████▉                                                          | 23/84 [00:01<00:03, 18.39it/s]
Stage2 Epoch 7/15:  30%|███████████████████████▊                                                        | 25/84 [00:01<00:03, 18.46it/s]
Stage2 Epoch 7/15:  32%|█████████████████████████▋                                                      | 27/84 [00:01<00:03, 18.54it/s]
Stage2 Epoch 7/15:  35%|███████████████████████████▌                                                    | 29/84 [00:01<00:02, 18.57it/s]
Stage2 Epoch 7/15:  37%|█████████████████████████████▌                                                  | 31/84 [00:01<00:02, 18.59it/s]
Stage2 Epoch 7/15:  39%|███████████████████████████████▍                                                | 33/84 [00:01<00:02, 18.59it/s]
Stage2 Epoch 7/15:  42%|█████████████████████████████████▎                                              | 35/84 [00:02<00:02, 18.56it/s]
Stage2 Epoch 7/15:  44%|███████████████████████████████████▏                                            | 37/84 [00:02<00:02, 18.56it/s]
Stage2 Epoch 7/15:  46%|█████████████████████████████████████▏                                          | 39/84 [00:02<00:02, 18.57it/s]
Stage2 Epoch 7/15:  49%|███████████████████████████████████████                                         | 41/84 [00:02<00:02, 18.59it/s]
Stage2 Epoch 7/15:  51%|████████████████████████████████████████▉                                       | 43/84 [00:02<00:02, 18.61it/s]
Stage2 Epoch 7/15:  54%|██████████████████████████████████████████▊                                     | 45/84 [00:02<00:02, 18.62it/s]
Stage2 Epoch 7/15:  56%|████████████████████████████████████████████▊                                   | 47/84 [00:02<00:01, 18.63it/s]
Stage2 Epoch 7/15:  58%|██████████████████████████████████████████████▋                                 | 49/84 [00:02<00:01, 18.65it/s]
Stage2 Epoch 7/15:  61%|████████████████████████████████████████████████▌                               | 51/84 [00:02<00:01, 18.65it/s]
Stage2 Epoch 7/15:  63%|██████████████████████████████████████████████████▍                             | 53/84 [00:02<00:01, 18.61it/s]
Stage2 Epoch 7/15:  65%|████████████████████████████████████████████████████▍                           | 55/84 [00:03<00:01, 18.59it/s]
Stage2 Epoch 7/15:  68%|██████████████████████████████████████████████████████▎                         | 57/84 [00:03<00:01, 18.57it/s]
Stage2 Epoch 7/15:  70%|████████████████████████████████████████████████████████▏                       | 59/84 [00:03<00:01, 18.57it/s]
Stage2 Epoch 7/15:  73%|██████████████████████████████████████████████████████████                      | 61/84 [00:03<00:01, 18.58it/s]
Stage2 Epoch 7/15:  75%|████████████████████████████████████████████████████████████                    | 63/84 [00:03<00:01, 18.59it/s]
Stage2 Epoch 7/15:  77%|█████████████████████████████████████████████████████████████▉                  | 65/84 [00:03<00:01, 18.62it/s]
Stage2 Epoch 7/15:  80%|███████████████████████████████████████████████████████████████▊                | 67/84 [00:03<00:00, 18.61it/s]
Stage2 Epoch 7/15:  82%|█████████████████████████████████████████████████████████████████▋              | 69/84 [00:03<00:00, 18.62it/s]
Stage2 Epoch 7/15:  85%|███████████████████████████████████████████████████████████████████▌            | 71/84 [00:03<00:00, 18.61it/s]
Stage2 Epoch 7/15:  87%|█████████████████████████████████████████████████████████████████████▌          | 73/84 [00:04<00:00, 18.58it/s]
Stage2 Epoch 7/15:  89%|███████████████████████████████████████████████████████████████████████▍        | 75/84 [00:04<00:00, 18.58it/s]
Stage2 Epoch 7/15:  92%|█████████████████████████████████████████████████████████████████████████▎      | 77/84 [00:04<00:00, 18.58it/s]
Stage2 Epoch 7/15:  94%|███████████████████████████████████████████████████████████████████████████▏    | 79/84 [00:04<00:00, 18.61it/s]
Stage2 Epoch 7/15:  96%|█████████████████████████████████████████████████████████████████████████████▏  | 81/84 [00:04<00:00, 18.63it/s]
Stage2 Epoch 7/15:  99%|███████████████████████████████████████████████████████████████████████████████ | 83/84 [00:04<00:00, 18.64it/s]
Stage2 Epoch 7/15: 100%|████████████████████████████████████████████████████████████████████████████████| 84/84 [00:04<00:00, 17.93it/s]

Stage2 Epoch 8/15:   0%|                                                                                         | 0/84 [00:00<?, ?it/s]
Stage2 Epoch 8/15:   1%|▉                                                                                | 1/84 [00:00<00:17,  4.78it/s]
Stage2 Epoch 8/15:   4%|██▉                                                                              | 3/84 [00:00<00:07, 10.64it/s]
Stage2 Epoch 8/15:   6%|████▊                                                                            | 5/84 [00:00<00:05, 13.67it/s]
Stage2 Epoch 8/15:   8%|██████▊                                                                          | 7/84 [00:00<00:05, 15.39it/s]
Stage2 Epoch 8/15:  11%|████████▋                                                                        | 9/84 [00:00<00:04, 16.49it/s]
Stage2 Epoch 8/15:  13%|██████████▍                                                                     | 11/84 [00:00<00:04, 17.20it/s]
Stage2 Epoch 8/15:  15%|████████████▍                                                                   | 13/84 [00:00<00:04, 17.64it/s]
Stage2 Epoch 8/15:  18%|██████████████▎                                                                 | 15/84 [00:00<00:03, 17.97it/s]
Stage2 Epoch 8/15:  20%|████████████████▏                                                               | 17/84 [00:01<00:03, 18.09it/s]
Stage2 Epoch 8/15:  23%|██████████████████                                                              | 19/84 [00:01<00:03, 18.21it/s]
Stage2 Epoch 8/15:  25%|████████████████████                                                            | 21/84 [00:01<00:03, 18.35it/s]
Stage2 Epoch 8/15:  27%|█████████████████████▉                                                          | 23/84 [00:01<00:03, 18.44it/s]
Stage2 Epoch 8/15:  30%|███████████████████████▊                                                        | 25/84 [00:01<00:03, 18.52it/s]
Stage2 Epoch 8/15:  32%|█████████████████████████▋                                                      | 27/84 [00:01<00:03, 18.55it/s]
Stage2 Epoch 8/15:  35%|███████████████████████████▌                                                    | 29/84 [00:01<00:02, 18.57it/s]
Stage2 Epoch 8/15:  37%|█████████████████████████████▌                                                  | 31/84 [00:01<00:02, 18.60it/s]
Stage2 Epoch 8/15:  39%|███████████████████████████████▍                                                | 33/84 [00:01<00:02, 18.61it/s]
Stage2 Epoch 8/15:  42%|█████████████████████████████████▎                                              | 35/84 [00:02<00:02, 18.55it/s]
Stage2 Epoch 8/15:  44%|███████████████████████████████████▏                                            | 37/84 [00:02<00:02, 18.51it/s]
Stage2 Epoch 8/15:  46%|█████████████████████████████████████▏                                          | 39/84 [00:02<00:02, 18.50it/s]
Stage2 Epoch 8/15:  49%|███████████████████████████████████████                                         | 41/84 [00:02<00:02, 18.54it/s]
Stage2 Epoch 8/15:  51%|████████████████████████████████████████▉                                       | 43/84 [00:02<00:02, 18.57it/s]
Stage2 Epoch 8/15:  54%|██████████████████████████████████████████▊                                     | 45/84 [00:02<00:02, 18.59it/s]
Stage2 Epoch 8/15:  56%|████████████████████████████████████████████▊                                   | 47/84 [00:02<00:01, 18.61it/s]
Stage2 Epoch 8/15:  58%|██████████████████████████████████████████████▋                                 | 49/84 [00:02<00:01, 18.62it/s]
Stage2 Epoch 8/15:  61%|████████████████████████████████████████████████▌                               | 51/84 [00:02<00:01, 18.61it/s]
Stage2 Epoch 8/15:  63%|██████████████████████████████████████████████████▍                             | 53/84 [00:03<00:01, 18.60it/s]
Stage2 Epoch 8/15:  65%|████████████████████████████████████████████████████▍                           | 55/84 [00:03<00:01, 18.57it/s]
Stage2 Epoch 8/15:  68%|██████████████████████████████████████████████████████▎                         | 57/84 [00:03<00:01, 18.58it/s]
Stage2 Epoch 8/15:  70%|████████████████████████████████████████████████████████▏                       | 59/84 [00:03<00:01, 18.58it/s]
Stage2 Epoch 8/15:  73%|██████████████████████████████████████████████████████████                      | 61/84 [00:03<00:01, 18.58it/s]
Stage2 Epoch 8/15:  75%|████████████████████████████████████████████████████████████                    | 63/84 [00:03<00:01, 18.60it/s]
Stage2 Epoch 8/15:  77%|█████████████████████████████████████████████████████████████▉                  | 65/84 [00:03<00:01, 18.60it/s]
Stage2 Epoch 8/15:  80%|███████████████████████████████████████████████████████████████▊                | 67/84 [00:03<00:00, 18.61it/s]
Stage2 Epoch 8/15:  82%|█████████████████████████████████████████████████████████████████▋              | 69/84 [00:03<00:00, 18.59it/s]
Stage2 Epoch 8/15:  85%|███████████████████████████████████████████████████████████████████▌            | 71/84 [00:03<00:00, 18.57it/s]
Stage2 Epoch 8/15:  87%|█████████████████████████████████████████████████████████████████████▌          | 73/84 [00:04<00:00, 18.55it/s]
Stage2 Epoch 8/15:  89%|███████████████████████████████████████████████████████████████████████▍        | 75/84 [00:04<00:00, 18.52it/s]
Stage2 Epoch 8/15:  92%|█████████████████████████████████████████████████████████████████████████▎      | 77/84 [00:04<00:00, 18.53it/s]
Stage2 Epoch 8/15:  94%|███████████████████████████████████████████████████████████████████████████▏    | 79/84 [00:04<00:00, 18.55it/s]
Stage2 Epoch 8/15:  96%|█████████████████████████████████████████████████████████████████████████████▏  | 81/84 [00:04<00:00, 18.59it/s]
Stage2 Epoch 8/15:  99%|███████████████████████████████████████████████████████████████████████████████ | 83/84 [00:04<00:00, 18.61it/s]
Stage2 Epoch 8/15: 100%|████████████████████████████████████████████████████████████████████████████████| 84/84 [00:04<00:00, 17.88it/s]

Stage2 Epoch 9/15:   0%|                                                                                         | 0/84 [00:00<?, ?it/s]
Stage2 Epoch 9/15:   1%|▉                                                                                | 1/84 [00:00<00:16,  5.12it/s]
Stage2 Epoch 9/15:   4%|██▉                                                                              | 3/84 [00:00<00:07, 11.08it/s]
Stage2 Epoch 9/15:   6%|████▊                                                                            | 5/84 [00:00<00:05, 14.01it/s]
Stage2 Epoch 9/15:   8%|██████▊                                                                          | 7/84 [00:00<00:04, 15.66it/s]
Stage2 Epoch 9/15:  11%|████████▋                                                                        | 9/84 [00:00<00:04, 16.67it/s]
Stage2 Epoch 9/15:  13%|██████████▍                                                                     | 11/84 [00:00<00:04, 17.31it/s]
Stage2 Epoch 9/15:  15%|████████████▍                                                                   | 13/84 [00:00<00:04, 17.73it/s]
Stage2 Epoch 9/15:  18%|██████████████▎                                                                 | 15/84 [00:00<00:03, 17.99it/s]
Stage2 Epoch 9/15:  20%|████████████████▏                                                               | 17/84 [00:01<00:03, 18.06it/s]
Stage2 Epoch 9/15:  23%|██████████████████                                                              | 19/84 [00:01<00:03, 18.20it/s]
Stage2 Epoch 9/15:  25%|████████████████████                                                            | 21/84 [00:01<00:03, 18.32it/s]
Stage2 Epoch 9/15:  27%|█████████████████████▉                                                          | 23/84 [00:01<00:03, 18.43it/s]
Stage2 Epoch 9/15:  30%|███████████████████████▊                                                        | 25/84 [00:01<00:03, 18.50it/s]
Stage2 Epoch 9/15:  32%|█████████████████████████▋                                                      | 27/84 [00:01<00:03, 18.55it/s]
Stage2 Epoch 9/15:  35%|███████████████████████████▌                                                    | 29/84 [00:01<00:02, 18.59it/s]
Stage2 Epoch 9/15:  37%|█████████████████████████████▌                                                  | 31/84 [00:01<00:02, 18.61it/s]
Stage2 Epoch 9/15:  39%|███████████████████████████████▍                                                | 33/84 [00:01<00:02, 18.61it/s]
Stage2 Epoch 9/15:  42%|█████████████████████████████████▎                                              | 35/84 [00:02<00:02, 18.58it/s]
Stage2 Epoch 9/15:  44%|███████████████████████████████████▏                                            | 37/84 [00:02<00:02, 18.56it/s]
Stage2 Epoch 9/15:  46%|█████████████████████████████████████▏                                          | 39/84 [00:02<00:02, 18.58it/s]
Stage2 Epoch 9/15:  49%|███████████████████████████████████████                                         | 41/84 [00:02<00:02, 18.60it/s]
Stage2 Epoch 9/15:  51%|████████████████████████████████████████▉                                       | 43/84 [00:02<00:02, 18.62it/s]
Stage2 Epoch 9/15:  54%|██████████████████████████████████████████▊                                     | 45/84 [00:02<00:02, 18.64it/s]
Stage2 Epoch 9/15:  56%|████████████████████████████████████████████▊                                   | 47/84 [00:02<00:02, 18.49it/s]
Stage2 Epoch 9/15:  58%|██████████████████████████████████████████████▋                                 | 49/84 [00:02<00:01, 18.52it/s]
Stage2 Epoch 9/15:  61%|████████████████████████████████████████████████▌                               | 51/84 [00:02<00:01, 18.49it/s]
Stage2 Epoch 9/15:  63%|██████████████████████████████████████████████████▍                             | 53/84 [00:02<00:01, 18.48it/s]
Stage2 Epoch 9/15:  65%|████████████████████████████████████████████████████▍                           | 55/84 [00:03<00:01, 18.51it/s]
Stage2 Epoch 9/15:  68%|██████████████████████████████████████████████████████▎                         | 57/84 [00:03<00:01, 18.51it/s]
Stage2 Epoch 9/15:  70%|████████████████████████████████████████████████████████▏                       | 59/84 [00:03<00:01, 18.55it/s]
Stage2 Epoch 9/15:  73%|██████████████████████████████████████████████████████████                      | 61/84 [00:03<00:01, 18.57it/s]
Stage2 Epoch 9/15:  75%|████████████████████████████████████████████████████████████                    | 63/84 [00:03<00:01, 18.58it/s]
Stage2 Epoch 9/15:  77%|█████████████████████████████████████████████████████████████▉                  | 65/84 [00:03<00:01, 18.62it/s]
Stage2 Epoch 9/15:  80%|███████████████████████████████████████████████████████████████▊                | 67/84 [00:03<00:00, 18.62it/s]
Stage2 Epoch 9/15:  82%|█████████████████████████████████████████████████████████████████▋              | 69/84 [00:03<00:00, 18.61it/s]
Stage2 Epoch 9/15:  85%|███████████████████████████████████████████████████████████████████▌            | 71/84 [00:03<00:00, 18.61it/s]
Stage2 Epoch 9/15:  87%|█████████████████████████████████████████████████████████████████████▌          | 73/84 [00:04<00:00, 18.59it/s]
Stage2 Epoch 9/15:  89%|███████████████████████████████████████████████████████████████████████▍        | 75/84 [00:04<00:00, 18.58it/s]
Stage2 Epoch 9/15:  92%|█████████████████████████████████████████████████████████████████████████▎      | 77/84 [00:04<00:00, 18.60it/s]
Stage2 Epoch 9/15:  94%|███████████████████████████████████████████████████████████████████████████▏    | 79/84 [00:04<00:00, 18.62it/s]
Stage2 Epoch 9/15:  96%|█████████████████████████████████████████████████████████████████████████████▏  | 81/84 [00:04<00:00, 18.63it/s]
Stage2 Epoch 9/15:  99%|███████████████████████████████████████████████████████████████████████████████ | 83/84 [00:04<00:00, 18.65it/s]
Stage2 Epoch 9/15: 100%|████████████████████████████████████████████████████████████████████████████████| 84/84 [00:04<00:00, 17.93it/s]

Stage2 Epoch 10/15:   0%|                                                                                        | 0/84 [00:00<?, ?it/s]
Stage2 Epoch 10/15:   1%|▉                                                                               | 1/84 [00:00<00:16,  4.96it/s]
Stage2 Epoch 10/15:   4%|██▊                                                                             | 3/84 [00:00<00:07, 10.87it/s]
Stage2 Epoch 10/15:   6%|████▊                                                                           | 5/84 [00:00<00:05, 13.83it/s]
Stage2 Epoch 10/15:   8%|██████▋                                                                         | 7/84 [00:00<00:04, 15.54it/s]
Stage2 Epoch 10/15:  11%|████████▌                                                                       | 9/84 [00:00<00:04, 16.58it/s]
Stage2 Epoch 10/15:  13%|██████████▎                                                                    | 11/84 [00:00<00:04, 17.25it/s]
Stage2 Epoch 10/15:  15%|████████████▏                                                                  | 13/84 [00:00<00:04, 17.69it/s]
Stage2 Epoch 10/15:  18%|██████████████                                                                 | 15/84 [00:00<00:03, 18.01it/s]
Stage2 Epoch 10/15:  20%|███████████████▉                                                               | 17/84 [00:01<00:03, 18.13it/s]
Stage2 Epoch 10/15:  23%|█████████████████▊                                                             | 19/84 [00:01<00:03, 18.25it/s]
Stage2 Epoch 10/15:  25%|███████████████████▊                                                           | 21/84 [00:01<00:03, 18.37it/s]
Stage2 Epoch 10/15:  27%|█████████████████████▋                                                         | 23/84 [00:01<00:03, 18.45it/s]
Stage2 Epoch 10/15:  30%|███████████████████████▌                                                       | 25/84 [00:01<00:03, 18.51it/s]
Stage2 Epoch 10/15:  32%|█████████████████████████▍                                                     | 27/84 [00:01<00:03, 18.55it/s]
Stage2 Epoch 10/15:  35%|███████████████████████████▎                                                   | 29/84 [00:01<00:02, 18.58it/s]
Stage2 Epoch 10/15:  37%|█████████████████████████████▏                                                 | 31/84 [00:01<00:02, 18.60it/s]
Stage2 Epoch 10/15:  39%|███████████████████████████████                                                | 33/84 [00:01<00:02, 18.62it/s]
Stage2 Epoch 10/15:  42%|████████████████████████████████▉                                              | 35/84 [00:02<00:02, 18.60it/s]
Stage2 Epoch 10/15:  44%|██████████████████████████████████▊                                            | 37/84 [00:02<00:02, 18.58it/s]
Stage2 Epoch 10/15:  46%|████████████████████████████████████▋                                          | 39/84 [00:02<00:02, 18.57it/s]
Stage2 Epoch 10/15:  49%|██████████████████████████████████████▌                                        | 41/84 [00:02<00:02, 18.57it/s]
Stage2 Epoch 10/15:  51%|████████████████████████████████████████▍                                      | 43/84 [00:02<00:02, 18.58it/s]
Stage2 Epoch 10/15:  54%|██████████████████████████████████████████▎                                    | 45/84 [00:02<00:02, 18.59it/s]
Stage2 Epoch 10/15:  56%|████████████████████████████████████████████▏                                  | 47/84 [00:02<00:01, 18.62it/s]
Stage2 Epoch 10/15:  58%|██████████████████████████████████████████████                                 | 49/84 [00:02<00:01, 18.63it/s]
Stage2 Epoch 10/15:  61%|███████████████████████████████████████████████▉                               | 51/84 [00:02<00:01, 18.63it/s]
Stage2 Epoch 10/15:  63%|█████████████████████████████████████████████████▊                             | 53/84 [00:02<00:01, 18.60it/s]
Stage2 Epoch 10/15:  65%|███████████████████████████████████████████████████▋                           | 55/84 [00:03<00:01, 18.58it/s]
Stage2 Epoch 10/15:  68%|█████████████████████████████████████████████████████▌                         | 57/84 [00:03<00:01, 18.58it/s]
Stage2 Epoch 10/15:  70%|███████████████████████████████████████████████████████▍                       | 59/84 [00:03<00:01, 18.59it/s]
Stage2 Epoch 10/15:  73%|█████████████████████████████████████████████████████████▎                     | 61/84 [00:03<00:01, 18.60it/s]
Stage2 Epoch 10/15:  75%|███████████████████████████████████████████████████████████▎                   | 63/84 [00:03<00:01, 18.61it/s]
Stage2 Epoch 10/15:  77%|█████████████████████████████████████████████████████████████▏                 | 65/84 [00:03<00:01, 18.60it/s]
Stage2 Epoch 10/15:  80%|███████████████████████████████████████████████████████████████                | 67/84 [00:03<00:00, 18.59it/s]
Stage2 Epoch 10/15:  82%|████████████████████████████████████████████████████████████████▉              | 69/84 [00:03<00:00, 18.59it/s]
Stage2 Epoch 10/15:  85%|██████████████████████████████████████████████████████████████████▊            | 71/84 [00:03<00:00, 18.58it/s]
Stage2 Epoch 10/15:  87%|████████████████████████████████████████████████████████████████████▋          | 73/84 [00:04<00:00, 18.53it/s]
Stage2 Epoch 10/15:  89%|██████████████████████████████████████████████████████████████████████▌        | 75/84 [00:04<00:00, 18.54it/s]
Stage2 Epoch 10/15:  92%|████████████████████████████████████████████████████████████████████████▍      | 77/84 [00:04<00:00, 18.55it/s]
Stage2 Epoch 10/15:  94%|██████████████████████████████████████████████████████████████████████████▎    | 79/84 [00:04<00:00, 18.59it/s]
Stage2 Epoch 10/15:  96%|████████████████████████████████████████████████████████████████████████████▏  | 81/84 [00:04<00:00, 18.61it/s]
Stage2 Epoch 10/15:  99%|██████████████████████████████████████████████████████████████████████████████ | 83/84 [00:04<00:00, 18.64it/s]
Stage2 Epoch 10/15: 100%|███████████████████████████████████████████████████████████████████████████████| 84/84 [00:04<00:00, 17.92it/s]

Stage2 Epoch 11/15:   0%|                                                                                        | 0/84 [00:00<?, ?it/s]
Stage2 Epoch 11/15:   1%|▉                                                                               | 1/84 [00:00<00:16,  5.18it/s]
Stage2 Epoch 11/15:   4%|██▊                                                                             | 3/84 [00:00<00:07, 10.76it/s]
Stage2 Epoch 11/15:   6%|████▊                                                                           | 5/84 [00:00<00:05, 13.76it/s]
Stage2 Epoch 11/15:   8%|██████▋                                                                         | 7/84 [00:00<00:04, 15.47it/s]
Stage2 Epoch 11/15:  11%|████████▌                                                                       | 9/84 [00:00<00:04, 16.52it/s]
Stage2 Epoch 11/15:  13%|██████████▎                                                                    | 11/84 [00:00<00:04, 17.21it/s]
Stage2 Epoch 11/15:  15%|████████████▏                                                                  | 13/84 [00:00<00:04, 17.65it/s]
Stage2 Epoch 11/15:  18%|██████████████                                                                 | 15/84 [00:00<00:03, 17.95it/s]
Stage2 Epoch 11/15:  20%|███████████████▉                                                               | 17/84 [00:01<00:03, 18.07it/s]
Stage2 Epoch 11/15:  23%|█████████████████▊                                                             | 19/84 [00:01<00:03, 18.21it/s]
Stage2 Epoch 11/15:  25%|███████████████████▊                                                           | 21/84 [00:01<00:03, 18.35it/s]
Stage2 Epoch 11/15:  27%|█████████████████████▋                                                         | 23/84 [00:01<00:03, 18.43it/s]
Stage2 Epoch 11/15:  30%|███████████████████████▌                                                       | 25/84 [00:01<00:03, 18.50it/s]
Stage2 Epoch 11/15:  32%|█████████████████████████▍                                                     | 27/84 [00:01<00:03, 18.54it/s]
Stage2 Epoch 11/15:  35%|███████████████████████████▎                                                   | 29/84 [00:01<00:02, 18.57it/s]
Stage2 Epoch 11/15:  37%|█████████████████████████████▏                                                 | 31/84 [00:01<00:02, 18.60it/s]
Stage2 Epoch 11/15:  39%|███████████████████████████████                                                | 33/84 [00:01<00:02, 18.60it/s]
Stage2 Epoch 11/15:  42%|████████████████████████████████▉                                              | 35/84 [00:02<00:02, 18.56it/s]
Stage2 Epoch 11/15:  44%|██████████████████████████████████▊                                            | 37/84 [00:02<00:02, 18.57it/s]
Stage2 Epoch 11/15:  46%|████████████████████████████████████▋                                          | 39/84 [00:02<00:02, 18.57it/s]
Stage2 Epoch 11/15:  49%|██████████████████████████████████████▌                                        | 41/84 [00:02<00:02, 18.58it/s]
Stage2 Epoch 11/15:  51%|████████████████████████████████████████▍                                      | 43/84 [00:02<00:02, 18.57it/s]
Stage2 Epoch 11/15:  54%|██████████████████████████████████████████▎                                    | 45/84 [00:02<00:02, 18.56it/s]
Stage2 Epoch 11/15:  56%|████████████████████████████████████████████▏                                  | 47/84 [00:02<00:01, 18.58it/s]
Stage2 Epoch 11/15:  58%|██████████████████████████████████████████████                                 | 49/84 [00:02<00:01, 18.58it/s]
Stage2 Epoch 11/15:  61%|███████████████████████████████████████████████▉                               | 51/84 [00:02<00:01, 18.59it/s]
Stage2 Epoch 11/15:  63%|█████████████████████████████████████████████████▊                             | 53/84 [00:02<00:01, 18.58it/s]
Stage2 Epoch 11/15:  65%|███████████████████████████████████████████████████▋                           | 55/84 [00:03<00:01, 18.57it/s]
Stage2 Epoch 11/15:  68%|█████████████████████████████████████████████████████▌                         | 57/84 [00:03<00:01, 18.58it/s]
Stage2 Epoch 11/15:  70%|███████████████████████████████████████████████████████▍                       | 59/84 [00:03<00:01, 18.57it/s]
Stage2 Epoch 11/15:  73%|█████████████████████████████████████████████████████████▎                     | 61/84 [00:03<00:01, 18.54it/s]
Stage2 Epoch 11/15:  75%|███████████████████████████████████████████████████████████▎                   | 63/84 [00:03<00:01, 18.56it/s]
Stage2 Epoch 11/15:  77%|█████████████████████████████████████████████████████████████▏                 | 65/84 [00:03<00:01, 18.57it/s]
Stage2 Epoch 11/15:  80%|███████████████████████████████████████████████████████████████                | 67/84 [00:03<00:00, 18.59it/s]
Stage2 Epoch 11/15:  82%|████████████████████████████████████████████████████████████████▉              | 69/84 [00:03<00:00, 18.57it/s]
Stage2 Epoch 11/15:  85%|██████████████████████████████████████████████████████████████████▊            | 71/84 [00:03<00:00, 18.55it/s]
Stage2 Epoch 11/15:  87%|████████████████████████████████████████████████████████████████████▋          | 73/84 [00:04<00:00, 18.57it/s]
Stage2 Epoch 11/15:  89%|██████████████████████████████████████████████████████████████████████▌        | 75/84 [00:04<00:00, 18.58it/s]
Stage2 Epoch 11/15:  92%|████████████████████████████████████████████████████████████████████████▍      | 77/84 [00:04<00:00, 18.57it/s]
Stage2 Epoch 11/15:  94%|██████████████████████████████████████████████████████████████████████████▎    | 79/84 [00:04<00:00, 18.59it/s]
Stage2 Epoch 11/15:  96%|████████████████████████████████████████████████████████████████████████████▏  | 81/84 [00:04<00:00, 18.59it/s]
Stage2 Epoch 11/15:  99%|██████████████████████████████████████████████████████████████████████████████ | 83/84 [00:04<00:00, 18.61it/s]
Stage2 Epoch 11/15: 100%|███████████████████████████████████████████████████████████████████████████████| 84/84 [00:04<00:00, 17.93it/s]

Stage2 Epoch 12/15:   0%|                                                                                        | 0/84 [00:00<?, ?it/s]
Stage2 Epoch 12/15:   1%|▉                                                                               | 1/84 [00:00<00:17,  4.67it/s]
Stage2 Epoch 12/15:   4%|██▊                                                                             | 3/84 [00:00<00:07, 10.46it/s]
Stage2 Epoch 12/15:   6%|████▊                                                                           | 5/84 [00:00<00:05, 13.50it/s]
Stage2 Epoch 12/15:   8%|██████▋                                                                         | 7/84 [00:00<00:05, 15.28it/s]
Stage2 Epoch 12/15:  11%|████████▌                                                                       | 9/84 [00:00<00:04, 16.39it/s]
Stage2 Epoch 12/15:  13%|██████████▎                                                                    | 11/84 [00:00<00:04, 17.12it/s]
Stage2 Epoch 12/15:  15%|████████████▏                                                                  | 13/84 [00:00<00:04, 17.58it/s]
Stage2 Epoch 12/15:  18%|██████████████                                                                 | 15/84 [00:00<00:03, 17.90it/s]
Stage2 Epoch 12/15:  20%|███████████████▉                                                               | 17/84 [00:01<00:03, 18.05it/s]
Stage2 Epoch 12/15:  23%|█████████████████▊                                                             | 19/84 [00:01<00:03, 18.17it/s]
Stage2 Epoch 12/15:  25%|███████████████████▊                                                           | 21/84 [00:01<00:03, 18.28it/s]
Stage2 Epoch 12/15:  27%|█████████████████████▋                                                         | 23/84 [00:01<00:03, 18.37it/s]
Stage2 Epoch 12/15:  30%|███████████████████████▌                                                       | 25/84 [00:01<00:03, 18.42it/s]
Stage2 Epoch 12/15:  32%|█████████████████████████▍                                                     | 27/84 [00:01<00:03, 18.49it/s]
Stage2 Epoch 12/15:  35%|███████████████████████████▎                                                   | 29/84 [00:01<00:02, 18.52it/s]
Stage2 Epoch 12/15:  37%|█████████████████████████████▏                                                 | 31/84 [00:01<00:02, 18.54it/s]
Stage2 Epoch 12/15:  39%|███████████████████████████████                                                | 33/84 [00:01<00:02, 18.56it/s]
Stage2 Epoch 12/15:  42%|████████████████████████████████▉                                              | 35/84 [00:02<00:02, 18.51it/s]
Stage2 Epoch 12/15:  44%|██████████████████████████████████▊                                            | 37/84 [00:02<00:02, 18.52it/s]
Stage2 Epoch 12/15:  46%|████████████████████████████████████▋                                          | 39/84 [00:02<00:02, 18.52it/s]
Stage2 Epoch 12/15:  49%|██████████████████████████████████████▌                                        | 41/84 [00:02<00:02, 18.54it/s]
Stage2 Epoch 12/15:  51%|████████████████████████████████████████▍                                      | 43/84 [00:02<00:02, 18.55it/s]
Stage2 Epoch 12/15:  54%|██████████████████████████████████████████▎                                    | 45/84 [00:02<00:02, 18.56it/s]
Stage2 Epoch 12/15:  56%|████████████████████████████████████████████▏                                  | 47/84 [00:02<00:01, 18.58it/s]
Stage2 Epoch 12/15:  58%|██████████████████████████████████████████████                                 | 49/84 [00:02<00:01, 18.59it/s]
Stage2 Epoch 12/15:  61%|███████████████████████████████████████████████▉                               | 51/84 [00:02<00:01, 18.58it/s]
Stage2 Epoch 12/15:  63%|█████████████████████████████████████████████████▊                             | 53/84 [00:03<00:01, 18.56it/s]
Stage2 Epoch 12/15:  65%|███████████████████████████████████████████████████▋                           | 55/84 [00:03<00:01, 18.54it/s]
Stage2 Epoch 12/15:  68%|█████████████████████████████████████████████████████▌                         | 57/84 [00:03<00:01, 18.55it/s]
Stage2 Epoch 12/15:  70%|███████████████████████████████████████████████████████▍                       | 59/84 [00:03<00:01, 18.56it/s]
Stage2 Epoch 12/15:  73%|█████████████████████████████████████████████████████████▎                     | 61/84 [00:03<00:01, 18.56it/s]
Stage2 Epoch 12/15:  75%|███████████████████████████████████████████████████████████▎                   | 63/84 [00:03<00:01, 18.57it/s]
Stage2 Epoch 12/15:  77%|█████████████████████████████████████████████████████████████▏                 | 65/84 [00:03<00:01, 18.57it/s]
Stage2 Epoch 12/15:  80%|███████████████████████████████████████████████████████████████                | 67/84 [00:03<00:00, 18.59it/s]
Stage2 Epoch 12/15:  82%|████████████████████████████████████████████████████████████████▉              | 69/84 [00:03<00:00, 18.57it/s]
Stage2 Epoch 12/15:  85%|██████████████████████████████████████████████████████████████████▊            | 71/84 [00:03<00:00, 18.54it/s]
Stage2 Epoch 12/15:  87%|████████████████████████████████████████████████████████████████████▋          | 73/84 [00:04<00:00, 18.55it/s]
Stage2 Epoch 12/15:  89%|██████████████████████████████████████████████████████████████████████▌        | 75/84 [00:04<00:00, 18.51it/s]
Stage2 Epoch 12/15:  92%|████████████████████████████████████████████████████████████████████████▍      | 77/84 [00:04<00:00, 18.53it/s]
Stage2 Epoch 12/15:  94%|██████████████████████████████████████████████████████████████████████████▎    | 79/84 [00:04<00:00, 18.56it/s]
Stage2 Epoch 12/15:  96%|████████████████████████████████████████████████████████████████████████████▏  | 81/84 [00:04<00:00, 18.57it/s]
Stage2 Epoch 12/15:  99%|██████████████████████████████████████████████████████████████████████████████ | 83/84 [00:04<00:00, 18.60it/s]
Stage2 Epoch 12/15: 100%|███████████████████████████████████████████████████████████████████████████████| 84/84 [00:04<00:00, 17.83it/s]

Stage2 Epoch 13/15:   0%|                                                                                        | 0/84 [00:00<?, ?it/s]
Stage2 Epoch 13/15:   1%|▉                                                                               | 1/84 [00:00<00:20,  3.97it/s]
Stage2 Epoch 13/15:   4%|██▊                                                                             | 3/84 [00:00<00:08,  9.51it/s]
Stage2 Epoch 13/15:   6%|████▊                                                                           | 5/84 [00:00<00:06, 12.71it/s]
Stage2 Epoch 13/15:   8%|██████▋                                                                         | 7/84 [00:00<00:05, 14.69it/s]
Stage2 Epoch 13/15:  11%|████████▌                                                                       | 9/84 [00:00<00:04, 15.96it/s]
Stage2 Epoch 13/15:  13%|██████████▎                                                                    | 11/84 [00:00<00:04, 16.78it/s]
Stage2 Epoch 13/15:  15%|████████████▏                                                                  | 13/84 [00:00<00:04, 17.35it/s]
Stage2 Epoch 13/15:  18%|██████████████                                                                 | 15/84 [00:01<00:03, 17.74it/s]
Stage2 Epoch 13/15:  20%|███████████████▉                                                               | 17/84 [00:01<00:03, 17.84it/s]
Stage2 Epoch 13/15:  23%|█████████████████▊                                                             | 19/84 [00:01<00:03, 18.01it/s]
Stage2 Epoch 13/15:  25%|███████████████████▊                                                           | 21/84 [00:01<00:03, 18.20it/s]
Stage2 Epoch 13/15:  27%|█████████████████████▋                                                         | 23/84 [00:01<00:03, 18.31it/s]
Stage2 Epoch 13/15:  30%|███████████████████████▌                                                       | 25/84 [00:01<00:03, 18.40it/s]
Stage2 Epoch 13/15:  32%|█████████████████████████▍                                                     | 27/84 [00:01<00:03, 18.47it/s]
Stage2 Epoch 13/15:  35%|███████████████████████████▎                                                   | 29/84 [00:01<00:02, 18.52it/s]
Stage2 Epoch 13/15:  37%|█████████████████████████████▏                                                 | 31/84 [00:01<00:02, 18.55it/s]
Stage2 Epoch 13/15:  39%|███████████████████████████████                                                | 33/84 [00:01<00:02, 18.56it/s]
Stage2 Epoch 13/15:  42%|████████████████████████████████▉                                              | 35/84 [00:02<00:02, 18.45it/s]
Stage2 Epoch 13/15:  44%|██████████████████████████████████▊                                            | 37/84 [00:02<00:02, 18.44it/s]
Stage2 Epoch 13/15:  46%|████████████████████████████████████▋                                          | 39/84 [00:02<00:02, 18.47it/s]
Stage2 Epoch 13/15:  49%|██████████████████████████████████████▌                                        | 41/84 [00:02<00:02, 18.50it/s]
Stage2 Epoch 13/15:  51%|████████████████████████████████████████▍                                      | 43/84 [00:02<00:02, 18.52it/s]
Stage2 Epoch 13/15:  54%|██████████████████████████████████████████▎                                    | 45/84 [00:02<00:02, 18.53it/s]
Stage2 Epoch 13/15:  56%|████████████████████████████████████████████▏                                  | 47/84 [00:02<00:01, 18.57it/s]
Stage2 Epoch 13/15:  58%|██████████████████████████████████████████████                                 | 49/84 [00:02<00:01, 18.59it/s]
Stage2 Epoch 13/15:  61%|███████████████████████████████████████████████▉                               | 51/84 [00:02<00:01, 18.57it/s]
Stage2 Epoch 13/15:  63%|█████████████████████████████████████████████████▊                             | 53/84 [00:03<00:01, 18.55it/s]
Stage2 Epoch 13/15:  65%|███████████████████████████████████████████████████▋                           | 55/84 [00:03<00:01, 18.52it/s]
Stage2 Epoch 13/15:  68%|█████████████████████████████████████████████████████▌                         | 57/84 [00:03<00:01, 18.52it/s]
Stage2 Epoch 13/15:  70%|███████████████████████████████████████████████████████▍                       | 59/84 [00:03<00:01, 18.51it/s]
Stage2 Epoch 13/15:  73%|█████████████████████████████████████████████████████████▎                     | 61/84 [00:03<00:01, 18.52it/s]
Stage2 Epoch 13/15:  75%|███████████████████████████████████████████████████████████▎                   | 63/84 [00:03<00:01, 18.53it/s]
Stage2 Epoch 13/15:  77%|█████████████████████████████████████████████████████████████▏                 | 65/84 [00:03<00:01, 18.53it/s]
Stage2 Epoch 13/15:  80%|███████████████████████████████████████████████████████████████                | 67/84 [00:03<00:00, 18.57it/s]
Stage2 Epoch 13/15:  82%|████████████████████████████████████████████████████████████████▉              | 69/84 [00:03<00:00, 18.55it/s]
Stage2 Epoch 13/15:  85%|██████████████████████████████████████████████████████████████████▊            | 71/84 [00:04<00:00, 18.52it/s]
Stage2 Epoch 13/15:  87%|████████████████████████████████████████████████████████████████████▋          | 73/84 [00:04<00:00, 18.51it/s]
Stage2 Epoch 13/15:  89%|██████████████████████████████████████████████████████████████████████▌        | 75/84 [00:04<00:00, 18.51it/s]
Stage2 Epoch 13/15:  92%|████████████████████████████████████████████████████████████████████████▍      | 77/84 [00:04<00:00, 18.52it/s]
Stage2 Epoch 13/15:  94%|██████████████████████████████████████████████████████████████████████████▎    | 79/84 [00:04<00:00, 18.54it/s]
Stage2 Epoch 13/15:  96%|████████████████████████████████████████████████████████████████████████████▏  | 81/84 [00:04<00:00, 18.55it/s]
Stage2 Epoch 13/15:  99%|██████████████████████████████████████████████████████████████████████████████ | 83/84 [00:04<00:00, 18.59it/s]
Stage2 Epoch 13/15: 100%|███████████████████████████████████████████████████████████████████████████████| 84/84 [00:04<00:00, 17.69it/s]

Stage2 Epoch 14/15:   0%|                                                                                        | 0/84 [00:00<?, ?it/s]
Stage2 Epoch 14/15:   1%|▉                                                                               | 1/84 [00:00<00:16,  5.18it/s]
Stage2 Epoch 14/15:   4%|██▊                                                                             | 3/84 [00:00<00:07, 11.13it/s]
Stage2 Epoch 14/15:   6%|████▊                                                                           | 5/84 [00:00<00:05, 13.98it/s]
Stage2 Epoch 14/15:   8%|██████▋                                                                         | 7/84 [00:00<00:04, 15.64it/s]
Stage2 Epoch 14/15:  11%|████████▌                                                                       | 9/84 [00:00<00:04, 16.63it/s]
Stage2 Epoch 14/15:  13%|██████████▎                                                                    | 11/84 [00:00<00:04, 17.28it/s]
Stage2 Epoch 14/15:  15%|████████████▏                                                                  | 13/84 [00:00<00:04, 17.67it/s]
Stage2 Epoch 14/15:  18%|██████████████                                                                 | 15/84 [00:00<00:03, 17.92it/s]
Stage2 Epoch 14/15:  20%|███████████████▉                                                               | 17/84 [00:01<00:03, 17.91it/s]
Stage2 Epoch 14/15:  23%|█████████████████▊                                                             | 19/84 [00:01<00:03, 18.05it/s]
Stage2 Epoch 14/15:  25%|███████████████████▊                                                           | 21/84 [00:01<00:03, 18.22it/s]
Stage2 Epoch 14/15:  27%|█████████████████████▋                                                         | 23/84 [00:01<00:03, 18.32it/s]
Stage2 Epoch 14/15:  30%|███████████████████████▌                                                       | 25/84 [00:01<00:03, 18.40it/s]
Stage2 Epoch 14/15:  32%|█████████████████████████▍                                                     | 27/84 [00:01<00:03, 18.46it/s]
Stage2 Epoch 14/15:  35%|███████████████████████████▎                                                   | 29/84 [00:01<00:02, 18.49it/s]
Stage2 Epoch 14/15:  37%|█████████████████████████████▏                                                 | 31/84 [00:01<00:02, 18.53it/s]
Stage2 Epoch 14/15:  39%|███████████████████████████████                                                | 33/84 [00:01<00:02, 18.54it/s]
Stage2 Epoch 14/15:  42%|████████████████████████████████▉                                              | 35/84 [00:02<00:02, 18.46it/s]
Stage2 Epoch 14/15:  44%|██████████████████████████████████▊                                            | 37/84 [00:02<00:02, 18.44it/s]
Stage2 Epoch 14/15:  46%|████████████████████████████████████▋                                          | 39/84 [00:02<00:02, 18.45it/s]
Stage2 Epoch 14/15:  49%|██████████████████████████████████████▌                                        | 41/84 [00:02<00:02, 18.48it/s]
Stage2 Epoch 14/15:  51%|████████████████████████████████████████▍                                      | 43/84 [00:02<00:02, 18.49it/s]
Stage2 Epoch 14/15:  54%|██████████████████████████████████████████▎                                    | 45/84 [00:02<00:02, 18.51it/s]
Stage2 Epoch 14/15:  56%|████████████████████████████████████████████▏                                  | 47/84 [00:02<00:01, 18.52it/s]
Stage2 Epoch 14/15:  58%|██████████████████████████████████████████████                                 | 49/84 [00:02<00:01, 18.51it/s]
Stage2 Epoch 14/15:  61%|███████████████████████████████████████████████▉                               | 51/84 [00:02<00:01, 18.50it/s]
Stage2 Epoch 14/15:  63%|█████████████████████████████████████████████████▊                             | 53/84 [00:03<00:01, 18.43it/s]
Stage2 Epoch 14/15:  65%|███████████████████████████████████████████████████▋                           | 55/84 [00:03<00:01, 18.42it/s]
Stage2 Epoch 14/15:  68%|█████████████████████████████████████████████████████▌                         | 57/84 [00:03<00:01, 18.45it/s]
Stage2 Epoch 14/15:  70%|███████████████████████████████████████████████████████▍                       | 59/84 [00:03<00:01, 18.48it/s]
Stage2 Epoch 14/15:  73%|█████████████████████████████████████████████████████████▎                     | 61/84 [00:03<00:01, 18.49it/s]
Stage2 Epoch 14/15:  75%|███████████████████████████████████████████████████████████▎                   | 63/84 [00:03<00:01, 18.51it/s]
Stage2 Epoch 14/15:  77%|█████████████████████████████████████████████████████████████▏                 | 65/84 [00:03<00:01, 18.52it/s]
Stage2 Epoch 14/15:  80%|███████████████████████████████████████████████████████████████                | 67/84 [00:03<00:00, 18.53it/s]
Stage2 Epoch 14/15:  82%|████████████████████████████████████████████████████████████████▉              | 69/84 [00:03<00:00, 18.52it/s]
Stage2 Epoch 14/15:  85%|██████████████████████████████████████████████████████████████████▊            | 71/84 [00:03<00:00, 18.51it/s]
Stage2 Epoch 14/15:  87%|████████████████████████████████████████████████████████████████████▋          | 73/84 [00:04<00:00, 18.48it/s]
Stage2 Epoch 14/15:  89%|██████████████████████████████████████████████████████████████████████▌        | 75/84 [00:04<00:00, 18.50it/s]
Stage2 Epoch 14/15:  92%|████████████████████████████████████████████████████████████████████████▍      | 77/84 [00:04<00:00, 18.49it/s]
Stage2 Epoch 14/15:  94%|██████████████████████████████████████████████████████████████████████████▎    | 79/84 [00:04<00:00, 18.53it/s]
Stage2 Epoch 14/15:  96%|████████████████████████████████████████████████████████████████████████████▏  | 81/84 [00:04<00:00, 18.55it/s]
Stage2 Epoch 14/15:  99%|██████████████████████████████████████████████████████████████████████████████ | 83/84 [00:04<00:00, 18.56it/s]
Stage2 Epoch 14/15: 100%|███████████████████████████████████████████████████████████████████████████████| 84/84 [00:04<00:00, 17.88it/s]

Stage2 Epoch 15/15:   0%|                                                                                        | 0/84 [00:00<?, ?it/s]
Stage2 Epoch 15/15:   1%|▉                                                                               | 1/84 [00:00<00:16,  5.18it/s]
Stage2 Epoch 15/15:   4%|██▊                                                                             | 3/84 [00:00<00:07, 11.14it/s]
Stage2 Epoch 15/15:   6%|████▊                                                                           | 5/84 [00:00<00:05, 14.03it/s]
Stage2 Epoch 15/15:   8%|██████▋                                                                         | 7/84 [00:00<00:04, 15.65it/s]
Stage2 Epoch 15/15:  11%|████████▌                                                                       | 9/84 [00:00<00:04, 16.65it/s]
Stage2 Epoch 15/15:  13%|██████████▎                                                                    | 11/84 [00:00<00:04, 17.28it/s]
Stage2 Epoch 15/15:  15%|████████████▏                                                                  | 13/84 [00:00<00:04, 17.69it/s]
Stage2 Epoch 15/15:  18%|██████████████                                                                 | 15/84 [00:00<00:03, 17.98it/s]
Stage2 Epoch 15/15:  20%|███████████████▉                                                               | 17/84 [00:01<00:03, 17.98it/s]
Stage2 Epoch 15/15:  23%|█████████████████▊                                                             | 19/84 [00:01<00:03, 18.11it/s]
Stage2 Epoch 15/15:  25%|███████████████████▊                                                           | 21/84 [00:01<00:03, 18.25it/s]
Stage2 Epoch 15/15:  27%|█████████████████████▋                                                         | 23/84 [00:01<00:03, 18.33it/s]
Stage2 Epoch 15/15:  30%|███████████████████████▌                                                       | 25/84 [00:01<00:03, 18.40it/s]
Stage2 Epoch 15/15:  32%|█████████████████████████▍                                                     | 27/84 [00:01<00:03, 18.42it/s]
Stage2 Epoch 15/15:  35%|███████████████████████████▎                                                   | 29/84 [00:01<00:02, 18.45it/s]
Stage2 Epoch 15/15:  37%|█████████████████████████████▏                                                 | 31/84 [00:01<00:02, 18.47it/s]
Stage2 Epoch 15/15:  39%|███████████████████████████████                                                | 33/84 [00:01<00:02, 18.45it/s]
Stage2 Epoch 15/15:  42%|████████████████████████████████▉                                              | 35/84 [00:02<00:02, 18.38it/s]
Stage2 Epoch 15/15:  44%|██████████████████████████████████▊                                            | 37/84 [00:02<00:02, 18.38it/s]
Stage2 Epoch 15/15:  46%|████████████████████████████████████▋                                          | 39/84 [00:02<00:02, 18.43it/s]
Stage2 Epoch 15/15:  49%|██████████████████████████████████████▌                                        | 41/84 [00:02<00:02, 18.45it/s]
Stage2 Epoch 15/15:  51%|████████████████████████████████████████▍                                      | 43/84 [00:02<00:02, 18.49it/s]
Stage2 Epoch 15/15:  54%|██████████████████████████████████████████▎                                    | 45/84 [00:02<00:02, 18.51it/s]
Stage2 Epoch 15/15:  56%|████████████████████████████████████████████▏                                  | 47/84 [00:02<00:01, 18.51it/s]
Stage2 Epoch 15/15:  58%|██████████████████████████████████████████████                                 | 49/84 [00:02<00:01, 18.53it/s]
Stage2 Epoch 15/15:  61%|███████████████████████████████████████████████▉                               | 51/84 [00:02<00:01, 18.49it/s]
Stage2 Epoch 15/15:  63%|█████████████████████████████████████████████████▊                             | 53/84 [00:03<00:01, 18.44it/s]
Stage2 Epoch 15/15:  65%|███████████████████████████████████████████████████▋                           | 55/84 [00:03<00:01, 18.43it/s]
Stage2 Epoch 15/15:  68%|█████████████████████████████████████████████████████▌                         | 57/84 [00:03<00:01, 18.45it/s]
Stage2 Epoch 15/15:  70%|███████████████████████████████████████████████████████▍                       | 59/84 [00:03<00:01, 18.46it/s]
Stage2 Epoch 15/15:  73%|█████████████████████████████████████████████████████████▎                     | 61/84 [00:03<00:01, 18.48it/s]
Stage2 Epoch 15/15:  75%|███████████████████████████████████████████████████████████▎                   | 63/84 [00:03<00:01, 18.52it/s]
Stage2 Epoch 15/15:  77%|█████████████████████████████████████████████████████████████▏                 | 65/84 [00:03<00:01, 18.50it/s]
Stage2 Epoch 15/15:  80%|███████████████████████████████████████████████████████████████                | 67/84 [00:03<00:00, 18.52it/s]
Stage2 Epoch 15/15:  82%|████████████████████████████████████████████████████████████████▉              | 69/84 [00:03<00:00, 18.49it/s]
Stage2 Epoch 15/15:  85%|██████████████████████████████████████████████████████████████████▊            | 71/84 [00:03<00:00, 18.46it/s]
Stage2 Epoch 15/15:  87%|████████████████████████████████████████████████████████████████████▋          | 73/84 [00:04<00:00, 18.47it/s]
Stage2 Epoch 15/15:  89%|██████████████████████████████████████████████████████████████████████▌        | 75/84 [00:04<00:00, 18.46it/s]
Stage2 Epoch 15/15:  92%|████████████████████████████████████████████████████████████████████████▍      | 77/84 [00:04<00:00, 18.47it/s]
Stage2 Epoch 15/15:  94%|██████████████████████████████████████████████████████████████████████████▎    | 79/84 [00:04<00:00, 18.51it/s]
Stage2 Epoch 15/15:  96%|████████████████████████████████████████████████████████████████████████████▏  | 81/84 [00:04<00:00, 18.54it/s]
Stage2 Epoch 15/15:  99%|██████████████████████████████████████████████████████████████████████████████ | 83/84 [00:04<00:00, 18.57it/s]
Stage2 Epoch 15/15: 100%|███████████████████████████████████████████████████████████████████████████████| 84/84 [00:04<00:00, 17.86it/s]
/mnt/workspace/utils/train_visualizer.py:100: UserWarning: Glyph 21335 (\N{CJK UNIFIED IDEOGRAPH-5357}) missing from font(s) DejaVu Sans.
  fig.tight_layout()
/mnt/workspace/utils/train_visualizer.py:100: UserWarning: Glyph 22825 (\N{CJK UNIFIED IDEOGRAPH-5929}) missing from font(s) DejaVu Sans.
  fig.tight_layout()
/mnt/workspace/utils/train_visualizer.py:100: UserWarning: Glyph 31481 (\N{CJK UNIFIED IDEOGRAPH-7AF9}) missing from font(s) DejaVu Sans.
  fig.tight_layout()
/mnt/workspace/utils/train_visualizer.py:100: UserWarning: Glyph 21494 (\N{CJK UNIFIED IDEOGRAPH-53F6}) missing from font(s) DejaVu Sans.
  fig.tight_layout()
/mnt/workspace/utils/train_visualizer.py:100: UserWarning: Glyph 23567 (\N{CJK UNIFIED IDEOGRAPH-5C0F}) missing from font(s) DejaVu Sans.
  fig.tight_layout()
/mnt/workspace/utils/train_visualizer.py:100: UserWarning: Glyph 22899 (\N{CJK UNIFIED IDEOGRAPH-5973}) missing from font(s) DejaVu Sans.
  fig.tight_layout()
/mnt/workspace/utils/train_visualizer.py:100: UserWarning: Glyph 36126 (\N{CJK UNIFIED IDEOGRAPH-8D1E}) missing from font(s) DejaVu Sans.
  fig.tight_layout()
/mnt/workspace/utils/train_visualizer.py:100: UserWarning: Glyph 24748 (\N{CJK UNIFIED IDEOGRAPH-60AC}) missing from font(s) DejaVu Sans.
  fig.tight_layout()
/mnt/workspace/utils/train_visualizer.py:100: UserWarning: Glyph 38083 (\N{CJK UNIFIED IDEOGRAPH-94C3}) missing from font(s) DejaVu Sans.
  fig.tight_layout()
/mnt/workspace/utils/train_visualizer.py:100: UserWarning: Glyph 26408 (\N{CJK UNIFIED IDEOGRAPH-6728}) missing from font(s) DejaVu Sans.
  fig.tight_layout()
/mnt/workspace/utils/train_visualizer.py:100: UserWarning: Glyph 26460 (\N{CJK UNIFIED IDEOGRAPH-675C}) missing from font(s) DejaVu Sans.
  fig.tight_layout()
/mnt/workspace/utils/train_visualizer.py:100: UserWarning: Glyph 40515 (\N{CJK UNIFIED IDEOGRAPH-9E43}) missing from font(s) DejaVu Sans.
  fig.tight_layout()
/mnt/workspace/utils/train_visualizer.py:100: UserWarning: Glyph 33457 (\N{CJK UNIFIED IDEOGRAPH-82B1}) missing from font(s) DejaVu Sans.
  fig.tight_layout()
/mnt/workspace/utils/train_visualizer.py:100: UserWarning: Glyph 26503 (\N{CJK UNIFIED IDEOGRAPH-6787}) missing from font(s) DejaVu Sans.
  fig.tight_layout()
/mnt/workspace/utils/train_visualizer.py:100: UserWarning: Glyph 26487 (\N{CJK UNIFIED IDEOGRAPH-6777}) missing from font(s) DejaVu Sans.
  fig.tight_layout()
/mnt/workspace/utils/train_visualizer.py:100: UserWarning: Glyph 27185 (\N{CJK UNIFIED IDEOGRAPH-6A31}) missing from font(s) DejaVu Sans.
  fig.tight_layout()
/mnt/workspace/utils/train_visualizer.py:100: UserWarning: Glyph 27861 (\N{CJK UNIFIED IDEOGRAPH-6CD5}) missing from font(s) DejaVu Sans.
  fig.tight_layout()
/mnt/workspace/utils/train_visualizer.py:100: UserWarning: Glyph 22269 (\N{CJK UNIFIED IDEOGRAPH-56FD}) missing from font(s) DejaVu Sans.
  fig.tight_layout()
/mnt/workspace/utils/train_visualizer.py:100: UserWarning: Glyph 20908 (\N{CJK UNIFIED IDEOGRAPH-51AC}) missing from font(s) DejaVu Sans.
  fig.tight_layout()
/mnt/workspace/utils/train_visualizer.py:100: UserWarning: Glyph 38738 (\N{CJK UNIFIED IDEOGRAPH-9752}) missing from font(s) DejaVu Sans.
  fig.tight_layout()
/mnt/workspace/utils/train_visualizer.py:100: UserWarning: Glyph 28023 (\N{CJK UNIFIED IDEOGRAPH-6D77}) missing from font(s) DejaVu Sans.
  fig.tight_layout()
/mnt/workspace/utils/train_visualizer.py:100: UserWarning: Glyph 26704 (\N{CJK UNIFIED IDEOGRAPH-6850}) missing from font(s) DejaVu Sans.
  fig.tight_layout()
/mnt/workspace/utils/train_visualizer.py:100: UserWarning: Glyph 30707 (\N{CJK UNIFIED IDEOGRAPH-77F3}) missing from font(s) DejaVu Sans.
  fig.tight_layout()
/mnt/workspace/utils/train_visualizer.py:100: UserWarning: Glyph 26976 (\N{CJK UNIFIED IDEOGRAPH-6960}) missing from font(s) DejaVu Sans.
  fig.tight_layout()
/mnt/workspace/utils/train_visualizer.py:101: UserWarning: Glyph 21335 (\N{CJK UNIFIED IDEOGRAPH-5357}) missing from font(s) DejaVu Sans.
  fig.savefig(output_path, bbox_inches="tight")
/mnt/workspace/utils/train_visualizer.py:101: UserWarning: Glyph 22825 (\N{CJK UNIFIED IDEOGRAPH-5929}) missing from font(s) DejaVu Sans.
  fig.savefig(output_path, bbox_inches="tight")
/mnt/workspace/utils/train_visualizer.py:101: UserWarning: Glyph 31481 (\N{CJK UNIFIED IDEOGRAPH-7AF9}) missing from font(s) DejaVu Sans.
  fig.savefig(output_path, bbox_inches="tight")
/mnt/workspace/utils/train_visualizer.py:101: UserWarning: Glyph 21494 (\N{CJK UNIFIED IDEOGRAPH-53F6}) missing from font(s) DejaVu Sans.
  fig.savefig(output_path, bbox_inches="tight")
/mnt/workspace/utils/train_visualizer.py:101: UserWarning: Glyph 23567 (\N{CJK UNIFIED IDEOGRAPH-5C0F}) missing from font(s) DejaVu Sans.
  fig.savefig(output_path, bbox_inches="tight")
/mnt/workspace/utils/train_visualizer.py:101: UserWarning: Glyph 22899 (\N{CJK UNIFIED IDEOGRAPH-5973}) missing from font(s) DejaVu Sans.
  fig.savefig(output_path, bbox_inches="tight")
/mnt/workspace/utils/train_visualizer.py:101: UserWarning: Glyph 36126 (\N{CJK UNIFIED IDEOGRAPH-8D1E}) missing from font(s) DejaVu Sans.
  fig.savefig(output_path, bbox_inches="tight")
/mnt/workspace/utils/train_visualizer.py:101: UserWarning: Glyph 24748 (\N{CJK UNIFIED IDEOGRAPH-60AC}) missing from font(s) DejaVu Sans.
  fig.savefig(output_path, bbox_inches="tight")
/mnt/workspace/utils/train_visualizer.py:101: UserWarning: Glyph 38083 (\N{CJK UNIFIED IDEOGRAPH-94C3}) missing from font(s) DejaVu Sans.
  fig.savefig(output_path, bbox_inches="tight")
/mnt/workspace/utils/train_visualizer.py:101: UserWarning: Glyph 26408 (\N{CJK UNIFIED IDEOGRAPH-6728}) missing from font(s) DejaVu Sans.
  fig.savefig(output_path, bbox_inches="tight")
/mnt/workspace/utils/train_visualizer.py:101: UserWarning: Glyph 26460 (\N{CJK UNIFIED IDEOGRAPH-675C}) missing from font(s) DejaVu Sans.
  fig.savefig(output_path, bbox_inches="tight")
/mnt/workspace/utils/train_visualizer.py:101: UserWarning: Glyph 40515 (\N{CJK UNIFIED IDEOGRAPH-9E43}) missing from font(s) DejaVu Sans.
  fig.savefig(output_path, bbox_inches="tight")
/mnt/workspace/utils/train_visualizer.py:101: UserWarning: Glyph 33457 (\N{CJK UNIFIED IDEOGRAPH-82B1}) missing from font(s) DejaVu Sans.
  fig.savefig(output_path, bbox_inches="tight")
/mnt/workspace/utils/train_visualizer.py:101: UserWarning: Glyph 26503 (\N{CJK UNIFIED IDEOGRAPH-6787}) missing from font(s) DejaVu Sans.
  fig.savefig(output_path, bbox_inches="tight")
/mnt/workspace/utils/train_visualizer.py:101: UserWarning: Glyph 26487 (\N{CJK UNIFIED IDEOGRAPH-6777}) missing from font(s) DejaVu Sans.
  fig.savefig(output_path, bbox_inches="tight")
/mnt/workspace/utils/train_visualizer.py:101: UserWarning: Glyph 27185 (\N{CJK UNIFIED IDEOGRAPH-6A31}) missing from font(s) DejaVu Sans.
  fig.savefig(output_path, bbox_inches="tight")
/mnt/workspace/utils/train_visualizer.py:101: UserWarning: Glyph 27861 (\N{CJK UNIFIED IDEOGRAPH-6CD5}) missing from font(s) DejaVu Sans.
  fig.savefig(output_path, bbox_inches="tight")
/mnt/workspace/utils/train_visualizer.py:101: UserWarning: Glyph 22269 (\N{CJK UNIFIED IDEOGRAPH-56FD}) missing from font(s) DejaVu Sans.
  fig.savefig(output_path, bbox_inches="tight")
/mnt/workspace/utils/train_visualizer.py:101: UserWarning: Glyph 20908 (\N{CJK UNIFIED IDEOGRAPH-51AC}) missing from font(s) DejaVu Sans.
  fig.savefig(output_path, bbox_inches="tight")
/mnt/workspace/utils/train_visualizer.py:101: UserWarning: Glyph 38738 (\N{CJK UNIFIED IDEOGRAPH-9752}) missing from font(s) DejaVu Sans.
  fig.savefig(output_path, bbox_inches="tight")
/mnt/workspace/utils/train_visualizer.py:101: UserWarning: Glyph 28023 (\N{CJK UNIFIED IDEOGRAPH-6D77}) missing from font(s) DejaVu Sans.
  fig.savefig(output_path, bbox_inches="tight")
/mnt/workspace/utils/train_visualizer.py:101: UserWarning: Glyph 26704 (\N{CJK UNIFIED IDEOGRAPH-6850}) missing from font(s) DejaVu Sans.
  fig.savefig(output_path, bbox_inches="tight")
/mnt/workspace/utils/train_visualizer.py:101: UserWarning: Glyph 30707 (\N{CJK UNIFIED IDEOGRAPH-77F3}) missing from font(s) DejaVu Sans.
  fig.savefig(output_path, bbox_inches="tight")
/mnt/workspace/utils/train_visualizer.py:101: UserWarning: Glyph 26976 (\N{CJK UNIFIED IDEOGRAPH-6960}) missing from font(s) DejaVu Sans.
  fig.savefig(output_path, bbox_inches="tight")
