实验: 实验3: 中心裁剪 vs YOLOv8 ROI提取 vs 不做ROI提取 - resnet50
运行ID: exp3_resnet50_center_20260427_154500
开始时间: 2026-04-27T15:46:45.715926
耗时: 104.77秒
================================================================================
[INFO] Log will be saved to logs/resnet50_complex_train_log_20260427_154504.txt

===== CONFIG =====
dataset:
  input_size: 224
  batch_size: 16
  limit_train_per_class: 80
  limit_val_per_class: 25
model:
  num_classes: 9
train:
  epochs_stage1: 20
  epochs_stage2: 30
  grad_clip: 0.5
criterion:
  label_smoothing: 0.05
optimizer:
  lr_stage1: 0.001
  lr_stage2: 5.0e-05
  beta1: 0.9
  beta2: 0.999
  eps: 1.0e-08
  weight_decay: 0.02
early_stop:
  patience: 7
  min_delta: 0.002
scheduler:
  mode: max
  factor: 0.5
  patience: 2
  min_lr: 5.0e-07
  cosin:
    warmup_epochs: 4
    warmup_lr_init: 1.0e-07
    min_lr: 5.0e-08
logger:
  model_name: resnet50_complex

==================

[INFO] Reading Dataset for type: complex_center
[INFO] Loaded training samples: 1290, validation samples: 363
[INFO] Subset dataset to 720 samples (limit 80 per class)
[INFO] Subset dataset to 225 samples (limit 25 per class)
[INFO] 数据集实际类别数: 9
[INFO] ResNet50 ImageNet pretrained: True
[INFO] Time 2.04s | TrainLoss 1.8989 | TrainAcc 46.25% | ValLoss 1.6105 | ValAcc 80.89% | ValTop5 99.11%
[INFO] Current Stage1 learning rate: 0.001000
[INFO] Update best ValAcc: 80.89%
[INFO] Time 1.58s | TrainLoss 1.4626 | TrainAcc 70.14% | ValLoss 1.3940 | ValAcc 87.11% | ValTop5 99.11%
[INFO] Current Stage1 learning rate: 0.001000
[INFO] Update best ValAcc: 87.11%
[INFO] Time 1.63s | TrainLoss 1.2592 | TrainAcc 82.78% | ValLoss 1.2280 | ValAcc 89.33% | ValTop5 99.11%
[INFO] Current Stage1 learning rate: 0.001000
[INFO] Update best ValAcc: 89.33%
[INFO] Time 1.59s | TrainLoss 1.1757 | TrainAcc 81.11% | ValLoss 1.1780 | ValAcc 87.11% | ValTop5 99.56%
[INFO] Current Stage1 learning rate: 0.001000
[INFO] Patience counter: 1/7
[INFO] Time 1.57s | TrainLoss 1.1046 | TrainAcc 84.44% | ValLoss 1.1055 | ValAcc 89.33% | ValTop5 99.56%
[INFO] Current Stage1 learning rate: 0.001000
[INFO] Patience counter: 2/7
[INFO] Time 1.68s | TrainLoss 1.0821 | TrainAcc 85.42% | ValLoss 1.0558 | ValAcc 91.11% | ValTop5 99.56%
[INFO] Current Stage1 learning rate: 0.001000
[INFO] Update best ValAcc: 91.11%
[INFO] Time 1.64s | TrainLoss 1.0222 | TrainAcc 86.39% | ValLoss 1.0153 | ValAcc 90.67% | ValTop5 99.56%
[INFO] Current Stage1 learning rate: 0.001000
[INFO] Patience counter: 1/7
[INFO] Time 1.68s | TrainLoss 1.0140 | TrainAcc 85.83% | ValLoss 1.0164 | ValAcc 88.89% | ValTop5 99.11%
[INFO] Current Stage1 learning rate: 0.001000
[INFO] Patience counter: 2/7
[INFO] Time 1.69s | TrainLoss 0.9898 | TrainAcc 87.50% | ValLoss 1.0083 | ValAcc 90.22% | ValTop5 99.11%
[INFO] Current Stage1 learning rate: 0.000500
[INFO] Patience counter: 3/7
[INFO] Time 1.61s | TrainLoss 0.9661 | TrainAcc 88.89% | ValLoss 0.9781 | ValAcc 90.67% | ValTop5 99.56%
[INFO] Current Stage1 learning rate: 0.000500
[INFO] Patience counter: 4/7
[INFO] Time 1.69s | TrainLoss 0.9835 | TrainAcc 89.03% | ValLoss 1.0040 | ValAcc 91.56% | ValTop5 100.00%
[INFO] Current Stage1 learning rate: 0.000500
[INFO] Update best ValAcc: 91.56%
[INFO] Time 1.60s | TrainLoss 0.9532 | TrainAcc 90.42% | ValLoss 0.9963 | ValAcc 91.11% | ValTop5 100.00%
[INFO] Current Stage1 learning rate: 0.000500
[INFO] Patience counter: 1/7
[INFO] Time 1.69s | TrainLoss 0.9528 | TrainAcc 90.14% | ValLoss 0.9892 | ValAcc 88.44% | ValTop5 99.56%
[INFO] Current Stage1 learning rate: 0.000500
[INFO] Patience counter: 2/7
[INFO] Time 1.61s | TrainLoss 0.9305 | TrainAcc 89.72% | ValLoss 0.9790 | ValAcc 90.22% | ValTop5 99.56%
[INFO] Current Stage1 learning rate: 0.000250
[INFO] Patience counter: 3/7
[INFO] Time 1.68s | TrainLoss 0.9220 | TrainAcc 91.67% | ValLoss 0.9859 | ValAcc 90.67% | ValTop5 100.00%
[INFO] Current Stage1 learning rate: 0.000250
[INFO] Patience counter: 4/7
[INFO] Time 1.71s | TrainLoss 0.9133 | TrainAcc 90.97% | ValLoss 0.9432 | ValAcc 90.67% | ValTop5 99.56%
[INFO] Current Stage1 learning rate: 0.000250
[INFO] Patience counter: 5/7
[INFO] Time 1.58s | TrainLoss 0.9525 | TrainAcc 89.03% | ValLoss 0.9497 | ValAcc 91.56% | ValTop5 100.00%
[INFO] Current Stage1 learning rate: 0.000125
[INFO] Patience counter: 6/7
[INFO] Time 1.66s | TrainLoss 0.9174 | TrainAcc 90.83% | ValLoss 0.9563 | ValAcc 91.56% | ValTop5 100.00%
[INFO] Current Stage1 learning rate: 0.000125
[INFO] Patience counter: 7/7
[INFO] Early stopping at epoch 18
[INFO] Stage1 training done. Best ValAcc: 91.56%
[INFO] Time 2.84s | TrainLoss 0.9470 | TrainAcc 90.97% | ValLoss 0.9723 | ValAcc 90.67% | ValTop5 99.56%
[INFO] Current Stage2 learning rate: 0.000013
[INFO] Update best ValAcc: 90.67%
[INFO] Time 2.76s | TrainLoss 0.9102 | TrainAcc 88.47% | ValLoss 0.8958 | ValAcc 92.00% | ValTop5 100.00%
[INFO] Current Stage2 learning rate: 0.000025
[INFO] Update best ValAcc: 92.00%
[INFO] Time 2.78s | TrainLoss 0.8604 | TrainAcc 89.31% | ValLoss 0.8407 | ValAcc 91.56% | ValTop5 100.00%
[INFO] Current Stage2 learning rate: 0.000038
[INFO] Patience counter: 1/7
[INFO] Time 2.78s | TrainLoss 0.7866 | TrainAcc 89.72% | ValLoss 0.7587 | ValAcc 91.11% | ValTop5 100.00%
[INFO] Current Stage2 learning rate: 0.000050
[INFO] Patience counter: 2/7
[INFO] Time 2.77s | TrainLoss 0.7410 | TrainAcc 90.14% | ValLoss 0.7059 | ValAcc 90.67% | ValTop5 100.00%
[INFO] Current Stage2 learning rate: 0.000050
[INFO] Patience counter: 3/7
[INFO] Time 2.79s | TrainLoss 0.6662 | TrainAcc 93.47% | ValLoss 0.6218 | ValAcc 92.00% | ValTop5 100.00%
[INFO] Current Stage2 learning rate: 0.000049
[INFO] Patience counter: 4/7
[INFO] Time 2.79s | TrainLoss 0.6259 | TrainAcc 92.78% | ValLoss 0.5813 | ValAcc 92.00% | ValTop5 100.00%
[INFO] Current Stage2 learning rate: 0.000048
[INFO] Patience counter: 5/7
[INFO] Time 2.76s | TrainLoss 0.5957 | TrainAcc 94.58% | ValLoss 0.5272 | ValAcc 95.56% | ValTop5 100.00%
[INFO] Current Stage2 learning rate: 0.000047
[INFO] Update best ValAcc: 95.56%
[INFO] Time 2.73s | TrainLoss 0.5614 | TrainAcc 94.03% | ValLoss 0.5195 | ValAcc 94.67% | ValTop5 100.00%
[INFO] Current Stage2 learning rate: 0.000046
[INFO] Patience counter: 1/7
[INFO] Time 2.78s | TrainLoss 0.5376 | TrainAcc 94.58% | ValLoss 0.4764 | ValAcc 95.56% | ValTop5 100.00%
[INFO] Current Stage2 learning rate: 0.000044
[INFO] Patience counter: 2/7
[INFO] Time 2.79s | TrainLoss 0.4898 | TrainAcc 96.39% | ValLoss 0.4767 | ValAcc 96.00% | ValTop5 100.00%
[INFO] Current Stage2 learning rate: 0.000042
[INFO] Update best ValAcc: 96.00%
[INFO] Time 2.76s | TrainLoss 0.4874 | TrainAcc 94.72% | ValLoss 0.4580 | ValAcc 95.56% | ValTop5 100.00%
[INFO] Current Stage2 learning rate: 0.000039
[INFO] Patience counter: 1/7
[INFO] Time 2.76s | TrainLoss 0.4583 | TrainAcc 97.22% | ValLoss 0.4433 | ValAcc 96.44% | ValTop5 100.00%
[INFO] Current Stage2 learning rate: 0.000037
[INFO] Update best ValAcc: 96.44%
[INFO] Time 2.74s | TrainLoss 0.4522 | TrainAcc 96.67% | ValLoss 0.4408 | ValAcc 96.00% | ValTop5 100.00%
[INFO] Current Stage2 learning rate: 0.000034
[INFO] Patience counter: 1/7
[INFO] Time 2.74s | TrainLoss 0.4405 | TrainAcc 97.50% | ValLoss 0.4454 | ValAcc 96.89% | ValTop5 100.00%
[INFO] Current Stage2 learning rate: 0.000031
[INFO] Update best ValAcc: 96.89%
[INFO] Time 2.77s | TrainLoss 0.4249 | TrainAcc 97.92% | ValLoss 0.4404 | ValAcc 96.00% | ValTop5 100.00%
[INFO] Current Stage2 learning rate: 0.000028
[INFO] Patience counter: 1/7
[INFO] Time 2.76s | TrainLoss 0.4217 | TrainAcc 97.78% | ValLoss 0.4351 | ValAcc 96.00% | ValTop5 100.00%
[INFO] Current Stage2 learning rate: 0.000025
[INFO] Patience counter: 2/7
[INFO] Time 2.77s | TrainLoss 0.4097 | TrainAcc 98.06% | ValLoss 0.4429 | ValAcc 96.00% | ValTop5 100.00%
[INFO] Current Stage2 learning rate: 0.000022
[INFO] Patience counter: 3/7
[INFO] Time 2.78s | TrainLoss 0.3919 | TrainAcc 97.92% | ValLoss 0.4320 | ValAcc 95.11% | ValTop5 100.00%
[INFO] Current Stage2 learning rate: 0.000019
[INFO] Patience counter: 4/7
[INFO] Time 2.75s | TrainLoss 0.3999 | TrainAcc 98.33% | ValLoss 0.4425 | ValAcc 95.11% | ValTop5 100.00%
[INFO] Current Stage2 learning rate: 0.000016
[INFO] Patience counter: 5/7
[INFO] Time 2.78s | TrainLoss 0.4100 | TrainAcc 97.78% | ValLoss 0.4345 | ValAcc 96.00% | ValTop5 100.00%
[INFO] Current Stage2 learning rate: 0.000013
[INFO] Patience counter: 6/7
[INFO] Time 2.78s | TrainLoss 0.3818 | TrainAcc 98.33% | ValLoss 0.4417 | ValAcc 94.22% | ValTop5 100.00%
[INFO] Current Stage2 learning rate: 0.000011
[INFO] Patience counter: 7/7
[INFO] Early stopping at epoch 22
[INFO] Stage2 training done. Best ValAcc: 96.89%
模型已保存至：results/resnet50_complex/20260427_154510/checkpoints/resnet50_best_20260427_154510.pth

============================================================
开始计算论文所需指标...
============================================================
[1/6] 计算Top-1和Top-5准确率...
[2/6] 计算参数量和FLOPs...
[3/6] 测量推理速度...
[4/6] 计算混淆矩阵和分类指标...
[5/6] 计算收敛轮数...
[6/6] 计算训练稳定性指标...

所有指标已保存至: results/resnet50_complex/20260427_154510/thesis_metrics.json
============================================================

论文指标已保存至: results/resnet50_complex/20260427_154510/thesis_metrics.json
[INFO] Loaded independent test samples: 179
[INFO] Independent TestLoss 0.8713 | TestAcc 82.68% | TestTop5 97.77%
可视化已保存至：results/resnet50_complex/20260427_154510/visualization

[STDERR]

Stage1 Epoch 1/20:   0%|                                                                                         | 0/45 [00:00<?, ?it/s]/mnt/workspace/engine/trainer.py:55: FutureWarning: `torch.cuda.amp.autocast(args...)` is deprecated. Please use `torch.amp.autocast('cuda', args...)` instead.
  with autocast(enabled=scaler is not None):

Stage1 Epoch 1/20:   2%|█▊                                                                               | 1/45 [00:00<00:28,  1.54it/s]
Stage1 Epoch 1/20:  18%|██████████████▍                                                                  | 8/45 [00:00<00:02, 13.54it/s]
Stage1 Epoch 1/20:  31%|████████████████████████▉                                                       | 14/45 [00:00<00:01, 22.65it/s]
Stage1 Epoch 1/20:  42%|█████████████████████████████████▊                                              | 19/45 [00:00<00:00, 27.14it/s]
Stage1 Epoch 1/20:  53%|██████████████████████████████████████████▋                                     | 24/45 [00:01<00:00, 31.84it/s]
Stage1 Epoch 1/20:  64%|███████████████████████████████████████████████████▌                            | 29/45 [00:01<00:00, 31.73it/s]
Stage1 Epoch 1/20:  76%|████████████████████████████████████████████████████████████▍                   | 34/45 [00:01<00:00, 34.06it/s]
Stage1 Epoch 1/20:  87%|█████████████████████████████████████████████████████████████████████▎          | 39/45 [00:01<00:00, 37.56it/s]
Stage1 Epoch 1/20:  98%|██████████████████████████████████████████████████████████████████████████████▏ | 44/45 [00:01<00:00, 40.40it/s]
Stage1 Epoch 1/20: 100%|████████████████████████████████████████████████████████████████████████████████| 45/45 [00:01<00:00, 27.41it/s]

Stage1 Epoch 2/20:   0%|                                                                                         | 0/45 [00:00<?, ?it/s]
Stage1 Epoch 2/20:   2%|█▊                                                                               | 1/45 [00:00<00:07,  5.92it/s]
Stage1 Epoch 2/20:  13%|██████████▊                                                                      | 6/45 [00:00<00:01, 25.66it/s]
Stage1 Epoch 2/20:  24%|███████████████████▌                                                            | 11/45 [00:00<00:01, 32.33it/s]
Stage1 Epoch 2/20:  36%|████████████████████████████▍                                                   | 16/45 [00:00<00:00, 36.50it/s]
Stage1 Epoch 2/20:  47%|█████████████████████████████████████▎                                          | 21/45 [00:00<00:00, 39.82it/s]
Stage1 Epoch 2/20:  58%|██████████████████████████████████████████████▏                                 | 26/45 [00:00<00:00, 42.29it/s]
Stage1 Epoch 2/20:  69%|███████████████████████████████████████████████████████                         | 31/45 [00:00<00:00, 36.60it/s]
Stage1 Epoch 2/20:  78%|██████████████████████████████████████████████████████████████▏                 | 35/45 [00:01<00:00, 36.96it/s]
Stage1 Epoch 2/20:  89%|███████████████████████████████████████████████████████████████████████         | 40/45 [00:01<00:00, 39.68it/s]
Stage1 Epoch 2/20: 100%|████████████████████████████████████████████████████████████████████████████████| 45/45 [00:01<00:00, 41.65it/s]
Stage1 Epoch 2/20: 100%|████████████████████████████████████████████████████████████████████████████████| 45/45 [00:01<00:00, 36.18it/s]

Stage1 Epoch 3/20:   0%|                                                                                         | 0/45 [00:00<?, ?it/s]
Stage1 Epoch 3/20:   2%|█▊                                                                               | 1/45 [00:00<00:06,  6.36it/s]
Stage1 Epoch 3/20:  11%|█████████                                                                        | 5/45 [00:00<00:01, 21.58it/s]
Stage1 Epoch 3/20:  22%|█████████████████▊                                                              | 10/45 [00:00<00:01, 29.64it/s]
Stage1 Epoch 3/20:  31%|████████████████████████▉                                                       | 14/45 [00:00<00:01, 29.87it/s]
Stage1 Epoch 3/20:  40%|████████████████████████████████                                                | 18/45 [00:00<00:00, 32.47it/s]
Stage1 Epoch 3/20:  49%|███████████████████████████████████████                                         | 22/45 [00:00<00:00, 34.17it/s]
Stage1 Epoch 3/20:  60%|████████████████████████████████████████████████                                | 27/45 [00:00<00:00, 37.14it/s]
Stage1 Epoch 3/20:  71%|████████████████████████████████████████████████████████▉                       | 32/45 [00:00<00:00, 40.36it/s]
Stage1 Epoch 3/20:  82%|█████████████████████████████████████████████████████████████████▊              | 37/45 [00:01<00:00, 39.73it/s]
Stage1 Epoch 3/20:  93%|██████████████████████████████████████████████████████████████████████████▋     | 42/45 [00:01<00:00, 39.23it/s]
Stage1 Epoch 3/20: 100%|████████████████████████████████████████████████████████████████████████████████| 45/45 [00:01<00:00, 34.96it/s]

Stage1 Epoch 4/20:   0%|                                                                                         | 0/45 [00:00<?, ?it/s]
Stage1 Epoch 4/20:   2%|█▊                                                                               | 1/45 [00:00<00:09,  4.53it/s]
Stage1 Epoch 4/20:  16%|████████████▌                                                                    | 7/45 [00:00<00:01, 24.36it/s]
Stage1 Epoch 4/20:  27%|█████████████████████▎                                                          | 12/45 [00:00<00:01, 32.17it/s]
Stage1 Epoch 4/20:  38%|██████████████████████████████▏                                                 | 17/45 [00:00<00:00, 36.28it/s]
Stage1 Epoch 4/20:  51%|████████████████████████████████████████▉                                       | 23/45 [00:00<00:00, 38.63it/s]
Stage1 Epoch 4/20:  62%|█████████████████████████████████████████████████▊                              | 28/45 [00:00<00:00, 41.26it/s]
Stage1 Epoch 4/20:  73%|██████████████████████████████████████████████████████████▋                     | 33/45 [00:00<00:00, 38.49it/s]
Stage1 Epoch 4/20:  84%|███████████████████████████████████████████████████████████████████▌            | 38/45 [00:01<00:00, 40.14it/s]
Stage1 Epoch 4/20:  96%|████████████████████████████████████████████████████████████████████████████▍   | 43/45 [00:01<00:00, 42.00it/s]
Stage1 Epoch 4/20: 100%|████████████████████████████████████████████████████████████████████████████████| 45/45 [00:01<00:00, 35.96it/s]

Stage1 Epoch 5/20:   0%|                                                                                         | 0/45 [00:00<?, ?it/s]
Stage1 Epoch 5/20:   2%|█▊                                                                               | 1/45 [00:00<00:07,  5.82it/s]
Stage1 Epoch 5/20:  11%|█████████                                                                        | 5/45 [00:00<00:01, 21.06it/s]
Stage1 Epoch 5/20:  22%|█████████████████▊                                                              | 10/45 [00:00<00:01, 31.07it/s]
Stage1 Epoch 5/20:  33%|██████████████████████████▋                                                     | 15/45 [00:00<00:00, 37.10it/s]
Stage1 Epoch 5/20:  42%|█████████████████████████████████▊                                              | 19/45 [00:00<00:00, 37.32it/s]
Stage1 Epoch 5/20:  53%|██████████████████████████████████████████▋                                     | 24/45 [00:00<00:00, 39.49it/s]
Stage1 Epoch 5/20:  64%|███████████████████████████████████████████████████▌                            | 29/45 [00:00<00:00, 41.38it/s]
Stage1 Epoch 5/20:  76%|████████████████████████████████████████████████████████████▍                   | 34/45 [00:00<00:00, 39.00it/s]
Stage1 Epoch 5/20:  87%|█████████████████████████████████████████████████████████████████████▎          | 39/45 [00:01<00:00, 41.69it/s]
Stage1 Epoch 5/20:  98%|██████████████████████████████████████████████████████████████████████████████▏ | 44/45 [00:01<00:00, 43.91it/s]
Stage1 Epoch 5/20: 100%|████████████████████████████████████████████████████████████████████████████████| 45/45 [00:01<00:00, 36.73it/s]

Stage1 Epoch 6/20:   0%|                                                                                         | 0/45 [00:00<?, ?it/s]
Stage1 Epoch 6/20:   2%|█▊                                                                               | 1/45 [00:00<00:07,  6.01it/s]
Stage1 Epoch 6/20:  11%|█████████                                                                        | 5/45 [00:00<00:01, 20.03it/s]
Stage1 Epoch 6/20:  22%|█████████████████▊                                                              | 10/45 [00:00<00:01, 30.75it/s]
Stage1 Epoch 6/20:  33%|██████████████████████████▋                                                     | 15/45 [00:00<00:00, 36.52it/s]
Stage1 Epoch 6/20:  42%|█████████████████████████████████▊                                              | 19/45 [00:00<00:00, 37.10it/s]
Stage1 Epoch 6/20:  51%|████████████████████████████████████████▉                                       | 23/45 [00:00<00:00, 37.80it/s]
Stage1 Epoch 6/20:  62%|█████████████████████████████████████████████████▊                              | 28/45 [00:00<00:00, 33.08it/s]
Stage1 Epoch 6/20:  71%|████████████████████████████████████████████████████████▉                       | 32/45 [00:01<00:00, 31.78it/s]
Stage1 Epoch 6/20:  80%|████████████████████████████████████████████████████████████████                | 36/45 [00:01<00:00, 32.90it/s]
Stage1 Epoch 6/20:  93%|██████████████████████████████████████████████████████████████████████████▋     | 42/45 [00:01<00:00, 38.36it/s]
Stage1 Epoch 6/20: 100%|████████████████████████████████████████████████████████████████████████████████| 45/45 [00:01<00:00, 33.38it/s]

Stage1 Epoch 7/20:   0%|                                                                                         | 0/45 [00:00<?, ?it/s]
Stage1 Epoch 7/20:   2%|█▊                                                                               | 1/45 [00:00<00:07,  5.56it/s]
Stage1 Epoch 7/20:  13%|██████████▊                                                                      | 6/45 [00:00<00:01, 25.07it/s]
Stage1 Epoch 7/20:  24%|███████████████████▌                                                            | 11/45 [00:00<00:01, 33.52it/s]
Stage1 Epoch 7/20:  36%|████████████████████████████▍                                                   | 16/45 [00:00<00:00, 36.58it/s]
Stage1 Epoch 7/20:  47%|█████████████████████████████████████▎                                          | 21/45 [00:00<00:00, 38.62it/s]
Stage1 Epoch 7/20:  58%|██████████████████████████████████████████████▏                                 | 26/45 [00:00<00:00, 31.94it/s]
Stage1 Epoch 7/20:  69%|███████████████████████████████████████████████████████                         | 31/45 [00:00<00:00, 33.95it/s]
Stage1 Epoch 7/20:  78%|██████████████████████████████████████████████████████████████▏                 | 35/45 [00:01<00:00, 34.87it/s]
Stage1 Epoch 7/20:  89%|███████████████████████████████████████████████████████████████████████         | 40/45 [00:01<00:00, 38.02it/s]
Stage1 Epoch 7/20: 100%|████████████████████████████████████████████████████████████████████████████████| 45/45 [00:01<00:00, 40.88it/s]
Stage1 Epoch 7/20: 100%|████████████████████████████████████████████████████████████████████████████████| 45/45 [00:01<00:00, 34.48it/s]

Stage1 Epoch 8/20:   0%|                                                                                         | 0/45 [00:00<?, ?it/s]
Stage1 Epoch 8/20:   2%|█▊                                                                               | 1/45 [00:00<00:07,  6.21it/s]
Stage1 Epoch 8/20:  13%|██████████▊                                                                      | 6/45 [00:00<00:02, 19.21it/s]
Stage1 Epoch 8/20:  22%|█████████████████▊                                                              | 10/45 [00:00<00:01, 24.00it/s]
Stage1 Epoch 8/20:  33%|██████████████████████████▋                                                     | 15/45 [00:00<00:00, 30.79it/s]
Stage1 Epoch 8/20:  42%|█████████████████████████████████▊                                              | 19/45 [00:00<00:00, 33.04it/s]
Stage1 Epoch 8/20:  53%|██████████████████████████████████████████▋                                     | 24/45 [00:00<00:00, 36.79it/s]
Stage1 Epoch 8/20:  62%|█████████████████████████████████████████████████▊                              | 28/45 [00:00<00:00, 37.48it/s]
Stage1 Epoch 8/20:  73%|██████████████████████████████████████████████████████████▋                     | 33/45 [00:01<00:00, 40.13it/s]
Stage1 Epoch 8/20:  84%|███████████████████████████████████████████████████████████████████▌            | 38/45 [00:01<00:00, 36.59it/s]
Stage1 Epoch 8/20:  93%|██████████████████████████████████████████████████████████████████████████▋     | 42/45 [00:01<00:00, 37.37it/s]
Stage1 Epoch 8/20: 100%|████████████████████████████████████████████████████████████████████████████████| 45/45 [00:01<00:00, 33.53it/s]

Stage1 Epoch 9/20:   0%|                                                                                         | 0/45 [00:00<?, ?it/s]
Stage1 Epoch 9/20:   2%|█▊                                                                               | 1/45 [00:00<00:09,  4.54it/s]
Stage1 Epoch 9/20:  11%|█████████                                                                        | 5/45 [00:00<00:02, 18.09it/s]
Stage1 Epoch 9/20:  22%|█████████████████▊                                                              | 10/45 [00:00<00:01, 28.99it/s]
Stage1 Epoch 9/20:  31%|████████████████████████▉                                                       | 14/45 [00:00<00:01, 30.91it/s]
Stage1 Epoch 9/20:  40%|████████████████████████████████                                                | 18/45 [00:00<00:00, 33.16it/s]
Stage1 Epoch 9/20:  49%|███████████████████████████████████████                                         | 22/45 [00:00<00:00, 33.16it/s]
Stage1 Epoch 9/20:  58%|██████████████████████████████████████████████▏                                 | 26/45 [00:00<00:00, 34.45it/s]
Stage1 Epoch 9/20:  69%|███████████████████████████████████████████████████████                         | 31/45 [00:00<00:00, 38.07it/s]
Stage1 Epoch 9/20:  80%|████████████████████████████████████████████████████████████████                | 36/45 [00:01<00:00, 39.63it/s]
Stage1 Epoch 9/20:  91%|████████████████████████████████████████████████████████████████████████▉       | 41/45 [00:01<00:00, 38.11it/s]
Stage1 Epoch 9/20: 100%|████████████████████████████████████████████████████████████████████████████████| 45/45 [00:01<00:00, 33.35it/s]

Stage1 Epoch 10/20:   0%|                                                                                        | 0/45 [00:00<?, ?it/s]
Stage1 Epoch 10/20:   2%|█▊                                                                              | 1/45 [00:00<00:07,  6.11it/s]
Stage1 Epoch 10/20:  11%|████████▉                                                                       | 5/45 [00:00<00:01, 21.84it/s]
Stage1 Epoch 10/20:  20%|████████████████                                                                | 9/45 [00:00<00:01, 26.34it/s]
Stage1 Epoch 10/20:  29%|██████████████████████▊                                                        | 13/45 [00:00<00:01, 30.43it/s]
Stage1 Epoch 10/20:  38%|█████████████████████████████▊                                                 | 17/45 [00:00<00:00, 33.06it/s]
Stage1 Epoch 10/20:  47%|████████████████████████████████████▊                                          | 21/45 [00:00<00:00, 32.15it/s]
Stage1 Epoch 10/20:  58%|█████████████████████████████████████████████▋                                 | 26/45 [00:00<00:00, 36.63it/s]
Stage1 Epoch 10/20:  69%|██████████████████████████████████████████████████████▍                        | 31/45 [00:00<00:00, 40.11it/s]
Stage1 Epoch 10/20:  80%|███████████████████████████████████████████████████████████████▏               | 36/45 [00:01<00:00, 42.70it/s]
Stage1 Epoch 10/20:  91%|███████████████████████████████████████████████████████████████████████▉       | 41/45 [00:01<00:00, 41.55it/s]
Stage1 Epoch 10/20: 100%|███████████████████████████████████████████████████████████████████████████████| 45/45 [00:01<00:00, 35.20it/s]

Stage1 Epoch 11/20:   0%|                                                                                        | 0/45 [00:00<?, ?it/s]
Stage1 Epoch 11/20:   2%|█▊                                                                              | 1/45 [00:00<00:07,  5.79it/s]
Stage1 Epoch 11/20:  13%|██████████▋                                                                     | 6/45 [00:00<00:01, 25.61it/s]
Stage1 Epoch 11/20:  24%|███████████████████▎                                                           | 11/45 [00:00<00:01, 30.54it/s]
Stage1 Epoch 11/20:  33%|██████████████████████████▎                                                    | 15/45 [00:00<00:00, 30.14it/s]
Stage1 Epoch 11/20:  42%|█████████████████████████████████▎                                             | 19/45 [00:00<00:00, 30.45it/s]
Stage1 Epoch 11/20:  51%|████████████████████████████████████████▍                                      | 23/45 [00:00<00:00, 30.89it/s]
Stage1 Epoch 11/20:  60%|███████████████████████████████████████████████▍                               | 27/45 [00:00<00:00, 33.09it/s]
Stage1 Epoch 11/20:  69%|██████████████████████████████████████████████████████▍                        | 31/45 [00:01<00:00, 34.45it/s]
Stage1 Epoch 11/20:  80%|███████████████████████████████████████████████████████████████▏               | 36/45 [00:01<00:00, 37.21it/s]
Stage1 Epoch 11/20:  91%|███████████████████████████████████████████████████████████████████████▉       | 41/45 [00:01<00:00, 40.63it/s]
Stage1 Epoch 11/20: 100%|███████████████████████████████████████████████████████████████████████████████| 45/45 [00:01<00:00, 33.51it/s]

Stage1 Epoch 12/20:   0%|                                                                                        | 0/45 [00:00<?, ?it/s]
Stage1 Epoch 12/20:   2%|█▊                                                                              | 1/45 [00:00<00:07,  6.00it/s]
Stage1 Epoch 12/20:  11%|████████▉                                                                       | 5/45 [00:00<00:01, 20.18it/s]
Stage1 Epoch 12/20:  22%|█████████████████▌                                                             | 10/45 [00:00<00:01, 30.49it/s]
Stage1 Epoch 12/20:  33%|██████████████████████████▎                                                    | 15/45 [00:00<00:00, 34.40it/s]
Stage1 Epoch 12/20:  42%|█████████████████████████████████▎                                             | 19/45 [00:00<00:00, 32.70it/s]
Stage1 Epoch 12/20:  53%|██████████████████████████████████████████▏                                    | 24/45 [00:00<00:00, 37.68it/s]
Stage1 Epoch 12/20:  64%|██████████████████████████████████████████████████▉                            | 29/45 [00:00<00:00, 38.30it/s]
Stage1 Epoch 12/20:  76%|███████████████████████████████████████████████████████████▋                   | 34/45 [00:00<00:00, 41.50it/s]
Stage1 Epoch 12/20:  87%|████████████████████████████████████████████████████████████████████▍          | 39/45 [00:01<00:00, 41.76it/s]
Stage1 Epoch 12/20:  98%|█████████████████████████████████████████████████████████████████████████████▏ | 44/45 [00:01<00:00, 41.74it/s]
Stage1 Epoch 12/20: 100%|███████████████████████████████████████████████████████████████████████████████| 45/45 [00:01<00:00, 35.85it/s]

Stage1 Epoch 13/20:   0%|                                                                                        | 0/45 [00:00<?, ?it/s]
Stage1 Epoch 13/20:   2%|█▊                                                                              | 1/45 [00:00<00:09,  4.45it/s]
Stage1 Epoch 13/20:  11%|████████▉                                                                       | 5/45 [00:00<00:02, 18.11it/s]
Stage1 Epoch 13/20:  20%|████████████████                                                                | 9/45 [00:00<00:01, 25.36it/s]
Stage1 Epoch 13/20:  29%|██████████████████████▊                                                        | 13/45 [00:00<00:01, 29.63it/s]
Stage1 Epoch 13/20:  38%|█████████████████████████████▊                                                 | 17/45 [00:00<00:00, 32.63it/s]
Stage1 Epoch 13/20:  47%|████████████████████████████████████▊                                          | 21/45 [00:00<00:00, 34.49it/s]
Stage1 Epoch 13/20:  56%|███████████████████████████████████████████▉                                   | 25/45 [00:00<00:00, 35.77it/s]
Stage1 Epoch 13/20:  64%|██████████████████████████████████████████████████▉                            | 29/45 [00:00<00:00, 36.30it/s]
Stage1 Epoch 13/20:  73%|█████████████████████████████████████████████████████████▉                     | 33/45 [00:01<00:00, 36.64it/s]
Stage1 Epoch 13/20:  82%|████████████████████████████████████████████████████████████████▉              | 37/45 [00:01<00:00, 36.99it/s]
Stage1 Epoch 13/20:  96%|███████████████████████████████████████████████████████████████████████████▍   | 43/45 [00:01<00:00, 41.91it/s]
Stage1 Epoch 13/20: 100%|███████████████████████████████████████████████████████████████████████████████| 45/45 [00:01<00:00, 33.07it/s]

Stage1 Epoch 14/20:   0%|                                                                                        | 0/45 [00:00<?, ?it/s]
Stage1 Epoch 14/20:   2%|█▊                                                                              | 1/45 [00:00<00:07,  5.98it/s]
Stage1 Epoch 14/20:  13%|██████████▋                                                                     | 6/45 [00:00<00:01, 25.98it/s]
Stage1 Epoch 14/20:  24%|███████████████████▎                                                           | 11/45 [00:00<00:01, 33.57it/s]
Stage1 Epoch 14/20:  36%|████████████████████████████                                                   | 16/45 [00:00<00:00, 37.43it/s]
Stage1 Epoch 14/20:  44%|███████████████████████████████████                                            | 20/45 [00:00<00:00, 37.85it/s]
Stage1 Epoch 14/20:  53%|██████████████████████████████████████████▏                                    | 24/45 [00:00<00:00, 37.49it/s]
Stage1 Epoch 14/20:  62%|█████████████████████████████████████████████████▏                             | 28/45 [00:00<00:00, 37.63it/s]
Stage1 Epoch 14/20:  71%|████████████████████████████████████████████████████████▏                      | 32/45 [00:00<00:00, 36.15it/s]
Stage1 Epoch 14/20:  80%|███████████████████████████████████████████████████████████████▏               | 36/45 [00:01<00:00, 37.09it/s]
Stage1 Epoch 14/20:  91%|███████████████████████████████████████████████████████████████████████▉       | 41/45 [00:01<00:00, 38.37it/s]
Stage1 Epoch 14/20: 100%|███████████████████████████████████████████████████████████████████████████████| 45/45 [00:01<00:00, 35.50it/s]

Stage1 Epoch 15/20:   0%|                                                                                        | 0/45 [00:00<?, ?it/s]
Stage1 Epoch 15/20:   2%|█▊                                                                              | 1/45 [00:00<00:07,  5.67it/s]
Stage1 Epoch 15/20:  13%|██████████▋                                                                     | 6/45 [00:00<00:01, 23.63it/s]
Stage1 Epoch 15/20:  22%|█████████████████▌                                                             | 10/45 [00:00<00:01, 26.74it/s]
Stage1 Epoch 15/20:  31%|████████████████████████▌                                                      | 14/45 [00:00<00:01, 29.92it/s]
Stage1 Epoch 15/20:  42%|█████████████████████████████████▎                                             | 19/45 [00:00<00:00, 35.38it/s]
Stage1 Epoch 15/20:  53%|██████████████████████████████████████████▏                                    | 24/45 [00:00<00:00, 34.49it/s]
Stage1 Epoch 15/20:  62%|█████████████████████████████████████████████████▏                             | 28/45 [00:00<00:00, 35.49it/s]
Stage1 Epoch 15/20:  71%|████████████████████████████████████████████████████████▏                      | 32/45 [00:01<00:00, 36.23it/s]
Stage1 Epoch 15/20:  80%|███████████████████████████████████████████████████████████████▏               | 36/45 [00:01<00:00, 36.79it/s]
Stage1 Epoch 15/20:  89%|██████████████████████████████████████████████████████████████████████▏        | 40/45 [00:01<00:00, 37.05it/s]
Stage1 Epoch 15/20: 100%|███████████████████████████████████████████████████████████████████████████████| 45/45 [00:01<00:00, 39.65it/s]
Stage1 Epoch 15/20: 100%|███████████████████████████████████████████████████████████████████████████████| 45/45 [00:01<00:00, 33.38it/s]

Stage1 Epoch 16/20:   0%|                                                                                        | 0/45 [00:00<?, ?it/s]
Stage1 Epoch 16/20:   2%|█▊                                                                              | 1/45 [00:00<00:07,  6.09it/s]
Stage1 Epoch 16/20:  11%|████████▉                                                                       | 5/45 [00:00<00:02, 19.58it/s]
Stage1 Epoch 16/20:  20%|████████████████                                                                | 9/45 [00:00<00:01, 26.77it/s]
Stage1 Epoch 16/20:  31%|████████████████████████▌                                                      | 14/45 [00:00<00:00, 33.46it/s]
Stage1 Epoch 16/20:  40%|███████████████████████████████▌                                               | 18/45 [00:00<00:00, 32.68it/s]
Stage1 Epoch 16/20:  49%|██████████████████████████████████████▌                                        | 22/45 [00:00<00:00, 34.42it/s]
Stage1 Epoch 16/20:  60%|███████████████████████████████████████████████▍                               | 27/45 [00:00<00:00, 38.26it/s]
Stage1 Epoch 16/20:  69%|██████████████████████████████████████████████████████▍                        | 31/45 [00:00<00:00, 34.88it/s]
Stage1 Epoch 16/20:  78%|█████████████████████████████████████████████████████████████▍                 | 35/45 [00:01<00:00, 33.98it/s]
Stage1 Epoch 16/20:  87%|████████████████████████████████████████████████████████████████████▍          | 39/45 [00:01<00:00, 33.61it/s]
Stage1 Epoch 16/20:  98%|█████████████████████████████████████████████████████████████████████████████▏ | 44/45 [00:01<00:00, 37.94it/s]
Stage1 Epoch 16/20: 100%|███████████████████████████████████████████████████████████████████████████████| 45/45 [00:01<00:00, 32.89it/s]

Stage1 Epoch 17/20:   0%|                                                                                        | 0/45 [00:00<?, ?it/s]
Stage1 Epoch 17/20:   2%|█▊                                                                              | 1/45 [00:00<00:08,  5.15it/s]
Stage1 Epoch 17/20:  16%|████████████▍                                                                   | 7/45 [00:00<00:01, 26.68it/s]
Stage1 Epoch 17/20:  27%|█████████████████████                                                          | 12/45 [00:00<00:01, 29.03it/s]
Stage1 Epoch 17/20:  36%|████████████████████████████                                                   | 16/45 [00:00<00:00, 31.30it/s]
Stage1 Epoch 17/20:  47%|████████████████████████████████████▊                                          | 21/45 [00:00<00:00, 36.67it/s]
Stage1 Epoch 17/20:  58%|█████████████████████████████████████████████▋                                 | 26/45 [00:00<00:00, 39.81it/s]
Stage1 Epoch 17/20:  69%|██████████████████████████████████████████████████████▍                        | 31/45 [00:00<00:00, 40.84it/s]
Stage1 Epoch 17/20:  80%|███████████████████████████████████████████████████████████████▏               | 36/45 [00:01<00:00, 41.82it/s]
Stage1 Epoch 17/20:  91%|███████████████████████████████████████████████████████████████████████▉       | 41/45 [00:01<00:00, 41.36it/s]
Stage1 Epoch 17/20: 100%|███████████████████████████████████████████████████████████████████████████████| 45/45 [00:01<00:00, 36.12it/s]

Stage1 Epoch 18/20:   0%|                                                                                        | 0/45 [00:00<?, ?it/s]
Stage1 Epoch 18/20:   2%|█▊                                                                              | 1/45 [00:00<00:07,  5.94it/s]
Stage1 Epoch 18/20:  13%|██████████▋                                                                     | 6/45 [00:00<00:02, 19.34it/s]
Stage1 Epoch 18/20:  24%|███████████████████▎                                                           | 11/45 [00:00<00:01, 28.48it/s]
Stage1 Epoch 18/20:  36%|████████████████████████████                                                   | 16/45 [00:00<00:00, 34.27it/s]
Stage1 Epoch 18/20:  47%|████████████████████████████████████▊                                          | 21/45 [00:00<00:00, 38.52it/s]
Stage1 Epoch 18/20:  58%|█████████████████████████████████████████████▋                                 | 26/45 [00:00<00:00, 33.49it/s]
Stage1 Epoch 18/20:  69%|██████████████████████████████████████████████████████▍                        | 31/45 [00:00<00:00, 37.00it/s]
Stage1 Epoch 18/20:  80%|███████████████████████████████████████████████████████████████▏               | 36/45 [00:01<00:00, 40.37it/s]
Stage1 Epoch 18/20:  91%|███████████████████████████████████████████████████████████████████████▉       | 41/45 [00:01<00:00, 38.23it/s]
Stage1 Epoch 18/20: 100%|███████████████████████████████████████████████████████████████████████████████| 45/45 [00:01<00:00, 33.88it/s]

Stage2 Epoch 1/30:   0%|                                                                                         | 0/45 [00:00<?, ?it/s]
Stage2 Epoch 1/30:   2%|█▊                                                                               | 1/45 [00:00<00:13,  3.30it/s]
Stage2 Epoch 1/30:   9%|███████▏                                                                         | 4/45 [00:00<00:03, 10.33it/s]
Stage2 Epoch 1/30:  16%|████████████▌                                                                    | 7/45 [00:00<00:02, 14.03it/s]
Stage2 Epoch 1/30:  22%|█████████████████▊                                                              | 10/45 [00:00<00:02, 16.20it/s]
Stage2 Epoch 1/30:  29%|███████████████████████                                                         | 13/45 [00:00<00:01, 17.56it/s]
Stage2 Epoch 1/30:  36%|████████████████████████████▍                                                   | 16/45 [00:01<00:01, 18.42it/s]
Stage2 Epoch 1/30:  40%|████████████████████████████████                                                | 18/45 [00:01<00:01, 18.75it/s]
Stage2 Epoch 1/30:  44%|███████████████████████████████████▌                                            | 20/45 [00:01<00:01, 18.86it/s]
Stage2 Epoch 1/30:  51%|████████████████████████████████████████▉                                       | 23/45 [00:01<00:01, 19.36it/s]
Stage2 Epoch 1/30:  58%|██████████████████████████████████████████████▏                                 | 26/45 [00:01<00:00, 19.65it/s]
Stage2 Epoch 1/30:  64%|███████████████████████████████████████████████████▌                            | 29/45 [00:01<00:00, 19.85it/s]
Stage2 Epoch 1/30:  71%|████████████████████████████████████████████████████████▉                       | 32/45 [00:01<00:00, 19.98it/s]
Stage2 Epoch 1/30:  78%|██████████████████████████████████████████████████████████████▏                 | 35/45 [00:01<00:00, 20.07it/s]
Stage2 Epoch 1/30:  84%|███████████████████████████████████████████████████████████████████▌            | 38/45 [00:02<00:00, 20.06it/s]
Stage2 Epoch 1/30:  91%|████████████████████████████████████████████████████████████████████████▉       | 41/45 [00:02<00:00, 20.06it/s]
Stage2 Epoch 1/30:  98%|██████████████████████████████████████████████████████████████████████████████▏ | 44/45 [00:02<00:00, 20.12it/s]
Stage2 Epoch 1/30: 100%|████████████████████████████████████████████████████████████████████████████████| 45/45 [00:02<00:00, 17.98it/s]

Stage2 Epoch 2/30:   0%|                                                                                         | 0/45 [00:00<?, ?it/s]
Stage2 Epoch 2/30:   2%|█▊                                                                               | 1/45 [00:00<00:09,  4.66it/s]
Stage2 Epoch 2/30:   9%|███████▏                                                                         | 4/45 [00:00<00:03, 12.36it/s]
Stage2 Epoch 2/30:  16%|████████████▌                                                                    | 7/45 [00:00<00:02, 15.63it/s]
Stage2 Epoch 2/30:  22%|█████████████████▊                                                              | 10/45 [00:00<00:02, 17.35it/s]
Stage2 Epoch 2/30:  29%|███████████████████████                                                         | 13/45 [00:00<00:01, 18.37it/s]
Stage2 Epoch 2/30:  36%|████████████████████████████▍                                                   | 16/45 [00:00<00:01, 18.99it/s]
Stage2 Epoch 2/30:  40%|████████████████████████████████                                                | 18/45 [00:01<00:01, 19.20it/s]
Stage2 Epoch 2/30:  44%|███████████████████████████████████▌                                            | 20/45 [00:01<00:01, 19.31it/s]
Stage2 Epoch 2/30:  51%|████████████████████████████████████████▉                                       | 23/45 [00:01<00:01, 19.60it/s]
Stage2 Epoch 2/30:  58%|██████████████████████████████████████████████▏                                 | 26/45 [00:01<00:00, 19.82it/s]
Stage2 Epoch 2/30:  64%|███████████████████████████████████████████████████▌                            | 29/45 [00:01<00:00, 19.95it/s]
Stage2 Epoch 2/30:  71%|████████████████████████████████████████████████████████▉                       | 32/45 [00:01<00:00, 20.03it/s]
Stage2 Epoch 2/30:  78%|██████████████████████████████████████████████████████████████▏                 | 35/45 [00:01<00:00, 20.09it/s]
Stage2 Epoch 2/30:  84%|███████████████████████████████████████████████████████████████████▌            | 38/45 [00:02<00:00, 20.05it/s]
Stage2 Epoch 2/30:  91%|████████████████████████████████████████████████████████████████████████▉       | 41/45 [00:02<00:00, 20.04it/s]
Stage2 Epoch 2/30:  98%|██████████████████████████████████████████████████████████████████████████████▏ | 44/45 [00:02<00:00, 20.08it/s]
Stage2 Epoch 2/30: 100%|████████████████████████████████████████████████████████████████████████████████| 45/45 [00:02<00:00, 18.56it/s]

Stage2 Epoch 3/30:   0%|                                                                                         | 0/45 [00:00<?, ?it/s]
Stage2 Epoch 3/30:   2%|█▊                                                                               | 1/45 [00:00<00:09,  4.56it/s]
Stage2 Epoch 3/30:   9%|███████▏                                                                         | 4/45 [00:00<00:03, 12.24it/s]
Stage2 Epoch 3/30:  16%|████████████▌                                                                    | 7/45 [00:00<00:02, 15.52it/s]
Stage2 Epoch 3/30:  22%|█████████████████▊                                                              | 10/45 [00:00<00:02, 17.25it/s]
Stage2 Epoch 3/30:  29%|███████████████████████                                                         | 13/45 [00:00<00:01, 18.28it/s]
Stage2 Epoch 3/30:  36%|████████████████████████████▍                                                   | 16/45 [00:00<00:01, 18.94it/s]
Stage2 Epoch 3/30:  40%|████████████████████████████████                                                | 18/45 [00:01<00:01, 19.18it/s]
Stage2 Epoch 3/30:  44%|███████████████████████████████████▌                                            | 20/45 [00:01<00:01, 19.34it/s]
Stage2 Epoch 3/30:  51%|████████████████████████████████████████▉                                       | 23/45 [00:01<00:01, 19.63it/s]
Stage2 Epoch 3/30:  58%|██████████████████████████████████████████████▏                                 | 26/45 [00:01<00:00, 19.84it/s]
Stage2 Epoch 3/30:  64%|███████████████████████████████████████████████████▌                            | 29/45 [00:01<00:00, 19.94it/s]
Stage2 Epoch 3/30:  71%|████████████████████████████████████████████████████████▉                       | 32/45 [00:01<00:00, 20.02it/s]
Stage2 Epoch 3/30:  78%|██████████████████████████████████████████████████████████████▏                 | 35/45 [00:01<00:00, 20.05it/s]
Stage2 Epoch 3/30:  84%|███████████████████████████████████████████████████████████████████▌            | 38/45 [00:02<00:00, 20.01it/s]
Stage2 Epoch 3/30:  91%|████████████████████████████████████████████████████████████████████████▉       | 41/45 [00:02<00:00, 20.02it/s]
Stage2 Epoch 3/30:  98%|██████████████████████████████████████████████████████████████████████████████▏ | 44/45 [00:02<00:00, 20.05it/s]
Stage2 Epoch 3/30: 100%|████████████████████████████████████████████████████████████████████████████████| 45/45 [00:02<00:00, 18.51it/s]

Stage2 Epoch 4/30:   0%|                                                                                         | 0/45 [00:00<?, ?it/s]
Stage2 Epoch 4/30:   2%|█▊                                                                               | 1/45 [00:00<00:10,  4.36it/s]
Stage2 Epoch 4/30:   9%|███████▏                                                                         | 4/45 [00:00<00:03, 11.94it/s]
Stage2 Epoch 4/30:  16%|████████████▌                                                                    | 7/45 [00:00<00:02, 15.30it/s]
Stage2 Epoch 4/30:  22%|█████████████████▊                                                              | 10/45 [00:00<00:02, 17.12it/s]
Stage2 Epoch 4/30:  29%|███████████████████████                                                         | 13/45 [00:00<00:01, 18.19it/s]
Stage2 Epoch 4/30:  36%|████████████████████████████▍                                                   | 16/45 [00:00<00:01, 18.87it/s]
Stage2 Epoch 4/30:  40%|████████████████████████████████                                                | 18/45 [00:01<00:01, 19.01it/s]
Stage2 Epoch 4/30:  44%|███████████████████████████████████▌                                            | 20/45 [00:01<00:01, 19.15it/s]
Stage2 Epoch 4/30:  51%|████████████████████████████████████████▉                                       | 23/45 [00:01<00:01, 19.47it/s]
Stage2 Epoch 4/30:  58%|██████████████████████████████████████████████▏                                 | 26/45 [00:01<00:00, 19.72it/s]
Stage2 Epoch 4/30:  64%|███████████████████████████████████████████████████▌                            | 29/45 [00:01<00:00, 19.88it/s]
Stage2 Epoch 4/30:  71%|████████████████████████████████████████████████████████▉                       | 32/45 [00:01<00:00, 20.00it/s]
Stage2 Epoch 4/30:  78%|██████████████████████████████████████████████████████████████▏                 | 35/45 [00:01<00:00, 20.07it/s]
Stage2 Epoch 4/30:  84%|███████████████████████████████████████████████████████████████████▌            | 38/45 [00:02<00:00, 19.96it/s]
Stage2 Epoch 4/30:  89%|███████████████████████████████████████████████████████████████████████         | 40/45 [00:02<00:00, 19.95it/s]
Stage2 Epoch 4/30:  96%|████████████████████████████████████████████████████████████████████████████▍   | 43/45 [00:02<00:00, 19.98it/s]
Stage2 Epoch 4/30: 100%|████████████████████████████████████████████████████████████████████████████████| 45/45 [00:02<00:00, 18.43it/s]

Stage2 Epoch 5/30:   0%|                                                                                         | 0/45 [00:00<?, ?it/s]
Stage2 Epoch 5/30:   2%|█▊                                                                               | 1/45 [00:00<00:09,  4.76it/s]
Stage2 Epoch 5/30:   9%|███████▏                                                                         | 4/45 [00:00<00:03, 12.51it/s]
Stage2 Epoch 5/30:  16%|████████████▌                                                                    | 7/45 [00:00<00:02, 15.70it/s]
Stage2 Epoch 5/30:  22%|█████████████████▊                                                              | 10/45 [00:00<00:02, 17.36it/s]
Stage2 Epoch 5/30:  29%|███████████████████████                                                         | 13/45 [00:00<00:01, 18.35it/s]
Stage2 Epoch 5/30:  36%|████████████████████████████▍                                                   | 16/45 [00:00<00:01, 18.97it/s]
Stage2 Epoch 5/30:  40%|████████████████████████████████                                                | 18/45 [00:01<00:01, 19.07it/s]
Stage2 Epoch 5/30:  44%|███████████████████████████████████▌                                            | 20/45 [00:01<00:01, 19.23it/s]
Stage2 Epoch 5/30:  51%|████████████████████████████████████████▉                                       | 23/45 [00:01<00:01, 19.52it/s]
Stage2 Epoch 5/30:  58%|██████████████████████████████████████████████▏                                 | 26/45 [00:01<00:00, 19.75it/s]
Stage2 Epoch 5/30:  64%|███████████████████████████████████████████████████▌                            | 29/45 [00:01<00:00, 19.87it/s]
Stage2 Epoch 5/30:  71%|████████████████████████████████████████████████████████▉                       | 32/45 [00:01<00:00, 19.98it/s]
Stage2 Epoch 5/30:  78%|██████████████████████████████████████████████████████████████▏                 | 35/45 [00:01<00:00, 20.10it/s]
Stage2 Epoch 5/30:  84%|███████████████████████████████████████████████████████████████████▌            | 38/45 [00:02<00:00, 20.08it/s]
Stage2 Epoch 5/30:  91%|████████████████████████████████████████████████████████████████████████▉       | 41/45 [00:02<00:00, 20.11it/s]
Stage2 Epoch 5/30:  98%|██████████████████████████████████████████████████████████████████████████████▏ | 44/45 [00:02<00:00, 20.15it/s]
Stage2 Epoch 5/30: 100%|████████████████████████████████████████████████████████████████████████████████| 45/45 [00:02<00:00, 18.59it/s]

Stage2 Epoch 6/30:   0%|                                                                                         | 0/45 [00:00<?, ?it/s]
Stage2 Epoch 6/30:   2%|█▊                                                                               | 1/45 [00:00<00:10,  4.08it/s]
Stage2 Epoch 6/30:   9%|███████▏                                                                         | 4/45 [00:00<00:03, 11.56it/s]
Stage2 Epoch 6/30:  16%|████████████▌                                                                    | 7/45 [00:00<00:02, 15.04it/s]
Stage2 Epoch 6/30:  22%|█████████████████▊                                                              | 10/45 [00:00<00:02, 16.97it/s]
Stage2 Epoch 6/30:  29%|███████████████████████                                                         | 13/45 [00:00<00:01, 18.11it/s]
Stage2 Epoch 6/30:  36%|████████████████████████████▍                                                   | 16/45 [00:00<00:01, 18.85it/s]
Stage2 Epoch 6/30:  40%|████████████████████████████████                                                | 18/45 [00:01<00:01, 19.12it/s]
Stage2 Epoch 6/30:  44%|███████████████████████████████████▌                                            | 20/45 [00:01<00:01, 19.24it/s]
Stage2 Epoch 6/30:  51%|████████████████████████████████████████▉                                       | 23/45 [00:01<00:01, 19.56it/s]
Stage2 Epoch 6/30:  58%|██████████████████████████████████████████████▏                                 | 26/45 [00:01<00:00, 19.80it/s]
Stage2 Epoch 6/30:  64%|███████████████████████████████████████████████████▌                            | 29/45 [00:01<00:00, 19.96it/s]
Stage2 Epoch 6/30:  71%|████████████████████████████████████████████████████████▉                       | 32/45 [00:01<00:00, 20.07it/s]
Stage2 Epoch 6/30:  78%|██████████████████████████████████████████████████████████████▏                 | 35/45 [00:01<00:00, 20.16it/s]
Stage2 Epoch 6/30:  84%|███████████████████████████████████████████████████████████████████▌            | 38/45 [00:02<00:00, 20.14it/s]
Stage2 Epoch 6/30:  91%|████████████████████████████████████████████████████████████████████████▉       | 41/45 [00:02<00:00, 20.12it/s]
Stage2 Epoch 6/30:  98%|██████████████████████████████████████████████████████████████████████████████▏ | 44/45 [00:02<00:00, 20.14it/s]
Stage2 Epoch 6/30: 100%|████████████████████████████████████████████████████████████████████████████████| 45/45 [00:02<00:00, 18.38it/s]

Stage2 Epoch 7/30:   0%|                                                                                         | 0/45 [00:00<?, ?it/s]
Stage2 Epoch 7/30:   2%|█▊                                                                               | 1/45 [00:00<00:10,  4.07it/s]
Stage2 Epoch 7/30:   9%|███████▏                                                                         | 4/45 [00:00<00:03, 11.56it/s]
Stage2 Epoch 7/30:  16%|████████████▌                                                                    | 7/45 [00:00<00:02, 15.02it/s]
Stage2 Epoch 7/30:  22%|█████████████████▊                                                              | 10/45 [00:00<00:02, 16.95it/s]
Stage2 Epoch 7/30:  29%|███████████████████████                                                         | 13/45 [00:00<00:01, 18.08it/s]
Stage2 Epoch 7/30:  36%|████████████████████████████▍                                                   | 16/45 [00:00<00:01, 18.77it/s]
Stage2 Epoch 7/30:  40%|████████████████████████████████                                                | 18/45 [00:01<00:01, 19.05it/s]
Stage2 Epoch 7/30:  44%|███████████████████████████████████▌                                            | 20/45 [00:01<00:01, 19.24it/s]
Stage2 Epoch 7/30:  51%|████████████████████████████████████████▉                                       | 23/45 [00:01<00:01, 19.56it/s]
Stage2 Epoch 7/30:  58%|██████████████████████████████████████████████▏                                 | 26/45 [00:01<00:00, 19.82it/s]
Stage2 Epoch 7/30:  64%|███████████████████████████████████████████████████▌                            | 29/45 [00:01<00:00, 19.98it/s]
Stage2 Epoch 7/30:  71%|████████████████████████████████████████████████████████▉                       | 32/45 [00:01<00:00, 20.07it/s]
Stage2 Epoch 7/30:  78%|██████████████████████████████████████████████████████████████▏                 | 35/45 [00:01<00:00, 20.15it/s]
Stage2 Epoch 7/30:  84%|███████████████████████████████████████████████████████████████████▌            | 38/45 [00:02<00:00, 20.11it/s]
Stage2 Epoch 7/30:  91%|████████████████████████████████████████████████████████████████████████▉       | 41/45 [00:02<00:00, 20.11it/s]
Stage2 Epoch 7/30:  98%|██████████████████████████████████████████████████████████████████████████████▏ | 44/45 [00:02<00:00, 20.15it/s]
Stage2 Epoch 7/30: 100%|████████████████████████████████████████████████████████████████████████████████| 45/45 [00:02<00:00, 18.40it/s]

Stage2 Epoch 8/30:   0%|                                                                                         | 0/45 [00:00<?, ?it/s]
Stage2 Epoch 8/30:   2%|█▊                                                                               | 1/45 [00:00<00:09,  4.82it/s]
Stage2 Epoch 8/30:   9%|███████▏                                                                         | 4/45 [00:00<00:03, 12.64it/s]
Stage2 Epoch 8/30:  16%|████████████▌                                                                    | 7/45 [00:00<00:02, 15.87it/s]
Stage2 Epoch 8/30:  22%|█████████████████▊                                                              | 10/45 [00:00<00:01, 17.54it/s]
Stage2 Epoch 8/30:  29%|███████████████████████                                                         | 13/45 [00:00<00:01, 18.51it/s]
Stage2 Epoch 8/30:  36%|████████████████████████████▍                                                   | 16/45 [00:00<00:01, 19.13it/s]
Stage2 Epoch 8/30:  40%|████████████████████████████████                                                | 18/45 [00:01<00:01, 19.34it/s]
Stage2 Epoch 8/30:  44%|███████████████████████████████████▌                                            | 20/45 [00:01<00:01, 19.35it/s]
Stage2 Epoch 8/30:  51%|████████████████████████████████████████▉                                       | 23/45 [00:01<00:01, 19.65it/s]
Stage2 Epoch 8/30:  58%|██████████████████████████████████████████████▏                                 | 26/45 [00:01<00:00, 19.86it/s]
Stage2 Epoch 8/30:  64%|███████████████████████████████████████████████████▌                            | 29/45 [00:01<00:00, 20.00it/s]
Stage2 Epoch 8/30:  71%|████████████████████████████████████████████████████████▉                       | 32/45 [00:01<00:00, 20.09it/s]
Stage2 Epoch 8/30:  78%|██████████████████████████████████████████████████████████████▏                 | 35/45 [00:01<00:00, 20.13it/s]
Stage2 Epoch 8/30:  84%|███████████████████████████████████████████████████████████████████▌            | 38/45 [00:02<00:00, 20.12it/s]
Stage2 Epoch 8/30:  91%|████████████████████████████████████████████████████████████████████████▉       | 41/45 [00:02<00:00, 20.13it/s]
Stage2 Epoch 8/30:  98%|██████████████████████████████████████████████████████████████████████████████▏ | 44/45 [00:02<00:00, 20.16it/s]
Stage2 Epoch 8/30: 100%|████████████████████████████████████████████████████████████████████████████████| 45/45 [00:02<00:00, 18.68it/s]

Stage2 Epoch 9/30:   0%|                                                                                         | 0/45 [00:00<?, ?it/s]
Stage2 Epoch 9/30:   2%|█▊                                                                               | 1/45 [00:00<00:08,  5.05it/s]
Stage2 Epoch 9/30:   9%|███████▏                                                                         | 4/45 [00:00<00:03, 12.93it/s]
Stage2 Epoch 9/30:  16%|████████████▌                                                                    | 7/45 [00:00<00:02, 16.06it/s]
Stage2 Epoch 9/30:  22%|█████████████████▊                                                              | 10/45 [00:00<00:01, 17.63it/s]
Stage2 Epoch 9/30:  29%|███████████████████████                                                         | 13/45 [00:00<00:01, 18.58it/s]
Stage2 Epoch 9/30:  36%|████████████████████████████▍                                                   | 16/45 [00:00<00:01, 19.14it/s]
Stage2 Epoch 9/30:  42%|█████████████████████████████████▊                                              | 19/45 [00:01<00:01, 19.39it/s]
Stage2 Epoch 9/30:  49%|███████████████████████████████████████                                         | 22/45 [00:01<00:01, 19.63it/s]
Stage2 Epoch 9/30:  56%|████████████████████████████████████████████▍                                   | 25/45 [00:01<00:01, 19.80it/s]
Stage2 Epoch 9/30:  62%|█████████████████████████████████████████████████▊                              | 28/45 [00:01<00:00, 19.95it/s]
Stage2 Epoch 9/30:  69%|███████████████████████████████████████████████████████                         | 31/45 [00:01<00:00, 20.02it/s]
Stage2 Epoch 9/30:  76%|████████████████████████████████████████████████████████████▍                   | 34/45 [00:01<00:00, 20.10it/s]
Stage2 Epoch 9/30:  82%|█████████████████████████████████████████████████████████████████▊              | 37/45 [00:01<00:00, 20.11it/s]
Stage2 Epoch 9/30:  89%|███████████████████████████████████████████████████████████████████████         | 40/45 [00:02<00:00, 20.09it/s]
Stage2 Epoch 9/30:  96%|████████████████████████████████████████████████████████████████████████████▍   | 43/45 [00:02<00:00, 20.12it/s]
Stage2 Epoch 9/30: 100%|████████████████████████████████████████████████████████████████████████████████| 45/45 [00:02<00:00, 18.74it/s]

Stage2 Epoch 10/30:   0%|                                                                                        | 0/45 [00:00<?, ?it/s]
Stage2 Epoch 10/30:   2%|█▊                                                                              | 1/45 [00:00<00:10,  4.38it/s]
Stage2 Epoch 10/30:   9%|███████                                                                         | 4/45 [00:00<00:03, 12.01it/s]
Stage2 Epoch 10/30:  16%|████████████▍                                                                   | 7/45 [00:00<00:02, 15.38it/s]
Stage2 Epoch 10/30:  22%|█████████████████▌                                                             | 10/45 [00:00<00:02, 17.20it/s]
Stage2 Epoch 10/30:  29%|██████████████████████▊                                                        | 13/45 [00:00<00:01, 18.29it/s]
Stage2 Epoch 10/30:  36%|████████████████████████████                                                   | 16/45 [00:00<00:01, 18.95it/s]
Stage2 Epoch 10/30:  40%|███████████████████████████████▌                                               | 18/45 [00:01<00:01, 18.95it/s]
Stage2 Epoch 10/30:  44%|███████████████████████████████████                                            | 20/45 [00:01<00:01, 19.11it/s]
Stage2 Epoch 10/30:  51%|████████████████████████████████████████▍                                      | 23/45 [00:01<00:01, 19.54it/s]
Stage2 Epoch 10/30:  58%|█████████████████████████████████████████████▋                                 | 26/45 [00:01<00:00, 19.80it/s]
Stage2 Epoch 10/30:  64%|██████████████████████████████████████████████████▉                            | 29/45 [00:01<00:00, 19.97it/s]
Stage2 Epoch 10/30:  71%|████████████████████████████████████████████████████████▏                      | 32/45 [00:01<00:00, 20.06it/s]
Stage2 Epoch 10/30:  78%|█████████████████████████████████████████████████████████████▍                 | 35/45 [00:01<00:00, 20.12it/s]
Stage2 Epoch 10/30:  84%|██████████████████████████████████████████████████████████████████▋            | 38/45 [00:02<00:00, 20.04it/s]
Stage2 Epoch 10/30:  91%|███████████████████████████████████████████████████████████████████████▉       | 41/45 [00:02<00:00, 20.04it/s]
Stage2 Epoch 10/30:  98%|█████████████████████████████████████████████████████████████████████████████▏ | 44/45 [00:02<00:00, 20.10it/s]
Stage2 Epoch 10/30: 100%|███████████████████████████████████████████████████████████████████████████████| 45/45 [00:02<00:00, 18.45it/s]

Stage2 Epoch 11/30:   0%|                                                                                        | 0/45 [00:00<?, ?it/s]
Stage2 Epoch 11/30:   2%|█▊                                                                              | 1/45 [00:00<00:10,  4.25it/s]
Stage2 Epoch 11/30:   9%|███████                                                                         | 4/45 [00:00<00:03, 11.79it/s]
Stage2 Epoch 11/30:  16%|████████████▍                                                                   | 7/45 [00:00<00:02, 15.23it/s]
Stage2 Epoch 11/30:  22%|█████████████████▌                                                             | 10/45 [00:00<00:02, 17.08it/s]
Stage2 Epoch 11/30:  29%|██████████████████████▊                                                        | 13/45 [00:00<00:01, 18.17it/s]
Stage2 Epoch 11/30:  36%|████████████████████████████                                                   | 16/45 [00:00<00:01, 18.86it/s]
Stage2 Epoch 11/30:  40%|███████████████████████████████▌                                               | 18/45 [00:01<00:01, 19.13it/s]
Stage2 Epoch 11/30:  44%|███████████████████████████████████                                            | 20/45 [00:01<00:01, 19.29it/s]
Stage2 Epoch 11/30:  51%|████████████████████████████████████████▍                                      | 23/45 [00:01<00:01, 19.57it/s]
Stage2 Epoch 11/30:  58%|█████████████████████████████████████████████▋                                 | 26/45 [00:01<00:00, 19.78it/s]
Stage2 Epoch 11/30:  64%|██████████████████████████████████████████████████▉                            | 29/45 [00:01<00:00, 19.90it/s]
Stage2 Epoch 11/30:  71%|████████████████████████████████████████████████████████▏                      | 32/45 [00:01<00:00, 19.97it/s]
Stage2 Epoch 11/30:  78%|█████████████████████████████████████████████████████████████▍                 | 35/45 [00:01<00:00, 20.04it/s]
Stage2 Epoch 11/30:  84%|██████████████████████████████████████████████████████████████████▋            | 38/45 [00:02<00:00, 20.01it/s]
Stage2 Epoch 11/30:  91%|███████████████████████████████████████████████████████████████████████▉       | 41/45 [00:02<00:00, 20.04it/s]
Stage2 Epoch 11/30:  98%|█████████████████████████████████████████████████████████████████████████████▏ | 44/45 [00:02<00:00, 20.07it/s]
Stage2 Epoch 11/30: 100%|███████████████████████████████████████████████████████████████████████████████| 45/45 [00:02<00:00, 18.44it/s]

Stage2 Epoch 12/30:   0%|                                                                                        | 0/45 [00:00<?, ?it/s]
Stage2 Epoch 12/30:   2%|█▊                                                                              | 1/45 [00:00<00:09,  4.79it/s]
Stage2 Epoch 12/30:   9%|███████                                                                         | 4/45 [00:00<00:03, 12.55it/s]
Stage2 Epoch 12/30:  16%|████████████▍                                                                   | 7/45 [00:00<00:02, 15.77it/s]
Stage2 Epoch 12/30:  22%|█████████████████▌                                                             | 10/45 [00:00<00:02, 17.47it/s]
Stage2 Epoch 12/30:  29%|██████████████████████▊                                                        | 13/45 [00:00<00:01, 18.44it/s]
Stage2 Epoch 12/30:  36%|████████████████████████████                                                   | 16/45 [00:00<00:01, 19.06it/s]
Stage2 Epoch 12/30:  40%|███████████████████████████████▌                                               | 18/45 [00:01<00:01, 19.18it/s]
Stage2 Epoch 12/30:  44%|███████████████████████████████████                                            | 20/45 [00:01<00:01, 19.27it/s]
Stage2 Epoch 12/30:  51%|████████████████████████████████████████▍                                      | 23/45 [00:01<00:01, 19.57it/s]
Stage2 Epoch 12/30:  58%|█████████████████████████████████████████████▋                                 | 26/45 [00:01<00:00, 19.80it/s]
Stage2 Epoch 12/30:  64%|██████████████████████████████████████████████████▉                            | 29/45 [00:01<00:00, 19.94it/s]
Stage2 Epoch 12/30:  71%|████████████████████████████████████████████████████████▏                      | 32/45 [00:01<00:00, 20.04it/s]
Stage2 Epoch 12/30:  78%|█████████████████████████████████████████████████████████████▍                 | 35/45 [00:01<00:00, 20.14it/s]
Stage2 Epoch 12/30:  84%|██████████████████████████████████████████████████████████████████▋            | 38/45 [00:02<00:00, 20.05it/s]
Stage2 Epoch 12/30:  91%|███████████████████████████████████████████████████████████████████████▉       | 41/45 [00:02<00:00, 20.02it/s]
Stage2 Epoch 12/30:  98%|█████████████████████████████████████████████████████████████████████████████▏ | 44/45 [00:02<00:00, 20.06it/s]
Stage2 Epoch 12/30: 100%|███████████████████████████████████████████████████████████████████████████████| 45/45 [00:02<00:00, 18.63it/s]

Stage2 Epoch 13/30:   0%|                                                                                        | 0/45 [00:00<?, ?it/s]
Stage2 Epoch 13/30:   2%|█▊                                                                              | 1/45 [00:00<00:09,  4.78it/s]
Stage2 Epoch 13/30:   9%|███████                                                                         | 4/45 [00:00<00:03, 12.52it/s]
Stage2 Epoch 13/30:  16%|████████████▍                                                                   | 7/45 [00:00<00:02, 15.74it/s]
Stage2 Epoch 13/30:  22%|█████████████████▌                                                             | 10/45 [00:00<00:02, 17.39it/s]
Stage2 Epoch 13/30:  29%|██████████████████████▊                                                        | 13/45 [00:00<00:01, 18.38it/s]
Stage2 Epoch 13/30:  36%|████████████████████████████                                                   | 16/45 [00:00<00:01, 19.03it/s]
Stage2 Epoch 13/30:  40%|███████████████████████████████▌                                               | 18/45 [00:01<00:01, 19.25it/s]
Stage2 Epoch 13/30:  44%|███████████████████████████████████                                            | 20/45 [00:01<00:01, 19.39it/s]
Stage2 Epoch 13/30:  51%|████████████████████████████████████████▍                                      | 23/45 [00:01<00:01, 19.65it/s]
Stage2 Epoch 13/30:  58%|█████████████████████████████████████████████▋                                 | 26/45 [00:01<00:00, 19.84it/s]
Stage2 Epoch 13/30:  64%|██████████████████████████████████████████████████▉                            | 29/45 [00:01<00:00, 19.94it/s]
Stage2 Epoch 13/30:  71%|████████████████████████████████████████████████████████▏                      | 32/45 [00:01<00:00, 20.01it/s]
Stage2 Epoch 13/30:  78%|█████████████████████████████████████████████████████████████▍                 | 35/45 [00:01<00:00, 20.09it/s]
Stage2 Epoch 13/30:  84%|██████████████████████████████████████████████████████████████████▋            | 38/45 [00:02<00:00, 20.06it/s]
Stage2 Epoch 13/30:  91%|███████████████████████████████████████████████████████████████████████▉       | 41/45 [00:02<00:00, 20.08it/s]
Stage2 Epoch 13/30:  98%|█████████████████████████████████████████████████████████████████████████████▏ | 44/45 [00:02<00:00, 20.10it/s]
Stage2 Epoch 13/30: 100%|███████████████████████████████████████████████████████████████████████████████| 45/45 [00:02<00:00, 18.61it/s]

Stage2 Epoch 14/30:   0%|                                                                                        | 0/45 [00:00<?, ?it/s]
Stage2 Epoch 14/30:   2%|█▊                                                                              | 1/45 [00:00<00:08,  5.16it/s]
Stage2 Epoch 14/30:   9%|███████                                                                         | 4/45 [00:00<00:03, 13.05it/s]
Stage2 Epoch 14/30:  16%|████████████▍                                                                   | 7/45 [00:00<00:02, 16.11it/s]
Stage2 Epoch 14/30:  22%|█████████████████▌                                                             | 10/45 [00:00<00:01, 17.70it/s]
Stage2 Epoch 14/30:  29%|██████████████████████▊                                                        | 13/45 [00:00<00:01, 18.60it/s]
Stage2 Epoch 14/30:  36%|████████████████████████████                                                   | 16/45 [00:00<00:01, 19.15it/s]
Stage2 Epoch 14/30:  40%|███████████████████████████████▌                                               | 18/45 [00:01<00:01, 19.14it/s]
Stage2 Epoch 14/30:  44%|███████████████████████████████████                                            | 20/45 [00:01<00:01, 19.26it/s]
Stage2 Epoch 14/30:  51%|████████████████████████████████████████▍                                      | 23/45 [00:01<00:01, 19.60it/s]
Stage2 Epoch 14/30:  58%|█████████████████████████████████████████████▋                                 | 26/45 [00:01<00:00, 19.80it/s]
Stage2 Epoch 14/30:  64%|██████████████████████████████████████████████████▉                            | 29/45 [00:01<00:00, 19.94it/s]
Stage2 Epoch 14/30:  71%|████████████████████████████████████████████████████████▏                      | 32/45 [00:01<00:00, 20.02it/s]
Stage2 Epoch 14/30:  78%|█████████████████████████████████████████████████████████████▍                 | 35/45 [00:01<00:00, 20.09it/s]
Stage2 Epoch 14/30:  84%|██████████████████████████████████████████████████████████████████▋            | 38/45 [00:02<00:00, 20.00it/s]
Stage2 Epoch 14/30:  91%|███████████████████████████████████████████████████████████████████████▉       | 41/45 [00:02<00:00, 20.03it/s]
Stage2 Epoch 14/30:  98%|█████████████████████████████████████████████████████████████████████████████▏ | 44/45 [00:02<00:00, 20.06it/s]
Stage2 Epoch 14/30: 100%|███████████████████████████████████████████████████████████████████████████████| 45/45 [00:02<00:00, 18.72it/s]

Stage2 Epoch 15/30:   0%|                                                                                        | 0/45 [00:00<?, ?it/s]
Stage2 Epoch 15/30:   2%|█▊                                                                              | 1/45 [00:00<00:08,  5.12it/s]
Stage2 Epoch 15/30:   9%|███████                                                                         | 4/45 [00:00<00:03, 12.93it/s]
Stage2 Epoch 15/30:  16%|████████████▍                                                                   | 7/45 [00:00<00:02, 16.05it/s]
Stage2 Epoch 15/30:  22%|█████████████████▌                                                             | 10/45 [00:00<00:01, 17.64it/s]
Stage2 Epoch 15/30:  29%|██████████████████████▊                                                        | 13/45 [00:00<00:01, 18.56it/s]
Stage2 Epoch 15/30:  36%|████████████████████████████                                                   | 16/45 [00:00<00:01, 19.12it/s]
Stage2 Epoch 15/30:  40%|███████████████████████████████▌                                               | 18/45 [00:01<00:01, 19.32it/s]
Stage2 Epoch 15/30:  44%|███████████████████████████████████                                            | 20/45 [00:01<00:01, 19.43it/s]
Stage2 Epoch 15/30:  51%|████████████████████████████████████████▍                                      | 23/45 [00:01<00:01, 19.66it/s]
Stage2 Epoch 15/30:  58%|█████████████████████████████████████████████▋                                 | 26/45 [00:01<00:00, 19.85it/s]
Stage2 Epoch 15/30:  64%|██████████████████████████████████████████████████▉                            | 29/45 [00:01<00:00, 19.95it/s]
Stage2 Epoch 15/30:  71%|████████████████████████████████████████████████████████▏                      | 32/45 [00:01<00:00, 20.02it/s]
Stage2 Epoch 15/30:  78%|█████████████████████████████████████████████████████████████▍                 | 35/45 [00:01<00:00, 20.08it/s]
Stage2 Epoch 15/30:  84%|██████████████████████████████████████████████████████████████████▋            | 38/45 [00:02<00:00, 20.04it/s]
Stage2 Epoch 15/30:  91%|███████████████████████████████████████████████████████████████████████▉       | 41/45 [00:02<00:00, 20.01it/s]
Stage2 Epoch 15/30:  98%|█████████████████████████████████████████████████████████████████████████████▏ | 44/45 [00:02<00:00, 20.07it/s]
Stage2 Epoch 15/30: 100%|███████████████████████████████████████████████████████████████████████████████| 45/45 [00:02<00:00, 18.70it/s]

Stage2 Epoch 16/30:   0%|                                                                                        | 0/45 [00:00<?, ?it/s]
Stage2 Epoch 16/30:   2%|█▊                                                                              | 1/45 [00:00<00:09,  4.64it/s]
Stage2 Epoch 16/30:   9%|███████                                                                         | 4/45 [00:00<00:03, 12.35it/s]
Stage2 Epoch 16/30:  16%|████████████▍                                                                   | 7/45 [00:00<00:02, 15.64it/s]
Stage2 Epoch 16/30:  22%|█████████████████▌                                                             | 10/45 [00:00<00:02, 17.36it/s]
Stage2 Epoch 16/30:  29%|██████████████████████▊                                                        | 13/45 [00:00<00:01, 18.34it/s]
Stage2 Epoch 16/30:  36%|████████████████████████████                                                   | 16/45 [00:00<00:01, 18.96it/s]
Stage2 Epoch 16/30:  40%|███████████████████████████████▌                                               | 18/45 [00:01<00:01, 19.10it/s]
Stage2 Epoch 16/30:  44%|███████████████████████████████████                                            | 20/45 [00:01<00:01, 19.19it/s]
Stage2 Epoch 16/30:  51%|████████████████████████████████████████▍                                      | 23/45 [00:01<00:01, 19.51it/s]
Stage2 Epoch 16/30:  58%|█████████████████████████████████████████████▋                                 | 26/45 [00:01<00:00, 19.77it/s]
Stage2 Epoch 16/30:  64%|██████████████████████████████████████████████████▉                            | 29/45 [00:01<00:00, 19.92it/s]
Stage2 Epoch 16/30:  71%|████████████████████████████████████████████████████████▏                      | 32/45 [00:01<00:00, 20.03it/s]
Stage2 Epoch 16/30:  78%|█████████████████████████████████████████████████████████████▍                 | 35/45 [00:01<00:00, 20.09it/s]
Stage2 Epoch 16/30:  84%|██████████████████████████████████████████████████████████████████▋            | 38/45 [00:02<00:00, 20.03it/s]
Stage2 Epoch 16/30:  91%|███████████████████████████████████████████████████████████████████████▉       | 41/45 [00:02<00:00, 19.99it/s]
Stage2 Epoch 16/30:  98%|█████████████████████████████████████████████████████████████████████████████▏ | 44/45 [00:02<00:00, 20.05it/s]
Stage2 Epoch 16/30: 100%|███████████████████████████████████████████████████████████████████████████████| 45/45 [00:02<00:00, 18.53it/s]

Stage2 Epoch 17/30:   0%|                                                                                        | 0/45 [00:00<?, ?it/s]
Stage2 Epoch 17/30:   2%|█▊                                                                              | 1/45 [00:00<00:08,  4.96it/s]
Stage2 Epoch 17/30:   9%|███████                                                                         | 4/45 [00:00<00:03, 12.79it/s]
Stage2 Epoch 17/30:  16%|████████████▍                                                                   | 7/45 [00:00<00:02, 15.91it/s]
Stage2 Epoch 17/30:  22%|█████████████████▌                                                             | 10/45 [00:00<00:01, 17.54it/s]
Stage2 Epoch 17/30:  29%|██████████████████████▊                                                        | 13/45 [00:00<00:01, 18.46it/s]
Stage2 Epoch 17/30:  36%|████████████████████████████                                                   | 16/45 [00:00<00:01, 19.05it/s]
Stage2 Epoch 17/30:  40%|███████████████████████████████▌                                               | 18/45 [00:01<00:01, 19.16it/s]
Stage2 Epoch 17/30:  44%|███████████████████████████████████                                            | 20/45 [00:01<00:01, 19.28it/s]
Stage2 Epoch 17/30:  51%|████████████████████████████████████████▍                                      | 23/45 [00:01<00:01, 19.58it/s]
Stage2 Epoch 17/30:  58%|█████████████████████████████████████████████▋                                 | 26/45 [00:01<00:00, 19.80it/s]
Stage2 Epoch 17/30:  64%|██████████████████████████████████████████████████▉                            | 29/45 [00:01<00:00, 19.91it/s]
Stage2 Epoch 17/30:  71%|████████████████████████████████████████████████████████▏                      | 32/45 [00:01<00:00, 20.01it/s]
Stage2 Epoch 17/30:  78%|█████████████████████████████████████████████████████████████▍                 | 35/45 [00:01<00:00, 20.09it/s]
Stage2 Epoch 17/30:  84%|██████████████████████████████████████████████████████████████████▋            | 38/45 [00:02<00:00, 20.01it/s]
Stage2 Epoch 17/30:  91%|███████████████████████████████████████████████████████████████████████▉       | 41/45 [00:02<00:00, 19.99it/s]
Stage2 Epoch 17/30:  98%|█████████████████████████████████████████████████████████████████████████████▏ | 44/45 [00:02<00:00, 20.02it/s]
Stage2 Epoch 17/30: 100%|███████████████████████████████████████████████████████████████████████████████| 45/45 [00:02<00:00, 18.63it/s]

Stage2 Epoch 18/30:   0%|                                                                                        | 0/45 [00:00<?, ?it/s]
Stage2 Epoch 18/30:   2%|█▊                                                                              | 1/45 [00:00<00:09,  4.62it/s]
Stage2 Epoch 18/30:   9%|███████                                                                         | 4/45 [00:00<00:03, 12.33it/s]
Stage2 Epoch 18/30:  16%|████████████▍                                                                   | 7/45 [00:00<00:02, 15.57it/s]
Stage2 Epoch 18/30:  22%|█████████████████▌                                                             | 10/45 [00:00<00:02, 17.29it/s]
Stage2 Epoch 18/30:  29%|██████████████████████▊                                                        | 13/45 [00:00<00:01, 18.29it/s]
Stage2 Epoch 18/30:  36%|████████████████████████████                                                   | 16/45 [00:00<00:01, 18.92it/s]
Stage2 Epoch 18/30:  40%|███████████████████████████████▌                                               | 18/45 [00:01<00:01, 19.14it/s]
Stage2 Epoch 18/30:  44%|███████████████████████████████████                                            | 20/45 [00:01<00:01, 19.30it/s]
Stage2 Epoch 18/30:  51%|████████████████████████████████████████▍                                      | 23/45 [00:01<00:01, 19.58it/s]
Stage2 Epoch 18/30:  58%|█████████████████████████████████████████████▋                                 | 26/45 [00:01<00:00, 19.78it/s]
Stage2 Epoch 18/30:  64%|██████████████████████████████████████████████████▉                            | 29/45 [00:01<00:00, 19.92it/s]
Stage2 Epoch 18/30:  71%|████████████████████████████████████████████████████████▏                      | 32/45 [00:01<00:00, 19.98it/s]
Stage2 Epoch 18/30:  78%|█████████████████████████████████████████████████████████████▍                 | 35/45 [00:01<00:00, 20.05it/s]
Stage2 Epoch 18/30:  84%|██████████████████████████████████████████████████████████████████▋            | 38/45 [00:02<00:00, 20.00it/s]
Stage2 Epoch 18/30:  91%|███████████████████████████████████████████████████████████████████████▉       | 41/45 [00:02<00:00, 20.03it/s]
Stage2 Epoch 18/30:  98%|█████████████████████████████████████████████████████████████████████████████▏ | 44/45 [00:02<00:00, 20.05it/s]
Stage2 Epoch 18/30: 100%|███████████████████████████████████████████████████████████████████████████████| 45/45 [00:02<00:00, 18.55it/s]

Stage2 Epoch 19/30:   0%|                                                                                        | 0/45 [00:00<?, ?it/s]
Stage2 Epoch 19/30:   2%|█▊                                                                              | 1/45 [00:00<00:09,  4.52it/s]
Stage2 Epoch 19/30:   9%|███████                                                                         | 4/45 [00:00<00:03, 12.17it/s]
Stage2 Epoch 19/30:  16%|████████████▍                                                                   | 7/45 [00:00<00:02, 15.45it/s]
Stage2 Epoch 19/30:  22%|█████████████████▌                                                             | 10/45 [00:00<00:02, 17.19it/s]
Stage2 Epoch 19/30:  29%|██████████████████████▊                                                        | 13/45 [00:00<00:01, 18.24it/s]
Stage2 Epoch 19/30:  36%|████████████████████████████                                                   | 16/45 [00:00<00:01, 18.88it/s]
Stage2 Epoch 19/30:  40%|███████████████████████████████▌                                               | 18/45 [00:01<00:01, 19.08it/s]
Stage2 Epoch 19/30:  44%|███████████████████████████████████                                            | 20/45 [00:01<00:01, 19.27it/s]
Stage2 Epoch 19/30:  51%|████████████████████████████████████████▍                                      | 23/45 [00:01<00:01, 19.57it/s]
Stage2 Epoch 19/30:  58%|█████████████████████████████████████████████▋                                 | 26/45 [00:01<00:00, 19.76it/s]
Stage2 Epoch 19/30:  64%|██████████████████████████████████████████████████▉                            | 29/45 [00:01<00:00, 19.90it/s]
Stage2 Epoch 19/30:  71%|████████████████████████████████████████████████████████▏                      | 32/45 [00:01<00:00, 19.98it/s]
Stage2 Epoch 19/30:  78%|█████████████████████████████████████████████████████████████▍                 | 35/45 [00:01<00:00, 20.04it/s]
Stage2 Epoch 19/30:  84%|██████████████████████████████████████████████████████████████████▋            | 38/45 [00:02<00:00, 19.97it/s]
Stage2 Epoch 19/30:  91%|███████████████████████████████████████████████████████████████████████▉       | 41/45 [00:02<00:00, 20.01it/s]
Stage2 Epoch 19/30:  98%|█████████████████████████████████████████████████████████████████████████████▏ | 44/45 [00:02<00:00, 20.04it/s]
Stage2 Epoch 19/30: 100%|███████████████████████████████████████████████████████████████████████████████| 45/45 [00:02<00:00, 18.50it/s]

Stage2 Epoch 20/30:   0%|                                                                                        | 0/45 [00:00<?, ?it/s]
Stage2 Epoch 20/30:   2%|█▊                                                                              | 1/45 [00:00<00:08,  5.22it/s]
Stage2 Epoch 20/30:   7%|█████▎                                                                          | 3/45 [00:00<00:03, 11.53it/s]
Stage2 Epoch 20/30:  13%|██████████▋                                                                     | 6/45 [00:00<00:02, 15.61it/s]
Stage2 Epoch 20/30:  20%|████████████████                                                                | 9/45 [00:00<00:02, 17.45it/s]
Stage2 Epoch 20/30:  27%|█████████████████████                                                          | 12/45 [00:00<00:01, 18.45it/s]
Stage2 Epoch 20/30:  33%|██████████████████████████▎                                                    | 15/45 [00:00<00:01, 19.03it/s]
Stage2 Epoch 20/30:  40%|███████████████████████████████▌                                               | 18/45 [00:01<00:01, 19.31it/s]
Stage2 Epoch 20/30:  44%|███████████████████████████████████                                            | 20/45 [00:01<00:01, 19.43it/s]
Stage2 Epoch 20/30:  51%|████████████████████████████████████████▍                                      | 23/45 [00:01<00:01, 19.65it/s]
Stage2 Epoch 20/30:  58%|█████████████████████████████████████████████▋                                 | 26/45 [00:01<00:00, 19.83it/s]
Stage2 Epoch 20/30:  64%|██████████████████████████████████████████████████▉                            | 29/45 [00:01<00:00, 19.95it/s]
Stage2 Epoch 20/30:  71%|████████████████████████████████████████████████████████▏                      | 32/45 [00:01<00:00, 20.02it/s]
Stage2 Epoch 20/30:  78%|█████████████████████████████████████████████████████████████▍                 | 35/45 [00:01<00:00, 20.07it/s]
Stage2 Epoch 20/30:  84%|██████████████████████████████████████████████████████████████████▋            | 38/45 [00:02<00:00, 19.99it/s]
Stage2 Epoch 20/30:  91%|███████████████████████████████████████████████████████████████████████▉       | 41/45 [00:02<00:00, 19.99it/s]
Stage2 Epoch 20/30:  96%|███████████████████████████████████████████████████████████████████████████▍   | 43/45 [00:02<00:00, 19.99it/s]
Stage2 Epoch 20/30: 100%|███████████████████████████████████████████████████████████████████████████████| 45/45 [00:02<00:00, 18.68it/s]

Stage2 Epoch 21/30:   0%|                                                                                        | 0/45 [00:00<?, ?it/s]
Stage2 Epoch 21/30:   2%|█▊                                                                              | 1/45 [00:00<00:09,  4.80it/s]
Stage2 Epoch 21/30:   9%|███████                                                                         | 4/45 [00:00<00:03, 12.53it/s]
Stage2 Epoch 21/30:  16%|████████████▍                                                                   | 7/45 [00:00<00:02, 15.72it/s]
Stage2 Epoch 21/30:  22%|█████████████████▌                                                             | 10/45 [00:00<00:02, 17.38it/s]
Stage2 Epoch 21/30:  29%|██████████████████████▊                                                        | 13/45 [00:00<00:01, 18.37it/s]
Stage2 Epoch 21/30:  36%|████████████████████████████                                                   | 16/45 [00:00<00:01, 18.96it/s]
Stage2 Epoch 21/30:  40%|███████████████████████████████▌                                               | 18/45 [00:01<00:01, 19.13it/s]
Stage2 Epoch 21/30:  44%|███████████████████████████████████                                            | 20/45 [00:01<00:01, 19.27it/s]
Stage2 Epoch 21/30:  51%|████████████████████████████████████████▍                                      | 23/45 [00:01<00:01, 19.59it/s]
Stage2 Epoch 21/30:  58%|█████████████████████████████████████████████▋                                 | 26/45 [00:01<00:00, 19.78it/s]
Stage2 Epoch 21/30:  64%|██████████████████████████████████████████████████▉                            | 29/45 [00:01<00:00, 19.91it/s]
Stage2 Epoch 21/30:  71%|████████████████████████████████████████████████████████▏                      | 32/45 [00:01<00:00, 20.00it/s]
Stage2 Epoch 21/30:  78%|█████████████████████████████████████████████████████████████▍                 | 35/45 [00:01<00:00, 20.05it/s]
Stage2 Epoch 21/30:  84%|██████████████████████████████████████████████████████████████████▋            | 38/45 [00:02<00:00, 19.99it/s]
Stage2 Epoch 21/30:  91%|███████████████████████████████████████████████████████████████████████▉       | 41/45 [00:02<00:00, 20.00it/s]
Stage2 Epoch 21/30:  98%|█████████████████████████████████████████████████████████████████████████████▏ | 44/45 [00:02<00:00, 20.05it/s]
Stage2 Epoch 21/30: 100%|███████████████████████████████████████████████████████████████████████████████| 45/45 [00:02<00:00, 18.55it/s]

Stage2 Epoch 22/30:   0%|                                                                                        | 0/45 [00:00<?, ?it/s]
Stage2 Epoch 22/30:   2%|█▊                                                                              | 1/45 [00:00<00:10,  4.21it/s]
Stage2 Epoch 22/30:   9%|███████                                                                         | 4/45 [00:00<00:03, 11.76it/s]
Stage2 Epoch 22/30:  16%|████████████▍                                                                   | 7/45 [00:00<00:02, 15.15it/s]
Stage2 Epoch 22/30:  22%|█████████████████▌                                                             | 10/45 [00:00<00:02, 16.99it/s]
Stage2 Epoch 22/30:  29%|██████████████████████▊                                                        | 13/45 [00:00<00:01, 18.07it/s]
Stage2 Epoch 22/30:  36%|████████████████████████████                                                   | 16/45 [00:00<00:01, 18.74it/s]
Stage2 Epoch 22/30:  40%|███████████████████████████████▌                                               | 18/45 [00:01<00:01, 18.94it/s]
Stage2 Epoch 22/30:  44%|███████████████████████████████████                                            | 20/45 [00:01<00:01, 19.12it/s]
Stage2 Epoch 22/30:  51%|████████████████████████████████████████▍                                      | 23/45 [00:01<00:01, 19.46it/s]
Stage2 Epoch 22/30:  58%|█████████████████████████████████████████████▋                                 | 26/45 [00:01<00:00, 19.70it/s]
Stage2 Epoch 22/30:  64%|██████████████████████████████████████████████████▉                            | 29/45 [00:01<00:00, 19.84it/s]
Stage2 Epoch 22/30:  71%|████████████████████████████████████████████████████████▏                      | 32/45 [00:01<00:00, 19.96it/s]
Stage2 Epoch 22/30:  78%|█████████████████████████████████████████████████████████████▍                 | 35/45 [00:01<00:00, 20.02it/s]
Stage2 Epoch 22/30:  84%|██████████████████████████████████████████████████████████████████▋            | 38/45 [00:02<00:00, 19.97it/s]
Stage2 Epoch 22/30:  89%|██████████████████████████████████████████████████████████████████████▏        | 40/45 [00:02<00:00, 19.97it/s]
Stage2 Epoch 22/30:  96%|███████████████████████████████████████████████████████████████████████████▍   | 43/45 [00:02<00:00, 20.02it/s]
Stage2 Epoch 22/30: 100%|███████████████████████████████████████████████████████████████████████████████| 45/45 [00:02<00:00, 18.37it/s]
/mnt/workspace/utils/train_visualizer.py:100: UserWarning: Glyph 21335 (\N{CJK UNIFIED IDEOGRAPH-5357}) missing from font(s) DejaVu Sans.
  fig.tight_layout()
/mnt/workspace/utils/train_visualizer.py:100: UserWarning: Glyph 22825 (\N{CJK UNIFIED IDEOGRAPH-5929}) missing from font(s) DejaVu Sans.
  fig.tight_layout()
/mnt/workspace/utils/train_visualizer.py:100: UserWarning: Glyph 31481 (\N{CJK UNIFIED IDEOGRAPH-7AF9}) missing from font(s) DejaVu Sans.
  fig.tight_layout()
/mnt/workspace/utils/train_visualizer.py:100: UserWarning: Glyph 21494 (\N{CJK UNIFIED IDEOGRAPH-53F6}) missing from font(s) DejaVu Sans.
  fig.tight_layout()
/mnt/workspace/utils/train_visualizer.py:100: UserWarning: Glyph 23567 (\N{CJK UNIFIED IDEOGRAPH-5C0F}) missing from font(s) DejaVu Sans.
  fig.tight_layout()
/mnt/workspace/utils/train_visualizer.py:100: UserWarning: Glyph 22899 (\N{CJK UNIFIED IDEOGRAPH-5973}) missing from font(s) DejaVu Sans.
  fig.tight_layout()
/mnt/workspace/utils/train_visualizer.py:100: UserWarning: Glyph 36126 (\N{CJK UNIFIED IDEOGRAPH-8D1E}) missing from font(s) DejaVu Sans.
  fig.tight_layout()
/mnt/workspace/utils/train_visualizer.py:100: UserWarning: Glyph 24748 (\N{CJK UNIFIED IDEOGRAPH-60AC}) missing from font(s) DejaVu Sans.
  fig.tight_layout()
/mnt/workspace/utils/train_visualizer.py:100: UserWarning: Glyph 38083 (\N{CJK UNIFIED IDEOGRAPH-94C3}) missing from font(s) DejaVu Sans.
  fig.tight_layout()
/mnt/workspace/utils/train_visualizer.py:100: UserWarning: Glyph 26408 (\N{CJK UNIFIED IDEOGRAPH-6728}) missing from font(s) DejaVu Sans.
  fig.tight_layout()
/mnt/workspace/utils/train_visualizer.py:100: UserWarning: Glyph 26460 (\N{CJK UNIFIED IDEOGRAPH-675C}) missing from font(s) DejaVu Sans.
  fig.tight_layout()
/mnt/workspace/utils/train_visualizer.py:100: UserWarning: Glyph 40515 (\N{CJK UNIFIED IDEOGRAPH-9E43}) missing from font(s) DejaVu Sans.
  fig.tight_layout()
/mnt/workspace/utils/train_visualizer.py:100: UserWarning: Glyph 33457 (\N{CJK UNIFIED IDEOGRAPH-82B1}) missing from font(s) DejaVu Sans.
  fig.tight_layout()
/mnt/workspace/utils/train_visualizer.py:100: UserWarning: Glyph 26503 (\N{CJK UNIFIED IDEOGRAPH-6787}) missing from font(s) DejaVu Sans.
  fig.tight_layout()
/mnt/workspace/utils/train_visualizer.py:100: UserWarning: Glyph 26487 (\N{CJK UNIFIED IDEOGRAPH-6777}) missing from font(s) DejaVu Sans.
  fig.tight_layout()
/mnt/workspace/utils/train_visualizer.py:100: UserWarning: Glyph 27185 (\N{CJK UNIFIED IDEOGRAPH-6A31}) missing from font(s) DejaVu Sans.
  fig.tight_layout()
/mnt/workspace/utils/train_visualizer.py:100: UserWarning: Glyph 27861 (\N{CJK UNIFIED IDEOGRAPH-6CD5}) missing from font(s) DejaVu Sans.
  fig.tight_layout()
/mnt/workspace/utils/train_visualizer.py:100: UserWarning: Glyph 22269 (\N{CJK UNIFIED IDEOGRAPH-56FD}) missing from font(s) DejaVu Sans.
  fig.tight_layout()
/mnt/workspace/utils/train_visualizer.py:100: UserWarning: Glyph 20908 (\N{CJK UNIFIED IDEOGRAPH-51AC}) missing from font(s) DejaVu Sans.
  fig.tight_layout()
/mnt/workspace/utils/train_visualizer.py:100: UserWarning: Glyph 38738 (\N{CJK UNIFIED IDEOGRAPH-9752}) missing from font(s) DejaVu Sans.
  fig.tight_layout()
/mnt/workspace/utils/train_visualizer.py:100: UserWarning: Glyph 28023 (\N{CJK UNIFIED IDEOGRAPH-6D77}) missing from font(s) DejaVu Sans.
  fig.tight_layout()
/mnt/workspace/utils/train_visualizer.py:100: UserWarning: Glyph 26704 (\N{CJK UNIFIED IDEOGRAPH-6850}) missing from font(s) DejaVu Sans.
  fig.tight_layout()
/mnt/workspace/utils/train_visualizer.py:100: UserWarning: Glyph 30707 (\N{CJK UNIFIED IDEOGRAPH-77F3}) missing from font(s) DejaVu Sans.
  fig.tight_layout()
/mnt/workspace/utils/train_visualizer.py:100: UserWarning: Glyph 26976 (\N{CJK UNIFIED IDEOGRAPH-6960}) missing from font(s) DejaVu Sans.
  fig.tight_layout()
/mnt/workspace/utils/train_visualizer.py:101: UserWarning: Glyph 21335 (\N{CJK UNIFIED IDEOGRAPH-5357}) missing from font(s) DejaVu Sans.
  fig.savefig(output_path, bbox_inches="tight")
/mnt/workspace/utils/train_visualizer.py:101: UserWarning: Glyph 22825 (\N{CJK UNIFIED IDEOGRAPH-5929}) missing from font(s) DejaVu Sans.
  fig.savefig(output_path, bbox_inches="tight")
/mnt/workspace/utils/train_visualizer.py:101: UserWarning: Glyph 31481 (\N{CJK UNIFIED IDEOGRAPH-7AF9}) missing from font(s) DejaVu Sans.
  fig.savefig(output_path, bbox_inches="tight")
/mnt/workspace/utils/train_visualizer.py:101: UserWarning: Glyph 21494 (\N{CJK UNIFIED IDEOGRAPH-53F6}) missing from font(s) DejaVu Sans.
  fig.savefig(output_path, bbox_inches="tight")
/mnt/workspace/utils/train_visualizer.py:101: UserWarning: Glyph 23567 (\N{CJK UNIFIED IDEOGRAPH-5C0F}) missing from font(s) DejaVu Sans.
  fig.savefig(output_path, bbox_inches="tight")
/mnt/workspace/utils/train_visualizer.py:101: UserWarning: Glyph 22899 (\N{CJK UNIFIED IDEOGRAPH-5973}) missing from font(s) DejaVu Sans.
  fig.savefig(output_path, bbox_inches="tight")
/mnt/workspace/utils/train_visualizer.py:101: UserWarning: Glyph 36126 (\N{CJK UNIFIED IDEOGRAPH-8D1E}) missing from font(s) DejaVu Sans.
  fig.savefig(output_path, bbox_inches="tight")
/mnt/workspace/utils/train_visualizer.py:101: UserWarning: Glyph 24748 (\N{CJK UNIFIED IDEOGRAPH-60AC}) missing from font(s) DejaVu Sans.
  fig.savefig(output_path, bbox_inches="tight")
/mnt/workspace/utils/train_visualizer.py:101: UserWarning: Glyph 38083 (\N{CJK UNIFIED IDEOGRAPH-94C3}) missing from font(s) DejaVu Sans.
  fig.savefig(output_path, bbox_inches="tight")
/mnt/workspace/utils/train_visualizer.py:101: UserWarning: Glyph 26408 (\N{CJK UNIFIED IDEOGRAPH-6728}) missing from font(s) DejaVu Sans.
  fig.savefig(output_path, bbox_inches="tight")
/mnt/workspace/utils/train_visualizer.py:101: UserWarning: Glyph 26460 (\N{CJK UNIFIED IDEOGRAPH-675C}) missing from font(s) DejaVu Sans.
  fig.savefig(output_path, bbox_inches="tight")
/mnt/workspace/utils/train_visualizer.py:101: UserWarning: Glyph 40515 (\N{CJK UNIFIED IDEOGRAPH-9E43}) missing from font(s) DejaVu Sans.
  fig.savefig(output_path, bbox_inches="tight")
/mnt/workspace/utils/train_visualizer.py:101: UserWarning: Glyph 33457 (\N{CJK UNIFIED IDEOGRAPH-82B1}) missing from font(s) DejaVu Sans.
  fig.savefig(output_path, bbox_inches="tight")
/mnt/workspace/utils/train_visualizer.py:101: UserWarning: Glyph 26503 (\N{CJK UNIFIED IDEOGRAPH-6787}) missing from font(s) DejaVu Sans.
  fig.savefig(output_path, bbox_inches="tight")
/mnt/workspace/utils/train_visualizer.py:101: UserWarning: Glyph 26487 (\N{CJK UNIFIED IDEOGRAPH-6777}) missing from font(s) DejaVu Sans.
  fig.savefig(output_path, bbox_inches="tight")
/mnt/workspace/utils/train_visualizer.py:101: UserWarning: Glyph 27185 (\N{CJK UNIFIED IDEOGRAPH-6A31}) missing from font(s) DejaVu Sans.
  fig.savefig(output_path, bbox_inches="tight")
/mnt/workspace/utils/train_visualizer.py:101: UserWarning: Glyph 27861 (\N{CJK UNIFIED IDEOGRAPH-6CD5}) missing from font(s) DejaVu Sans.
  fig.savefig(output_path, bbox_inches="tight")
/mnt/workspace/utils/train_visualizer.py:101: UserWarning: Glyph 22269 (\N{CJK UNIFIED IDEOGRAPH-56FD}) missing from font(s) DejaVu Sans.
  fig.savefig(output_path, bbox_inches="tight")
/mnt/workspace/utils/train_visualizer.py:101: UserWarning: Glyph 20908 (\N{CJK UNIFIED IDEOGRAPH-51AC}) missing from font(s) DejaVu Sans.
  fig.savefig(output_path, bbox_inches="tight")
/mnt/workspace/utils/train_visualizer.py:101: UserWarning: Glyph 38738 (\N{CJK UNIFIED IDEOGRAPH-9752}) missing from font(s) DejaVu Sans.
  fig.savefig(output_path, bbox_inches="tight")
/mnt/workspace/utils/train_visualizer.py:101: UserWarning: Glyph 28023 (\N{CJK UNIFIED IDEOGRAPH-6D77}) missing from font(s) DejaVu Sans.
  fig.savefig(output_path, bbox_inches="tight")
/mnt/workspace/utils/train_visualizer.py:101: UserWarning: Glyph 26704 (\N{CJK UNIFIED IDEOGRAPH-6850}) missing from font(s) DejaVu Sans.
  fig.savefig(output_path, bbox_inches="tight")
/mnt/workspace/utils/train_visualizer.py:101: UserWarning: Glyph 30707 (\N{CJK UNIFIED IDEOGRAPH-77F3}) missing from font(s) DejaVu Sans.
  fig.savefig(output_path, bbox_inches="tight")
/mnt/workspace/utils/train_visualizer.py:101: UserWarning: Glyph 26976 (\N{CJK UNIFIED IDEOGRAPH-6960}) missing from font(s) DejaVu Sans.
  fig.savefig(output_path, bbox_inches="tight")
