实验: 实验2: ResNet50 vs ConvNeXt-Tiny on 复杂背景数据集 - convnext
运行ID: exp2_convnext_complex_20260427_160907
开始时间: 2026-04-27T16:10:50.929990
耗时: 103.28秒
================================================================================
[INFO] Log will be saved to logs/convnext_tiny_complex_train_log_20260427_160910.txt

===== CONFIG =====
dataset:
  input_size: 224
  batch_size: 16
  limit_train_per_class: 80
  limit_val_per_class: 25
model:
  num_classes: 9
  pretrained_weights: ./pretrain_weights/convnext_tiny_1k_224_ema.pth
train:
  epochs_stage1: 20
  epochs_stage2: 30
  grad_clip: 0.5
criterion:
  label_smoothing: 0.05
optimizer:
  lr_stage1: 0.001
  lr_stage2: 5.0e-05
  beta1: 0.9
  beta2: 0.999
  eps: 1.0e-08
  weight_decay1: 0.02
  weight_decay2: 0.02
early_stop:
  patience: 7
  min_delta: 0.002
scheduler:
  reduce:
    mode: max
    factor: 0.5
    patience: 2
    min_lr: 5.0e-07
  cosin:
    warmup_epochs: 4
    warmup_lr_init: 1.0e-07
    min_lr: 5.0e-08
  warmup_epochs_stage1: 4
  warmup_lr_init_stage1: 1.0e-07
logger:
  model_name: convnext_tiny_complex

==================

[INFO] Reading Dataset for type: complex_yolo
[INFO] Loaded training samples: 1290, validation samples: 363
[INFO] Subset dataset to 720 samples (limit 80 per class)
[INFO] Subset dataset to 225 samples (limit 25 per class)
[INFO] 数据集实际类别数: 9
ConvNeXt预训练权重加载完成（已剔除分类头）
Stage1 训练参数: head.weight
Stage1 训练参数: head.bias
[INFO] Stage1 使用 Cosine Warmup (warmup_epochs=4)
[INFO] Time 2.40s | TrainLoss 3.3625 | TrainAcc 15.83% | ValLoss 2.8946 | ValAcc 12.89% | ValTop5 57.78%
[INFO] Current Stage1 learning rate: 0.000072
[INFO] Update best ValAcc: 12.89%
[INFO] Time 1.80s | TrainLoss 3.1938 | TrainAcc 15.42% | ValLoss 2.8025 | ValAcc 14.22% | ValTop5 58.67%
[INFO] Current Stage1 learning rate: 0.000079
[INFO] Update best ValAcc: 14.22%
[INFO] Time 1.80s | TrainLoss 3.1508 | TrainAcc 16.11% | ValLoss 2.7107 | ValAcc 16.00% | ValTop5 60.89%
[INFO] Current Stage1 learning rate: 0.000089
[INFO] Update best ValAcc: 16.00%
[INFO] Time 1.74s | TrainLoss 3.0523 | TrainAcc 16.39% | ValLoss 2.6206 | ValAcc 16.44% | ValTop5 62.22%
[INFO] Current Stage1 learning rate: 0.000091
[INFO] Update best ValAcc: 16.44%
[INFO] Time 1.75s | TrainLoss 2.9443 | TrainAcc 15.56% | ValLoss 2.5350 | ValAcc 16.89% | ValTop5 65.33%
[INFO] Current Stage1 learning rate: 0.000094
[INFO] Update best ValAcc: 16.89%
[INFO] Time 1.76s | TrainLoss 2.8925 | TrainAcc 19.03% | ValLoss 2.4537 | ValAcc 17.78% | ValTop5 69.78%
[INFO] Current Stage1 learning rate: 0.000099
[INFO] Update best ValAcc: 17.78%
[INFO] Time 1.79s | TrainLoss 2.8223 | TrainAcc 18.06% | ValLoss 2.3762 | ValAcc 20.89% | ValTop5 72.44%
[INFO] Current Stage1 learning rate: 0.000116
[INFO] Update best ValAcc: 20.89%
[INFO] Time 1.77s | TrainLoss 2.7172 | TrainAcc 20.69% | ValLoss 2.2908 | ValAcc 21.33% | ValTop5 74.67%
[INFO] Current Stage1 learning rate: 0.000119
[INFO] Update best ValAcc: 21.33%
[INFO] Time 1.80s | TrainLoss 2.7177 | TrainAcc 19.31% | ValLoss 2.2125 | ValAcc 24.00% | ValTop5 77.33%
[INFO] Current Stage1 learning rate: 0.000133
[INFO] Update best ValAcc: 24.00%
[INFO] Time 1.82s | TrainLoss 2.6098 | TrainAcc 21.94% | ValLoss 2.1302 | ValAcc 26.67% | ValTop5 77.78%
[INFO] Current Stage1 learning rate: 0.000148
[INFO] Update best ValAcc: 26.67%
[INFO] Time 1.87s | TrainLoss 2.4777 | TrainAcc 20.56% | ValLoss 2.0472 | ValAcc 29.33% | ValTop5 80.44%
[INFO] Current Stage1 learning rate: 0.000163
[INFO] Update best ValAcc: 29.33%
[INFO] Time 1.77s | TrainLoss 2.4127 | TrainAcc 25.56% | ValLoss 1.9651 | ValAcc 34.22% | ValTop5 80.44%
[INFO] Current Stage1 learning rate: 0.000190
[INFO] Update best ValAcc: 34.22%
[INFO] Time 1.73s | TrainLoss 2.3050 | TrainAcc 25.83% | ValLoss 1.8714 | ValAcc 37.33% | ValTop5 84.89%
[INFO] Current Stage1 learning rate: 0.000207
[INFO] Update best ValAcc: 37.33%
[INFO] Time 1.87s | TrainLoss 2.2042 | TrainAcc 27.64% | ValLoss 1.7831 | ValAcc 39.11% | ValTop5 86.67%
[INFO] Current Stage1 learning rate: 0.000217
[INFO] Update best ValAcc: 39.11%
[INFO] Time 2.01s | TrainLoss 2.1845 | TrainAcc 31.67% | ValLoss 1.6964 | ValAcc 40.89% | ValTop5 88.44%
[INFO] Current Stage1 learning rate: 0.000227
[INFO] Update best ValAcc: 40.89%
[INFO] Time 1.80s | TrainLoss 2.0504 | TrainAcc 32.22% | ValLoss 1.6122 | ValAcc 43.56% | ValTop5 92.89%
[INFO] Current Stage1 learning rate: 0.000242
[INFO] Update best ValAcc: 43.56%
[INFO] Time 1.79s | TrainLoss 1.9180 | TrainAcc 36.39% | ValLoss 1.5328 | ValAcc 45.78% | ValTop5 95.56%
[INFO] Current Stage1 learning rate: 0.000254
[INFO] Update best ValAcc: 45.78%
[INFO] Time 1.81s | TrainLoss 1.8840 | TrainAcc 37.50% | ValLoss 1.4521 | ValAcc 48.89% | ValTop5 96.89%
[INFO] Current Stage1 learning rate: 0.000272
[INFO] Update best ValAcc: 48.89%
[INFO] Time 1.82s | TrainLoss 1.7461 | TrainAcc 42.64% | ValLoss 1.3749 | ValAcc 53.33% | ValTop5 97.33%
[INFO] Current Stage1 learning rate: 0.000296
[INFO] Update best ValAcc: 53.33%
[INFO] Time 1.85s | TrainLoss 1.7323 | TrainAcc 43.75% | ValLoss 1.3012 | ValAcc 56.00% | ValTop5 97.78%
[INFO] Current Stage1 learning rate: 0.000311
[INFO] Update best ValAcc: 56.00%
[INFO] Stage1 training done. Best ValAcc: 56.00%
Stage2 解冻所有参数，开始全量训练
Param groups = {
  "decay": {
    "params": [
      "downsample_layers.0.0.weight",
      "downsample_layers.1.1.weight",
      "downsample_layers.2.1.weight",
      "downsample_layers.3.1.weight",
      "stages.0.0.dwconv.weight",
      "stages.0.0.pwconv1.weight",
      "stages.0.0.pwconv2.weight",
      "stages.0.1.dwconv.weight",
      "stages.0.1.pwconv1.weight",
      "stages.0.1.pwconv2.weight",
      "stages.0.2.dwconv.weight",
      "stages.0.2.pwconv1.weight",
      "stages.0.2.pwconv2.weight",
      "stages.1.0.dwconv.weight",
      "stages.1.0.pwconv1.weight",
      "stages.1.0.pwconv2.weight",
      "stages.1.1.dwconv.weight",
      "stages.1.1.pwconv1.weight",
      "stages.1.1.pwconv2.weight",
      "stages.1.2.dwconv.weight",
      "stages.1.2.pwconv1.weight",
      "stages.1.2.pwconv2.weight",
      "stages.2.0.dwconv.weight",
      "stages.2.0.pwconv1.weight",
      "stages.2.0.pwconv2.weight",
      "stages.2.1.dwconv.weight",
      "stages.2.1.pwconv1.weight",
      "stages.2.1.pwconv2.weight",
      "stages.2.2.dwconv.weight",
      "stages.2.2.pwconv1.weight",
      "stages.2.2.pwconv2.weight",
      "stages.2.3.dwconv.weight",
      "stages.2.3.pwconv1.weight",
      "stages.2.3.pwconv2.weight",
      "stages.2.4.dwconv.weight",
      "stages.2.4.pwconv1.weight",
      "stages.2.4.pwconv2.weight",
      "stages.2.5.dwconv.weight",
      "stages.2.5.pwconv1.weight",
      "stages.2.5.pwconv2.weight",
      "stages.2.6.dwconv.weight",
      "stages.2.6.pwconv1.weight",
      "stages.2.6.pwconv2.weight",
      "stages.2.7.dwconv.weight",
      "stages.2.7.pwconv1.weight",
      "stages.2.7.pwconv2.weight",
      "stages.2.8.dwconv.weight",
      "stages.2.8.pwconv1.weight",
      "stages.2.8.pwconv2.weight",
      "stages.3.0.dwconv.weight",
      "stages.3.0.pwconv1.weight",
      "stages.3.0.pwconv2.weight",
      "stages.3.1.dwconv.weight",
      "stages.3.1.pwconv1.weight",
      "stages.3.1.pwconv2.weight",
      "stages.3.2.dwconv.weight",
      "stages.3.2.pwconv1.weight",
      "stages.3.2.pwconv2.weight",
      "head.weight"
    ],
    "weight_decay": 0.02
  },
  "no_decay": {
    "params": [
      "downsample_layers.0.0.bias",
      "downsample_layers.0.1.weight",
      "downsample_layers.0.1.bias",
      "downsample_layers.1.0.weight",
      "downsample_layers.1.0.bias",
      "downsample_layers.1.1.bias",
      "downsample_layers.2.0.weight",
      "downsample_layers.2.0.bias",
      "downsample_layers.2.1.bias",
      "downsample_layers.3.0.weight",
      "downsample_layers.3.0.bias",
      "downsample_layers.3.1.bias",
      "stages.0.0.gamma",
      "stages.0.0.dwconv.bias",
      "stages.0.0.norm.weight",
      "stages.0.0.norm.bias",
      "stages.0.0.pwconv1.bias",
      "stages.0.0.pwconv2.bias",
      "stages.0.1.gamma",
      "stages.0.1.dwconv.bias",
      "stages.0.1.norm.weight",
      "stages.0.1.norm.bias",
      "stages.0.1.pwconv1.bias",
      "stages.0.1.pwconv2.bias",
      "stages.0.2.gamma",
      "stages.0.2.dwconv.bias",
      "stages.0.2.norm.weight",
      "stages.0.2.norm.bias",
      "stages.0.2.pwconv1.bias",
      "stages.0.2.pwconv2.bias",
      "stages.1.0.gamma",
      "stages.1.0.dwconv.bias",
      "stages.1.0.norm.weight",
      "stages.1.0.norm.bias",
      "stages.1.0.pwconv1.bias",
      "stages.1.0.pwconv2.bias",
      "stages.1.1.gamma",
      "stages.1.1.dwconv.bias",
      "stages.1.1.norm.weight",
      "stages.1.1.norm.bias",
      "stages.1.1.pwconv1.bias",
      "stages.1.1.pwconv2.bias",
      "stages.1.2.gamma",
      "stages.1.2.dwconv.bias",
      "stages.1.2.norm.weight",
      "stages.1.2.norm.bias",
      "stages.1.2.pwconv1.bias",
      "stages.1.2.pwconv2.bias",
      "stages.2.0.gamma",
      "stages.2.0.dwconv.bias",
      "stages.2.0.norm.weight",
      "stages.2.0.norm.bias",
      "stages.2.0.pwconv1.bias",
      "stages.2.0.pwconv2.bias",
      "stages.2.1.gamma",
      "stages.2.1.dwconv.bias",
      "stages.2.1.norm.weight",
      "stages.2.1.norm.bias",
      "stages.2.1.pwconv1.bias",
      "stages.2.1.pwconv2.bias",
      "stages.2.2.gamma",
      "stages.2.2.dwconv.bias",
      "stages.2.2.norm.weight",
      "stages.2.2.norm.bias",
      "stages.2.2.pwconv1.bias",
      "stages.2.2.pwconv2.bias",
      "stages.2.3.gamma",
      "stages.2.3.dwconv.bias",
      "stages.2.3.norm.weight",
      "stages.2.3.norm.bias",
      "stages.2.3.pwconv1.bias",
      "stages.2.3.pwconv2.bias",
      "stages.2.4.gamma",
      "stages.2.4.dwconv.bias",
      "stages.2.4.norm.weight",
      "stages.2.4.norm.bias",
      "stages.2.4.pwconv1.bias",
      "stages.2.4.pwconv2.bias",
      "stages.2.5.gamma",
      "stages.2.5.dwconv.bias",
      "stages.2.5.norm.weight",
      "stages.2.5.norm.bias",
      "stages.2.5.pwconv1.bias",
      "stages.2.5.pwconv2.bias",
      "stages.2.6.gamma",
      "stages.2.6.dwconv.bias",
      "stages.2.6.norm.weight",
      "stages.2.6.norm.bias",
      "stages.2.6.pwconv1.bias",
      "stages.2.6.pwconv2.bias",
      "stages.2.7.gamma",
      "stages.2.7.dwconv.bias",
      "stages.2.7.norm.weight",
      "stages.2.7.norm.bias",
      "stages.2.7.pwconv1.bias",
      "stages.2.7.pwconv2.bias",
      "stages.2.8.gamma",
      "stages.2.8.dwconv.bias",
      "stages.2.8.norm.weight",
      "stages.2.8.norm.bias",
      "stages.2.8.pwconv1.bias",
      "stages.2.8.pwconv2.bias",
      "stages.3.0.gamma",
      "stages.3.0.dwconv.bias",
      "stages.3.0.norm.weight",
      "stages.3.0.norm.bias",
      "stages.3.0.pwconv1.bias",
      "stages.3.0.pwconv2.bias",
      "stages.3.1.gamma",
      "stages.3.1.dwconv.bias",
      "stages.3.1.norm.weight",
      "stages.3.1.norm.bias",
      "stages.3.1.pwconv1.bias",
      "stages.3.1.pwconv2.bias",
      "stages.3.2.gamma",
      "stages.3.2.dwconv.bias",
      "stages.3.2.norm.weight",
      "stages.3.2.norm.bias",
      "stages.3.2.pwconv1.bias",
      "stages.3.2.pwconv2.bias",
      "norm.weight",
      "norm.bias",
      "head.bias"
    ],
    "weight_decay": 0.0
  }
}
[INFO] Time 3.32s | TrainLoss 1.5802 | TrainAcc 48.06% | ValLoss 1.1888 | ValAcc 63.11% | ValTop5 98.67%
[INFO] Current Stage2 learning rate: 0.000013
[INFO] Update best ValAcc: 63.11%
[INFO] Time 3.26s | TrainLoss 1.3522 | TrainAcc 56.53% | ValLoss 0.9446 | ValAcc 75.11% | ValTop5 99.11%
[INFO] Current Stage2 learning rate: 0.000025
[INFO] Update best ValAcc: 75.11%
[INFO] Time 3.26s | TrainLoss 1.0106 | TrainAcc 71.25% | ValLoss 0.7034 | ValAcc 87.11% | ValTop5 99.11%
[INFO] Current Stage2 learning rate: 0.000038
[INFO] Update best ValAcc: 87.11%
[INFO] Time 3.31s | TrainLoss 0.7125 | TrainAcc 84.17% | ValLoss 0.5635 | ValAcc 92.44% | ValTop5 99.56%
[INFO] Current Stage2 learning rate: 0.000050
[INFO] Update best ValAcc: 92.44%
[INFO] Time 3.26s | TrainLoss 0.5226 | TrainAcc 93.47% | ValLoss 0.4407 | ValAcc 97.78% | ValTop5 99.56%
[INFO] Current Stage2 learning rate: 0.000050
[INFO] Update best ValAcc: 97.78%
[INFO] Time 3.28s | TrainLoss 0.4422 | TrainAcc 96.11% | ValLoss 0.4260 | ValAcc 97.33% | ValTop5 99.56%
[INFO] Current Stage2 learning rate: 0.000049
[INFO] Patience counter: 1/7
[INFO] Time 3.27s | TrainLoss 0.3900 | TrainAcc 98.47% | ValLoss 0.4229 | ValAcc 96.44% | ValTop5 99.11%
[INFO] Current Stage2 learning rate: 0.000048
[INFO] Patience counter: 2/7
[INFO] Time 3.30s | TrainLoss 0.3662 | TrainAcc 99.03% | ValLoss 0.3935 | ValAcc 97.78% | ValTop5 100.00%
[INFO] Current Stage2 learning rate: 0.000047
[INFO] Patience counter: 3/7
[INFO] Time 3.28s | TrainLoss 0.3479 | TrainAcc 99.58% | ValLoss 0.3914 | ValAcc 98.22% | ValTop5 100.00%
[INFO] Current Stage2 learning rate: 0.000046
[INFO] Update best ValAcc: 98.22%
[INFO] Time 3.28s | TrainLoss 0.3338 | TrainAcc 99.58% | ValLoss 0.3801 | ValAcc 97.78% | ValTop5 100.00%
[INFO] Current Stage2 learning rate: 0.000044
[INFO] Patience counter: 1/7
[INFO] Time 3.27s | TrainLoss 0.3259 | TrainAcc 99.72% | ValLoss 0.3654 | ValAcc 97.78% | ValTop5 100.00%
[INFO] Current Stage2 learning rate: 0.000042
[INFO] Patience counter: 2/7
[INFO] Time 3.27s | TrainLoss 0.3201 | TrainAcc 99.72% | ValLoss 0.3805 | ValAcc 98.22% | ValTop5 100.00%
[INFO] Current Stage2 learning rate: 0.000039
[INFO] Patience counter: 3/7
[INFO] Time 3.26s | TrainLoss 0.3096 | TrainAcc 100.00% | ValLoss 0.3705 | ValAcc 98.22% | ValTop5 100.00%
[INFO] Current Stage2 learning rate: 0.000037
[INFO] Patience counter: 4/7
[INFO] Time 3.31s | TrainLoss 0.3072 | TrainAcc 100.00% | ValLoss 0.3715 | ValAcc 97.78% | ValTop5 100.00%
[INFO] Current Stage2 learning rate: 0.000034
[INFO] Patience counter: 5/7
[INFO] Time 3.27s | TrainLoss 0.3028 | TrainAcc 100.00% | ValLoss 0.3629 | ValAcc 98.22% | ValTop5 100.00%
[INFO] Current Stage2 learning rate: 0.000031
[INFO] Patience counter: 6/7
[INFO] Time 3.30s | TrainLoss 0.3009 | TrainAcc 100.00% | ValLoss 0.3604 | ValAcc 98.22% | ValTop5 99.56%
[INFO] Current Stage2 learning rate: 0.000028
[INFO] Patience counter: 7/7
[INFO] Early stopping at epoch 16
[INFO] Stage2 training done. Best ValAcc: 98.22%
ConvNeXt模型已保存至：results/convnext_tiny_complex/20260427_160917/checkpoints/convnext_tiny_best_20260427_160917.pth

============================================================
开始计算论文所需指标...
============================================================
[1/6] 计算Top-1和Top-5准确率...
[2/6] 计算参数量和FLOPs...
[3/6] 测量推理速度...
[4/6] 计算混淆矩阵和分类指标...
[5/6] 计算收敛轮数...
[6/6] 计算训练稳定性指标...

所有指标已保存至: results/convnext_tiny_complex/20260427_160917/thesis_metrics.json
============================================================

论文指标已保存至: results/convnext_tiny_complex/20260427_160917/thesis_metrics.json
[INFO] Loaded independent test samples: 179
[INFO] Independent TestLoss 0.5542 | TestAcc 89.94% | TestTop5 100.00%
可视化已保存至：results/convnext_tiny_complex/20260427_160917/visualization

[STDERR]
/mnt/workspace/train_convnext.py:104: FutureWarning: `torch.cuda.amp.GradScaler(args...)` is deprecated. Please use `torch.amp.GradScaler('cuda', args...)` instead.
  scaler = GradScaler()

Stage1 Epoch 1/20:   0%|                                                                                         | 0/45 [00:00<?, ?it/s]/mnt/workspace/engine/trainer.py:55: FutureWarning: `torch.cuda.amp.autocast(args...)` is deprecated. Please use `torch.amp.autocast('cuda', args...)` instead.
  with autocast(enabled=scaler is not None):

Stage1 Epoch 1/20:   2%|█▊                                                                               | 1/45 [00:00<00:31,  1.39it/s]
Stage1 Epoch 1/20:  18%|██████████████▍                                                                  | 8/45 [00:00<00:02, 12.61it/s]
Stage1 Epoch 1/20:  31%|████████████████████████▉                                                       | 14/45 [00:00<00:01, 21.28it/s]
Stage1 Epoch 1/20:  42%|█████████████████████████████████▊                                              | 19/45 [00:01<00:01, 23.35it/s]
Stage1 Epoch 1/20:  53%|██████████████████████████████████████████▋                                     | 24/45 [00:01<00:00, 28.61it/s]
Stage1 Epoch 1/20:  64%|███████████████████████████████████████████████████▌                            | 29/45 [00:01<00:00, 28.33it/s]
Stage1 Epoch 1/20:  76%|████████████████████████████████████████████████████████████▍                   | 34/45 [00:01<00:00, 32.60it/s]
Stage1 Epoch 1/20:  87%|█████████████████████████████████████████████████████████████████████▎          | 39/45 [00:01<00:00, 33.77it/s]
Stage1 Epoch 1/20:  98%|██████████████████████████████████████████████████████████████████████████████▏ | 44/45 [00:01<00:00, 37.15it/s]
Stage1 Epoch 1/20: 100%|████████████████████████████████████████████████████████████████████████████████| 45/45 [00:01<00:00, 24.88it/s]
/workspace/isaaclab/_isaac_sim/exts/omni.isaac.ml_archive/pip_prebundle/torch/optim/lr_scheduler.py:198: UserWarning: The epoch parameter in `scheduler.step()` was not necessary and is being deprecated where possible. Please use `scheduler.step()` to step the scheduler. During the deprecation, if epoch is different from None, the closed form is used instead of the new chainable form, where available. Please open an issue if you are unable to replicate your use case: https://github.com/pytorch/pytorch/issues/new/choose.
  warnings.warn(EPOCH_DEPRECATION_WARNING, UserWarning)

Stage1 Epoch 2/20:   0%|                                                                                         | 0/45 [00:00<?, ?it/s]
Stage1 Epoch 2/20:   2%|█▊                                                                               | 1/45 [00:00<00:09,  4.69it/s]
Stage1 Epoch 2/20:  16%|████████████▌                                                                    | 7/45 [00:00<00:01, 25.68it/s]
Stage1 Epoch 2/20:  29%|███████████████████████                                                         | 13/45 [00:00<00:00, 33.35it/s]
Stage1 Epoch 2/20:  38%|██████████████████████████████▏                                                 | 17/45 [00:00<00:00, 35.31it/s]
Stage1 Epoch 2/20:  47%|█████████████████████████████████████▎                                          | 21/45 [00:00<00:00, 34.99it/s]
Stage1 Epoch 2/20:  58%|██████████████████████████████████████████████▏                                 | 26/45 [00:00<00:00, 38.91it/s]
Stage1 Epoch 2/20:  69%|███████████████████████████████████████████████████████                         | 31/45 [00:00<00:00, 42.09it/s]
Stage1 Epoch 2/20:  80%|████████████████████████████████████████████████████████████████                | 36/45 [00:01<00:00, 41.28it/s]
Stage1 Epoch 2/20:  91%|████████████████████████████████████████████████████████████████████████▉       | 41/45 [00:01<00:00, 36.20it/s]
Stage1 Epoch 2/20: 100%|████████████████████████████████████████████████████████████████████████████████| 45/45 [00:01<00:00, 34.78it/s]

Stage1 Epoch 3/20:   0%|                                                                                         | 0/45 [00:00<?, ?it/s]
Stage1 Epoch 3/20:   2%|█▊                                                                               | 1/45 [00:00<00:10,  4.38it/s]
Stage1 Epoch 3/20:  11%|█████████                                                                        | 5/45 [00:00<00:02, 17.98it/s]
Stage1 Epoch 3/20:  22%|█████████████████▊                                                              | 10/45 [00:00<00:01, 28.03it/s]
Stage1 Epoch 3/20:  31%|████████████████████████▉                                                       | 14/45 [00:00<00:00, 31.34it/s]
Stage1 Epoch 3/20:  40%|████████████████████████████████                                                | 18/45 [00:00<00:00, 33.52it/s]
Stage1 Epoch 3/20:  51%|████████████████████████████████████████▉                                       | 23/45 [00:00<00:00, 33.37it/s]
Stage1 Epoch 3/20:  60%|████████████████████████████████████████████████                                | 27/45 [00:00<00:00, 35.03it/s]
Stage1 Epoch 3/20:  73%|██████████████████████████████████████████████████████████▋                     | 33/45 [00:01<00:00, 40.38it/s]
Stage1 Epoch 3/20:  84%|███████████████████████████████████████████████████████████████████▌            | 38/45 [00:01<00:00, 42.66it/s]
Stage1 Epoch 3/20:  96%|████████████████████████████████████████████████████████████████████████████▍   | 43/45 [00:01<00:00, 41.54it/s]
Stage1 Epoch 3/20: 100%|████████████████████████████████████████████████████████████████████████████████| 45/45 [00:01<00:00, 34.41it/s]

Stage1 Epoch 4/20:   0%|                                                                                         | 0/45 [00:00<?, ?it/s]
Stage1 Epoch 4/20:   2%|█▊                                                                               | 1/45 [00:00<00:07,  5.91it/s]
Stage1 Epoch 4/20:  16%|████████████▌                                                                    | 7/45 [00:00<00:01, 25.52it/s]
Stage1 Epoch 4/20:  27%|█████████████████████▎                                                          | 12/45 [00:00<00:01, 29.55it/s]
Stage1 Epoch 4/20:  38%|██████████████████████████████▏                                                 | 17/45 [00:00<00:00, 34.01it/s]
Stage1 Epoch 4/20:  49%|███████████████████████████████████████                                         | 22/45 [00:00<00:00, 38.12it/s]
Stage1 Epoch 4/20:  58%|██████████████████████████████████████████████▏                                 | 26/45 [00:00<00:00, 37.40it/s]
Stage1 Epoch 4/20:  69%|███████████████████████████████████████████████████████                         | 31/45 [00:00<00:00, 40.64it/s]
Stage1 Epoch 4/20:  80%|████████████████████████████████████████████████████████████████                | 36/45 [00:01<00:00, 39.86it/s]
Stage1 Epoch 4/20:  91%|████████████████████████████████████████████████████████████████████████▉       | 41/45 [00:01<00:00, 42.65it/s]
Stage1 Epoch 4/20: 100%|████████████████████████████████████████████████████████████████████████████████| 45/45 [00:01<00:00, 36.47it/s]

Stage1 Epoch 5/20:   0%|                                                                                         | 0/45 [00:00<?, ?it/s]
Stage1 Epoch 5/20:   2%|█▊                                                                               | 1/45 [00:00<00:09,  4.57it/s]
Stage1 Epoch 5/20:  13%|██████████▊                                                                      | 6/45 [00:00<00:01, 22.47it/s]
Stage1 Epoch 5/20:  24%|███████████████████▌                                                            | 11/45 [00:00<00:01, 31.47it/s]
Stage1 Epoch 5/20:  36%|████████████████████████████▍                                                   | 16/45 [00:00<00:00, 36.94it/s]
Stage1 Epoch 5/20:  47%|█████████████████████████████████████▎                                          | 21/45 [00:00<00:00, 37.77it/s]
Stage1 Epoch 5/20:  60%|████████████████████████████████████████████████                                | 27/45 [00:00<00:00, 42.46it/s]
Stage1 Epoch 5/20:  71%|████████████████████████████████████████████████████████▉                       | 32/45 [00:00<00:00, 44.37it/s]
Stage1 Epoch 5/20:  82%|█████████████████████████████████████████████████████████████████▊              | 37/45 [00:01<00:00, 42.43it/s]
Stage1 Epoch 5/20:  93%|██████████████████████████████████████████████████████████████████████████▋     | 42/45 [00:01<00:00, 41.61it/s]
Stage1 Epoch 5/20: 100%|████████████████████████████████████████████████████████████████████████████████| 45/45 [00:01<00:00, 36.41it/s]

Stage1 Epoch 6/20:   0%|                                                                                         | 0/45 [00:00<?, ?it/s]
Stage1 Epoch 6/20:   2%|█▊                                                                               | 1/45 [00:00<00:07,  5.96it/s]
Stage1 Epoch 6/20:  16%|████████████▌                                                                    | 7/45 [00:00<00:01, 23.34it/s]
Stage1 Epoch 6/20:  27%|█████████████████████▎                                                          | 12/45 [00:00<00:01, 30.43it/s]
Stage1 Epoch 6/20:  36%|████████████████████████████▍                                                   | 16/45 [00:00<00:00, 33.03it/s]
Stage1 Epoch 6/20:  47%|█████████████████████████████████████▎                                          | 21/45 [00:00<00:00, 37.56it/s]
Stage1 Epoch 6/20:  58%|██████████████████████████████████████████████▏                                 | 26/45 [00:00<00:00, 41.21it/s]
Stage1 Epoch 6/20:  69%|███████████████████████████████████████████████████████                         | 31/45 [00:00<00:00, 43.34it/s]
Stage1 Epoch 6/20:  80%|████████████████████████████████████████████████████████████████                | 36/45 [00:01<00:00, 38.34it/s]
Stage1 Epoch 6/20:  91%|████████████████████████████████████████████████████████████████████████▉       | 41/45 [00:01<00:00, 40.83it/s]
Stage1 Epoch 6/20: 100%|████████████████████████████████████████████████████████████████████████████████| 45/45 [00:01<00:00, 35.84it/s]

Stage1 Epoch 7/20:   0%|                                                                                         | 0/45 [00:00<?, ?it/s]
Stage1 Epoch 7/20:   2%|█▊                                                                               | 1/45 [00:00<00:07,  5.79it/s]
Stage1 Epoch 7/20:  16%|████████████▌                                                                    | 7/45 [00:00<00:01, 27.48it/s]
Stage1 Epoch 7/20:  27%|█████████████████████▎                                                          | 12/45 [00:00<00:01, 32.28it/s]
Stage1 Epoch 7/20:  38%|██████████████████████████████▏                                                 | 17/45 [00:00<00:00, 36.44it/s]
Stage1 Epoch 7/20:  47%|█████████████████████████████████████▎                                          | 21/45 [00:00<00:00, 36.03it/s]
Stage1 Epoch 7/20:  56%|████████████████████████████████████████████▍                                   | 25/45 [00:00<00:00, 35.74it/s]
Stage1 Epoch 7/20:  64%|███████████████████████████████████████████████████▌                            | 29/45 [00:00<00:00, 34.23it/s]
Stage1 Epoch 7/20:  76%|████████████████████████████████████████████████████████████▍                   | 34/45 [00:01<00:00, 37.62it/s]
Stage1 Epoch 7/20:  87%|█████████████████████████████████████████████████████████████████████▎          | 39/45 [00:01<00:00, 39.88it/s]
Stage1 Epoch 7/20:  98%|██████████████████████████████████████████████████████████████████████████████▏ | 44/45 [00:01<00:00, 39.76it/s]
Stage1 Epoch 7/20: 100%|████████████████████████████████████████████████████████████████████████████████| 45/45 [00:01<00:00, 35.13it/s]

Stage1 Epoch 8/20:   0%|                                                                                         | 0/45 [00:00<?, ?it/s]
Stage1 Epoch 8/20:   2%|█▊                                                                               | 1/45 [00:00<00:08,  5.11it/s]
Stage1 Epoch 8/20:  11%|█████████                                                                        | 5/45 [00:00<00:02, 19.72it/s]
Stage1 Epoch 8/20:  22%|█████████████████▊                                                              | 10/45 [00:00<00:01, 30.56it/s]
Stage1 Epoch 8/20:  33%|██████████████████████████▋                                                     | 15/45 [00:00<00:00, 35.58it/s]
Stage1 Epoch 8/20:  42%|█████████████████████████████████▊                                              | 19/45 [00:00<00:00, 34.68it/s]
Stage1 Epoch 8/20:  53%|██████████████████████████████████████████▋                                     | 24/45 [00:00<00:00, 39.15it/s]
Stage1 Epoch 8/20:  64%|███████████████████████████████████████████████████▌                            | 29/45 [00:00<00:00, 38.48it/s]
Stage1 Epoch 8/20:  76%|████████████████████████████████████████████████████████████▍                   | 34/45 [00:00<00:00, 41.60it/s]
Stage1 Epoch 8/20:  87%|█████████████████████████████████████████████████████████████████████▎          | 39/45 [00:01<00:00, 39.08it/s]
Stage1 Epoch 8/20:  98%|██████████████████████████████████████████████████████████████████████████████▏ | 44/45 [00:01<00:00, 41.48it/s]
Stage1 Epoch 8/20: 100%|████████████████████████████████████████████████████████████████████████████████| 45/45 [00:01<00:00, 35.64it/s]

Stage1 Epoch 9/20:   0%|                                                                                         | 0/45 [00:00<?, ?it/s]
Stage1 Epoch 9/20:   2%|█▊                                                                               | 1/45 [00:00<00:07,  5.78it/s]
Stage1 Epoch 9/20:  16%|████████████▌                                                                    | 7/45 [00:00<00:01, 28.62it/s]
Stage1 Epoch 9/20:  24%|███████████████████▌                                                            | 11/45 [00:00<00:01, 28.87it/s]
Stage1 Epoch 9/20:  33%|██████████████████████████▋                                                     | 15/45 [00:00<00:01, 29.51it/s]
Stage1 Epoch 9/20:  42%|█████████████████████████████████▊                                              | 19/45 [00:00<00:00, 32.15it/s]
Stage1 Epoch 9/20:  53%|██████████████████████████████████████████▋                                     | 24/45 [00:00<00:00, 36.82it/s]
Stage1 Epoch 9/20:  62%|█████████████████████████████████████████████████▊                              | 28/45 [00:00<00:00, 37.44it/s]
Stage1 Epoch 9/20:  73%|██████████████████████████████████████████████████████████▋                     | 33/45 [00:00<00:00, 39.73it/s]
Stage1 Epoch 9/20:  84%|███████████████████████████████████████████████████████████████████▌            | 38/45 [00:01<00:00, 38.73it/s]
Stage1 Epoch 9/20:  96%|████████████████████████████████████████████████████████████████████████████▍   | 43/45 [00:01<00:00, 41.43it/s]
Stage1 Epoch 9/20: 100%|████████████████████████████████████████████████████████████████████████████████| 45/45 [00:01<00:00, 34.42it/s]

Stage1 Epoch 10/20:   0%|                                                                                        | 0/45 [00:00<?, ?it/s]
Stage1 Epoch 10/20:   2%|█▊                                                                              | 1/45 [00:00<00:07,  5.66it/s]
Stage1 Epoch 10/20:  11%|████████▉                                                                       | 5/45 [00:00<00:02, 18.60it/s]
Stage1 Epoch 10/20:  20%|████████████████                                                                | 9/45 [00:00<00:01, 23.17it/s]
Stage1 Epoch 10/20:  31%|████████████████████████▌                                                      | 14/45 [00:00<00:00, 31.44it/s]
Stage1 Epoch 10/20:  42%|█████████████████████████████████▎                                             | 19/45 [00:00<00:00, 32.16it/s]
Stage1 Epoch 10/20:  51%|████████████████████████████████████████▍                                      | 23/45 [00:00<00:00, 33.96it/s]
Stage1 Epoch 10/20:  60%|███████████████████████████████████████████████▍                               | 27/45 [00:00<00:00, 35.48it/s]
Stage1 Epoch 10/20:  69%|██████████████████████████████████████████████████████▍                        | 31/45 [00:01<00:00, 36.57it/s]
Stage1 Epoch 10/20:  80%|███████████████████████████████████████████████████████████████▏               | 36/45 [00:01<00:00, 40.33it/s]
Stage1 Epoch 10/20:  91%|███████████████████████████████████████████████████████████████████████▉       | 41/45 [00:01<00:00, 43.05it/s]
Stage1 Epoch 10/20: 100%|███████████████████████████████████████████████████████████████████████████████| 45/45 [00:01<00:00, 34.19it/s]

Stage1 Epoch 11/20:   0%|                                                                                        | 0/45 [00:00<?, ?it/s]
Stage1 Epoch 11/20:   2%|█▊                                                                              | 1/45 [00:00<00:07,  5.66it/s]
Stage1 Epoch 11/20:  11%|████████▉                                                                       | 5/45 [00:00<00:02, 18.27it/s]
Stage1 Epoch 11/20:  20%|████████████████                                                                | 9/45 [00:00<00:01, 25.58it/s]
Stage1 Epoch 11/20:  29%|██████████████████████▊                                                        | 13/45 [00:00<00:01, 28.00it/s]
Stage1 Epoch 11/20:  40%|███████████████████████████████▌                                               | 18/45 [00:00<00:00, 34.39it/s]
Stage1 Epoch 11/20:  49%|██████████████████████████████████████▌                                        | 22/45 [00:00<00:00, 34.25it/s]
Stage1 Epoch 11/20:  58%|█████████████████████████████████████████████▋                                 | 26/45 [00:00<00:00, 31.98it/s]
Stage1 Epoch 11/20:  69%|██████████████████████████████████████████████████████▍                        | 31/45 [00:01<00:00, 36.53it/s]
Stage1 Epoch 11/20:  80%|███████████████████████████████████████████████████████████████▏               | 36/45 [00:01<00:00, 39.28it/s]
Stage1 Epoch 11/20:  91%|███████████████████████████████████████████████████████████████████████▉       | 41/45 [00:01<00:00, 41.13it/s]
Stage1 Epoch 11/20: 100%|███████████████████████████████████████████████████████████████████████████████| 45/45 [00:01<00:00, 33.22it/s]

Stage1 Epoch 12/20:   0%|                                                                                        | 0/45 [00:00<?, ?it/s]
Stage1 Epoch 12/20:   2%|█▊                                                                              | 1/45 [00:00<00:07,  5.61it/s]
Stage1 Epoch 12/20:  11%|████████▉                                                                       | 5/45 [00:00<00:02, 18.23it/s]
Stage1 Epoch 12/20:  22%|█████████████████▌                                                             | 10/45 [00:00<00:01, 28.54it/s]
Stage1 Epoch 12/20:  31%|████████████████████████▌                                                      | 14/45 [00:00<00:00, 32.19it/s]
Stage1 Epoch 12/20:  40%|███████████████████████████████▌                                               | 18/45 [00:00<00:00, 34.63it/s]
Stage1 Epoch 12/20:  51%|████████████████████████████████████████▍                                      | 23/45 [00:00<00:00, 39.15it/s]
Stage1 Epoch 12/20:  62%|█████████████████████████████████████████████████▏                             | 28/45 [00:00<00:00, 42.12it/s]
Stage1 Epoch 12/20:  73%|█████████████████████████████████████████████████████████▉                     | 33/45 [00:00<00:00, 40.54it/s]
Stage1 Epoch 12/20:  84%|██████████████████████████████████████████████████████████████████▋            | 38/45 [00:01<00:00, 42.75it/s]
Stage1 Epoch 12/20:  96%|███████████████████████████████████████████████████████████████████████████▍   | 43/45 [00:01<00:00, 44.04it/s]
Stage1 Epoch 12/20: 100%|███████████████████████████████████████████████████████████████████████████████| 45/45 [00:01<00:00, 35.79it/s]

Stage1 Epoch 13/20:   0%|                                                                                        | 0/45 [00:00<?, ?it/s]
Stage1 Epoch 13/20:   2%|█▊                                                                              | 1/45 [00:00<00:08,  5.08it/s]
Stage1 Epoch 13/20:  16%|████████████▍                                                                   | 7/45 [00:00<00:01, 26.66it/s]
Stage1 Epoch 13/20:  24%|███████████████████▎                                                           | 11/45 [00:00<00:01, 29.96it/s]
Stage1 Epoch 13/20:  36%|████████████████████████████                                                   | 16/45 [00:00<00:00, 35.98it/s]
Stage1 Epoch 13/20:  47%|████████████████████████████████████▊                                          | 21/45 [00:00<00:00, 39.06it/s]
Stage1 Epoch 13/20:  58%|█████████████████████████████████████████████▋                                 | 26/45 [00:00<00:00, 37.42it/s]
Stage1 Epoch 13/20:  67%|████████████████████████████████████████████████████▋                          | 30/45 [00:00<00:00, 37.04it/s]
Stage1 Epoch 13/20:  78%|█████████████████████████████████████████████████████████████▍                 | 35/45 [00:01<00:00, 39.29it/s]
Stage1 Epoch 13/20:  89%|██████████████████████████████████████████████████████████████████████▏        | 40/45 [00:01<00:00, 40.88it/s]
Stage1 Epoch 13/20: 100%|███████████████████████████████████████████████████████████████████████████████| 45/45 [00:01<00:00, 36.26it/s]

Stage1 Epoch 14/20:   0%|                                                                                        | 0/45 [00:00<?, ?it/s]
Stage1 Epoch 14/20:   2%|█▊                                                                              | 1/45 [00:00<00:09,  4.71it/s]
Stage1 Epoch 14/20:  11%|████████▉                                                                       | 5/45 [00:00<00:02, 16.98it/s]
Stage1 Epoch 14/20:  20%|████████████████                                                                | 9/45 [00:00<00:01, 22.50it/s]
Stage1 Epoch 14/20:  31%|████████████████████████▌                                                      | 14/45 [00:00<00:01, 29.59it/s]
Stage1 Epoch 14/20:  42%|█████████████████████████████████▎                                             | 19/45 [00:00<00:00, 35.42it/s]
Stage1 Epoch 14/20:  53%|██████████████████████████████████████████▏                                    | 24/45 [00:00<00:00, 39.21it/s]
Stage1 Epoch 14/20:  64%|██████████████████████████████████████████████████▉                            | 29/45 [00:00<00:00, 39.76it/s]
Stage1 Epoch 14/20:  76%|███████████████████████████████████████████████████████████▋                   | 34/45 [00:01<00:00, 38.87it/s]
Stage1 Epoch 14/20:  87%|████████████████████████████████████████████████████████████████████▍          | 39/45 [00:01<00:00, 40.73it/s]
Stage1 Epoch 14/20:  98%|█████████████████████████████████████████████████████████████████████████████▏ | 44/45 [00:01<00:00, 37.33it/s]
Stage1 Epoch 14/20: 100%|███████████████████████████████████████████████████████████████████████████████| 45/45 [00:01<00:00, 33.08it/s]

Stage1 Epoch 15/20:   0%|                                                                                        | 0/45 [00:00<?, ?it/s]
Stage1 Epoch 15/20:   2%|█▊                                                                              | 1/45 [00:00<00:07,  5.54it/s]
Stage1 Epoch 15/20:  11%|████████▉                                                                       | 5/45 [00:00<00:02, 18.38it/s]
Stage1 Epoch 15/20:  20%|████████████████                                                                | 9/45 [00:00<00:01, 23.78it/s]
Stage1 Epoch 15/20:  29%|██████████████████████▊                                                        | 13/45 [00:00<00:01, 26.33it/s]
Stage1 Epoch 15/20:  38%|█████████████████████████████▊                                                 | 17/45 [00:00<00:01, 27.64it/s]
Stage1 Epoch 15/20:  47%|████████████████████████████████████▊                                          | 21/45 [00:00<00:00, 29.36it/s]
Stage1 Epoch 15/20:  56%|███████████████████████████████████████████▉                                   | 25/45 [00:00<00:00, 30.36it/s]
Stage1 Epoch 15/20:  64%|██████████████████████████████████████████████████▉                            | 29/45 [00:01<00:00, 30.94it/s]
Stage1 Epoch 15/20:  73%|█████████████████████████████████████████████████████████▉                     | 33/45 [00:01<00:00, 31.38it/s]
Stage1 Epoch 15/20:  82%|████████████████████████████████████████████████████████████████▉              | 37/45 [00:01<00:00, 33.34it/s]
Stage1 Epoch 15/20:  91%|███████████████████████████████████████████████████████████████████████▉       | 41/45 [00:01<00:00, 35.01it/s]
Stage1 Epoch 15/20: 100%|███████████████████████████████████████████████████████████████████████████████| 45/45 [00:01<00:00, 29.65it/s]

Stage1 Epoch 16/20:   0%|                                                                                        | 0/45 [00:00<?, ?it/s]
Stage1 Epoch 16/20:   2%|█▊                                                                              | 1/45 [00:00<00:08,  5.11it/s]
Stage1 Epoch 16/20:  13%|██████████▋                                                                     | 6/45 [00:00<00:01, 22.68it/s]
Stage1 Epoch 16/20:  24%|███████████████████▎                                                           | 11/45 [00:00<00:01, 32.49it/s]
Stage1 Epoch 16/20:  36%|████████████████████████████                                                   | 16/45 [00:00<00:00, 36.50it/s]
Stage1 Epoch 16/20:  44%|███████████████████████████████████                                            | 20/45 [00:00<00:00, 37.36it/s]
Stage1 Epoch 16/20:  53%|██████████████████████████████████████████▏                                    | 24/45 [00:00<00:00, 38.00it/s]
Stage1 Epoch 16/20:  64%|██████████████████████████████████████████████████▉                            | 29/45 [00:00<00:00, 38.14it/s]
Stage1 Epoch 16/20:  73%|█████████████████████████████████████████████████████████▉                     | 33/45 [00:00<00:00, 38.29it/s]
Stage1 Epoch 16/20:  82%|████████████████████████████████████████████████████████████████▉              | 37/45 [00:01<00:00, 38.77it/s]
Stage1 Epoch 16/20:  91%|███████████████████████████████████████████████████████████████████████▉       | 41/45 [00:01<00:00, 36.90it/s]
Stage1 Epoch 16/20: 100%|███████████████████████████████████████████████████████████████████████████████| 45/45 [00:01<00:00, 34.78it/s]

Stage1 Epoch 17/20:   0%|                                                                                        | 0/45 [00:00<?, ?it/s]
Stage1 Epoch 17/20:   2%|█▊                                                                              | 1/45 [00:00<00:07,  5.89it/s]
Stage1 Epoch 17/20:  16%|████████████▍                                                                   | 7/45 [00:00<00:01, 24.62it/s]
Stage1 Epoch 17/20:  27%|█████████████████████                                                          | 12/45 [00:00<00:00, 33.20it/s]
Stage1 Epoch 17/20:  38%|█████████████████████████████▊                                                 | 17/45 [00:00<00:00, 35.61it/s]
Stage1 Epoch 17/20:  47%|████████████████████████████████████▊                                          | 21/45 [00:00<00:00, 36.54it/s]
Stage1 Epoch 17/20:  56%|███████████████████████████████████████████▉                                   | 25/45 [00:00<00:00, 36.78it/s]
Stage1 Epoch 17/20:  67%|████████████████████████████████████████████████████▋                          | 30/45 [00:00<00:00, 40.08it/s]
Stage1 Epoch 17/20:  78%|█████████████████████████████████████████████████████████████▍                 | 35/45 [00:00<00:00, 41.89it/s]
Stage1 Epoch 17/20:  89%|██████████████████████████████████████████████████████████████████████▏        | 40/45 [00:01<00:00, 41.60it/s]
Stage1 Epoch 17/20: 100%|███████████████████████████████████████████████████████████████████████████████| 45/45 [00:01<00:00, 37.21it/s]
Stage1 Epoch 17/20: 100%|███████████████████████████████████████████████████████████████████████████████| 45/45 [00:01<00:00, 34.86it/s]

Stage1 Epoch 18/20:   0%|                                                                                        | 0/45 [00:00<?, ?it/s]
Stage1 Epoch 18/20:   2%|█▊                                                                              | 1/45 [00:00<00:07,  5.94it/s]
Stage1 Epoch 18/20:  11%|████████▉                                                                       | 5/45 [00:00<00:02, 18.81it/s]
Stage1 Epoch 18/20:  22%|█████████████████▌                                                             | 10/45 [00:00<00:01, 29.16it/s]
Stage1 Epoch 18/20:  33%|██████████████████████████▎                                                    | 15/45 [00:00<00:00, 35.01it/s]
Stage1 Epoch 18/20:  44%|███████████████████████████████████                                            | 20/45 [00:00<00:00, 39.01it/s]
Stage1 Epoch 18/20:  56%|███████████████████████████████████████████▉                                   | 25/45 [00:00<00:00, 35.62it/s]
Stage1 Epoch 18/20:  64%|██████████████████████████████████████████████████▉                            | 29/45 [00:00<00:00, 33.47it/s]
Stage1 Epoch 18/20:  73%|█████████████████████████████████████████████████████████▉                     | 33/45 [00:01<00:00, 34.80it/s]
Stage1 Epoch 18/20:  84%|██████████████████████████████████████████████████████████████████▋            | 38/45 [00:01<00:00, 38.36it/s]
Stage1 Epoch 18/20:  96%|███████████████████████████████████████████████████████████████████████████▍   | 43/45 [00:01<00:00, 41.55it/s]
Stage1 Epoch 18/20: 100%|███████████████████████████████████████████████████████████████████████████████| 45/45 [00:01<00:00, 34.29it/s]

Stage1 Epoch 19/20:   0%|                                                                                        | 0/45 [00:00<?, ?it/s]
Stage1 Epoch 19/20:   2%|█▊                                                                              | 1/45 [00:00<00:07,  5.86it/s]
Stage1 Epoch 19/20:  16%|████████████▍                                                                   | 7/45 [00:00<00:01, 22.31it/s]
Stage1 Epoch 19/20:  24%|███████████████████▎                                                           | 11/45 [00:00<00:01, 26.21it/s]
Stage1 Epoch 19/20:  36%|████████████████████████████                                                   | 16/45 [00:00<00:00, 31.81it/s]
Stage1 Epoch 19/20:  44%|███████████████████████████████████                                            | 20/45 [00:00<00:00, 34.06it/s]
Stage1 Epoch 19/20:  53%|██████████████████████████████████████████▏                                    | 24/45 [00:00<00:00, 35.52it/s]
Stage1 Epoch 19/20:  62%|█████████████████████████████████████████████████▏                             | 28/45 [00:00<00:00, 36.48it/s]
Stage1 Epoch 19/20:  71%|████████████████████████████████████████████████████████▏                      | 32/45 [00:00<00:00, 37.33it/s]
Stage1 Epoch 19/20:  80%|███████████████████████████████████████████████████████████████▏               | 36/45 [00:01<00:00, 37.78it/s]
Stage1 Epoch 19/20:  91%|███████████████████████████████████████████████████████████████████████▉       | 41/45 [00:01<00:00, 39.73it/s]
Stage1 Epoch 19/20: 100%|███████████████████████████████████████████████████████████████████████████████| 45/45 [00:01<00:00, 33.95it/s]

Stage1 Epoch 20/20:   0%|                                                                                        | 0/45 [00:00<?, ?it/s]
Stage1 Epoch 20/20:   2%|█▊                                                                              | 1/45 [00:00<00:08,  5.41it/s]
Stage1 Epoch 20/20:  16%|████████████▍                                                                   | 7/45 [00:00<00:01, 27.55it/s]
Stage1 Epoch 20/20:  24%|███████████████████▎                                                           | 11/45 [00:00<00:01, 28.85it/s]
Stage1 Epoch 20/20:  36%|████████████████████████████                                                   | 16/45 [00:00<00:00, 34.06it/s]
Stage1 Epoch 20/20:  44%|███████████████████████████████████                                            | 20/45 [00:00<00:00, 35.35it/s]
Stage1 Epoch 20/20:  53%|██████████████████████████████████████████▏                                    | 24/45 [00:00<00:00, 36.42it/s]
Stage1 Epoch 20/20:  64%|██████████████████████████████████████████████████▉                            | 29/45 [00:00<00:00, 37.10it/s]
Stage1 Epoch 20/20:  73%|█████████████████████████████████████████████████████████▉                     | 33/45 [00:01<00:00, 34.10it/s]
Stage1 Epoch 20/20:  82%|████████████████████████████████████████████████████████████████▉              | 37/45 [00:01<00:00, 35.13it/s]
Stage1 Epoch 20/20:  93%|█████████████████████████████████████████████████████████████████████████▋     | 42/45 [00:01<00:00, 36.33it/s]
Stage1 Epoch 20/20: 100%|███████████████████████████████████████████████████████████████████████████████| 45/45 [00:01<00:00, 33.33it/s]

Stage2 Epoch 1/30:   0%|                                                                                         | 0/45 [00:00<?, ?it/s]/workspace/isaaclab/_isaac_sim/exts/omni.isaac.ml_archive/pip_prebundle/torch/optim/lr_scheduler.py:182: UserWarning: Detected call of `lr_scheduler.step()` before `optimizer.step()`. In PyTorch 1.1.0 and later, you should call them in the opposite order: `optimizer.step()` before `lr_scheduler.step()`.  Failure to do this will result in PyTorch skipping the first value of the learning rate schedule. See more details at https://pytorch.org/docs/stable/optim.html#how-to-adjust-learning-rate
  warnings.warn(

Stage2 Epoch 1/30:   2%|█▊                                                                               | 1/45 [00:00<00:12,  3.44it/s]
Stage2 Epoch 1/30:   7%|█████▍                                                                           | 3/45 [00:00<00:04,  8.41it/s]
Stage2 Epoch 1/30:  11%|█████████                                                                        | 5/45 [00:00<00:03, 11.68it/s]
Stage2 Epoch 1/30:  16%|████████████▌                                                                    | 7/45 [00:00<00:02, 13.55it/s]
Stage2 Epoch 1/30:  20%|████████████████▏                                                                | 9/45 [00:00<00:02, 14.87it/s]
Stage2 Epoch 1/30:  24%|███████████████████▌                                                            | 11/45 [00:00<00:02, 15.73it/s]
Stage2 Epoch 1/30:  29%|███████████████████████                                                         | 13/45 [00:00<00:01, 16.25it/s]
Stage2 Epoch 1/30:  33%|██████████████████████████▋                                                     | 15/45 [00:01<00:01, 16.65it/s]
Stage2 Epoch 1/30:  38%|██████████████████████████████▏                                                 | 17/45 [00:01<00:01, 16.80it/s]
Stage2 Epoch 1/30:  42%|█████████████████████████████████▊                                              | 19/45 [00:01<00:01, 17.03it/s]
Stage2 Epoch 1/30:  47%|█████████████████████████████████████▎                                          | 21/45 [00:01<00:01, 17.15it/s]
Stage2 Epoch 1/30:  51%|████████████████████████████████████████▉                                       | 23/45 [00:01<00:01, 17.30it/s]
Stage2 Epoch 1/30:  56%|████████████████████████████████████████████▍                                   | 25/45 [00:01<00:01, 17.41it/s]
Stage2 Epoch 1/30:  60%|████████████████████████████████████████████████                                | 27/45 [00:01<00:01, 17.41it/s]
Stage2 Epoch 1/30:  64%|███████████████████████████████████████████████████▌                            | 29/45 [00:01<00:00, 17.47it/s]
Stage2 Epoch 1/30:  69%|███████████████████████████████████████████████████████                         | 31/45 [00:02<00:00, 17.52it/s]
Stage2 Epoch 1/30:  73%|██████████████████████████████████████████████████████████▋                     | 33/45 [00:02<00:00, 17.44it/s]
Stage2 Epoch 1/30:  78%|██████████████████████████████████████████████████████████████▏                 | 35/45 [00:02<00:00, 17.40it/s]
Stage2 Epoch 1/30:  82%|█████████████████████████████████████████████████████████████████▊              | 37/45 [00:02<00:00, 17.42it/s]
Stage2 Epoch 1/30:  87%|█████████████████████████████████████████████████████████████████████▎          | 39/45 [00:02<00:00, 17.50it/s]
Stage2 Epoch 1/30:  91%|████████████████████████████████████████████████████████████████████████▉       | 41/45 [00:02<00:00, 17.50it/s]
Stage2 Epoch 1/30:  96%|████████████████████████████████████████████████████████████████████████████▍   | 43/45 [00:02<00:00, 17.52it/s]
Stage2 Epoch 1/30: 100%|████████████████████████████████████████████████████████████████████████████████| 45/45 [00:02<00:00, 17.56it/s]
Stage2 Epoch 1/30: 100%|████████████████████████████████████████████████████████████████████████████████| 45/45 [00:02<00:00, 15.91it/s]

Stage2 Epoch 2/30:   0%|                                                                                         | 0/45 [00:00<?, ?it/s]
Stage2 Epoch 2/30:   2%|█▊                                                                               | 1/45 [00:00<00:09,  4.66it/s]
Stage2 Epoch 2/30:   7%|█████▍                                                                           | 3/45 [00:00<00:04, 10.26it/s]
Stage2 Epoch 2/30:  11%|█████████                                                                        | 5/45 [00:00<00:03, 13.05it/s]
Stage2 Epoch 2/30:  16%|████████████▌                                                                    | 7/45 [00:00<00:02, 14.63it/s]
Stage2 Epoch 2/30:  20%|████████████████▏                                                                | 9/45 [00:00<00:02, 15.65it/s]
Stage2 Epoch 2/30:  24%|███████████████████▌                                                            | 11/45 [00:00<00:02, 16.26it/s]
Stage2 Epoch 2/30:  29%|███████████████████████                                                         | 13/45 [00:00<00:01, 16.65it/s]
Stage2 Epoch 2/30:  33%|██████████████████████████▋                                                     | 15/45 [00:01<00:01, 16.94it/s]
Stage2 Epoch 2/30:  38%|██████████████████████████████▏                                                 | 17/45 [00:01<00:01, 16.98it/s]
Stage2 Epoch 2/30:  42%|█████████████████████████████████▊                                              | 19/45 [00:01<00:01, 17.09it/s]
Stage2 Epoch 2/30:  47%|█████████████████████████████████████▎                                          | 21/45 [00:01<00:01, 17.21it/s]
Stage2 Epoch 2/30:  51%|████████████████████████████████████████▉                                       | 23/45 [00:01<00:01, 17.31it/s]
Stage2 Epoch 2/30:  56%|████████████████████████████████████████████▍                                   | 25/45 [00:01<00:01, 17.39it/s]
Stage2 Epoch 2/30:  60%|████████████████████████████████████████████████                                | 27/45 [00:01<00:01, 17.42it/s]
Stage2 Epoch 2/30:  64%|███████████████████████████████████████████████████▌                            | 29/45 [00:01<00:00, 17.46it/s]
Stage2 Epoch 2/30:  69%|███████████████████████████████████████████████████████                         | 31/45 [00:01<00:00, 17.52it/s]
Stage2 Epoch 2/30:  73%|██████████████████████████████████████████████████████████▋                     | 33/45 [00:02<00:00, 17.45it/s]
Stage2 Epoch 2/30:  78%|██████████████████████████████████████████████████████████████▏                 | 35/45 [00:02<00:00, 17.39it/s]
Stage2 Epoch 2/30:  82%|█████████████████████████████████████████████████████████████████▊              | 37/45 [00:02<00:00, 17.42it/s]
Stage2 Epoch 2/30:  87%|█████████████████████████████████████████████████████████████████████▎          | 39/45 [00:02<00:00, 17.47it/s]
Stage2 Epoch 2/30:  91%|████████████████████████████████████████████████████████████████████████▉       | 41/45 [00:02<00:00, 17.49it/s]
Stage2 Epoch 2/30:  96%|████████████████████████████████████████████████████████████████████████████▍   | 43/45 [00:02<00:00, 17.48it/s]
Stage2 Epoch 2/30: 100%|████████████████████████████████████████████████████████████████████████████████| 45/45 [00:02<00:00, 17.56it/s]
Stage2 Epoch 2/30: 100%|████████████████████████████████████████████████████████████████████████████████| 45/45 [00:02<00:00, 16.29it/s]

Stage2 Epoch 3/30:   0%|                                                                                         | 0/45 [00:00<?, ?it/s]
Stage2 Epoch 3/30:   2%|█▊                                                                               | 1/45 [00:00<00:09,  4.61it/s]
Stage2 Epoch 3/30:   7%|█████▍                                                                           | 3/45 [00:00<00:04, 10.17it/s]
Stage2 Epoch 3/30:  11%|█████████                                                                        | 5/45 [00:00<00:03, 12.94it/s]
Stage2 Epoch 3/30:  16%|████████████▌                                                                    | 7/45 [00:00<00:02, 14.55it/s]
Stage2 Epoch 3/30:  20%|████████████████▏                                                                | 9/45 [00:00<00:02, 15.61it/s]
Stage2 Epoch 3/30:  24%|███████████████████▌                                                            | 11/45 [00:00<00:02, 16.22it/s]
Stage2 Epoch 3/30:  29%|███████████████████████                                                         | 13/45 [00:00<00:01, 16.62it/s]
Stage2 Epoch 3/30:  33%|██████████████████████████▋                                                     | 15/45 [00:01<00:01, 16.94it/s]
Stage2 Epoch 3/30:  38%|██████████████████████████████▏                                                 | 17/45 [00:01<00:01, 16.95it/s]
Stage2 Epoch 3/30:  42%|█████████████████████████████████▊                                              | 19/45 [00:01<00:01, 17.08it/s]
Stage2 Epoch 3/30:  47%|█████████████████████████████████████▎                                          | 21/45 [00:01<00:01, 17.18it/s]
Stage2 Epoch 3/30:  51%|████████████████████████████████████████▉                                       | 23/45 [00:01<00:01, 17.31it/s]
Stage2 Epoch 3/30:  56%|████████████████████████████████████████████▍                                   | 25/45 [00:01<00:01, 17.39it/s]
Stage2 Epoch 3/30:  60%|████████████████████████████████████████████████                                | 27/45 [00:01<00:01, 17.40it/s]
Stage2 Epoch 3/30:  64%|███████████████████████████████████████████████████▌                            | 29/45 [00:01<00:00, 17.45it/s]
Stage2 Epoch 3/30:  69%|███████████████████████████████████████████████████████                         | 31/45 [00:01<00:00, 17.51it/s]
Stage2 Epoch 3/30:  73%|██████████████████████████████████████████████████████████▋                     | 33/45 [00:02<00:00, 17.44it/s]
Stage2 Epoch 3/30:  78%|██████████████████████████████████████████████████████████████▏                 | 35/45 [00:02<00:00, 17.37it/s]
Stage2 Epoch 3/30:  82%|█████████████████████████████████████████████████████████████████▊              | 37/45 [00:02<00:00, 17.39it/s]
Stage2 Epoch 3/30:  87%|█████████████████████████████████████████████████████████████████████▎          | 39/45 [00:02<00:00, 17.44it/s]
Stage2 Epoch 3/30:  91%|████████████████████████████████████████████████████████████████████████▉       | 41/45 [00:02<00:00, 17.45it/s]
Stage2 Epoch 3/30:  96%|████████████████████████████████████████████████████████████████████████████▍   | 43/45 [00:02<00:00, 17.46it/s]
Stage2 Epoch 3/30: 100%|████████████████████████████████████████████████████████████████████████████████| 45/45 [00:02<00:00, 17.50it/s]
Stage2 Epoch 3/30: 100%|████████████████████████████████████████████████████████████████████████████████| 45/45 [00:02<00:00, 16.31it/s]

Stage2 Epoch 4/30:   0%|                                                                                         | 0/45 [00:00<?, ?it/s]
Stage2 Epoch 4/30:   2%|█▊                                                                               | 1/45 [00:00<00:10,  4.07it/s]
Stage2 Epoch 4/30:   7%|█████▍                                                                           | 3/45 [00:00<00:04,  9.42it/s]
Stage2 Epoch 4/30:  11%|█████████                                                                        | 5/45 [00:00<00:03, 12.30it/s]
Stage2 Epoch 4/30:  16%|████████████▌                                                                    | 7/45 [00:00<00:02, 14.09it/s]
Stage2 Epoch 4/30:  20%|████████████████▏                                                                | 9/45 [00:00<00:02, 15.26it/s]
Stage2 Epoch 4/30:  24%|███████████████████▌                                                            | 11/45 [00:00<00:02, 15.95it/s]
Stage2 Epoch 4/30:  29%|███████████████████████                                                         | 13/45 [00:00<00:01, 16.46it/s]
Stage2 Epoch 4/30:  33%|██████████████████████████▋                                                     | 15/45 [00:01<00:01, 16.82it/s]
Stage2 Epoch 4/30:  38%|██████████████████████████████▏                                                 | 17/45 [00:01<00:01, 16.83it/s]
Stage2 Epoch 4/30:  42%|█████████████████████████████████▊                                              | 19/45 [00:01<00:01, 17.00it/s]
Stage2 Epoch 4/30:  47%|█████████████████████████████████████▎                                          | 21/45 [00:01<00:01, 17.14it/s]
Stage2 Epoch 4/30:  51%|████████████████████████████████████████▉                                       | 23/45 [00:01<00:01, 17.29it/s]
Stage2 Epoch 4/30:  56%|████████████████████████████████████████████▍                                   | 25/45 [00:01<00:01, 17.32it/s]
Stage2 Epoch 4/30:  60%|████████████████████████████████████████████████                                | 27/45 [00:01<00:01, 17.35it/s]
Stage2 Epoch 4/30:  64%|███████████████████████████████████████████████████▌                            | 29/45 [00:01<00:00, 17.37it/s]
Stage2 Epoch 4/30:  69%|███████████████████████████████████████████████████████                         | 31/45 [00:01<00:00, 17.44it/s]
Stage2 Epoch 4/30:  73%|██████████████████████████████████████████████████████████▋                     | 33/45 [00:02<00:00, 17.34it/s]
Stage2 Epoch 4/30:  78%|██████████████████████████████████████████████████████████████▏                 | 35/45 [00:02<00:00, 17.30it/s]
Stage2 Epoch 4/30:  82%|█████████████████████████████████████████████████████████████████▊              | 37/45 [00:02<00:00, 17.34it/s]
Stage2 Epoch 4/30:  87%|█████████████████████████████████████████████████████████████████████▎          | 39/45 [00:02<00:00, 17.43it/s]
Stage2 Epoch 4/30:  91%|████████████████████████████████████████████████████████████████████████▉       | 41/45 [00:02<00:00, 17.45it/s]
Stage2 Epoch 4/30:  96%|████████████████████████████████████████████████████████████████████████████▍   | 43/45 [00:02<00:00, 17.44it/s]
Stage2 Epoch 4/30: 100%|████████████████████████████████████████████████████████████████████████████████| 45/45 [00:02<00:00, 17.48it/s]
Stage2 Epoch 4/30: 100%|████████████████████████████████████████████████████████████████████████████████| 45/45 [00:02<00:00, 16.06it/s]

Stage2 Epoch 5/30:   0%|                                                                                         | 0/45 [00:00<?, ?it/s]
Stage2 Epoch 5/30:   2%|█▊                                                                               | 1/45 [00:00<00:09,  4.76it/s]
Stage2 Epoch 5/30:   7%|█████▍                                                                           | 3/45 [00:00<00:04, 10.32it/s]
Stage2 Epoch 5/30:  11%|█████████                                                                        | 5/45 [00:00<00:03, 13.05it/s]
Stage2 Epoch 5/30:  16%|████████████▌                                                                    | 7/45 [00:00<00:02, 14.64it/s]
Stage2 Epoch 5/30:  20%|████████████████▏                                                                | 9/45 [00:00<00:02, 15.61it/s]
Stage2 Epoch 5/30:  24%|███████████████████▌                                                            | 11/45 [00:00<00:02, 16.19it/s]
Stage2 Epoch 5/30:  29%|███████████████████████                                                         | 13/45 [00:00<00:01, 16.57it/s]
Stage2 Epoch 5/30:  33%|██████████████████████████▋                                                     | 15/45 [00:01<00:01, 16.90it/s]
Stage2 Epoch 5/30:  38%|██████████████████████████████▏                                                 | 17/45 [00:01<00:01, 16.91it/s]
Stage2 Epoch 5/30:  42%|█████████████████████████████████▊                                              | 19/45 [00:01<00:01, 17.07it/s]
Stage2 Epoch 5/30:  47%|█████████████████████████████████████▎                                          | 21/45 [00:01<00:01, 17.18it/s]
Stage2 Epoch 5/30:  51%|████████████████████████████████████████▉                                       | 23/45 [00:01<00:01, 17.30it/s]
Stage2 Epoch 5/30:  56%|████████████████████████████████████████████▍                                   | 25/45 [00:01<00:01, 17.38it/s]
Stage2 Epoch 5/30:  60%|████████████████████████████████████████████████                                | 27/45 [00:01<00:01, 17.38it/s]
Stage2 Epoch 5/30:  64%|███████████████████████████████████████████████████▌                            | 29/45 [00:01<00:00, 17.42it/s]
Stage2 Epoch 5/30:  69%|███████████████████████████████████████████████████████                         | 31/45 [00:01<00:00, 17.46it/s]
Stage2 Epoch 5/30:  73%|██████████████████████████████████████████████████████████▋                     | 33/45 [00:02<00:00, 17.38it/s]
Stage2 Epoch 5/30:  78%|██████████████████████████████████████████████████████████████▏                 | 35/45 [00:02<00:00, 17.33it/s]
Stage2 Epoch 5/30:  82%|█████████████████████████████████████████████████████████████████▊              | 37/45 [00:02<00:00, 17.36it/s]
Stage2 Epoch 5/30:  87%|█████████████████████████████████████████████████████████████████████▎          | 39/45 [00:02<00:00, 17.45it/s]
Stage2 Epoch 5/30:  91%|████████████████████████████████████████████████████████████████████████▉       | 41/45 [00:02<00:00, 17.48it/s]
Stage2 Epoch 5/30:  96%|████████████████████████████████████████████████████████████████████████████▍   | 43/45 [00:02<00:00, 17.46it/s]
Stage2 Epoch 5/30: 100%|████████████████████████████████████████████████████████████████████████████████| 45/45 [00:02<00:00, 17.50it/s]
Stage2 Epoch 5/30: 100%|████████████████████████████████████████████████████████████████████████████████| 45/45 [00:02<00:00, 16.30it/s]

Stage2 Epoch 6/30:   0%|                                                                                         | 0/45 [00:00<?, ?it/s]
Stage2 Epoch 6/30:   2%|█▊                                                                               | 1/45 [00:00<00:09,  4.55it/s]
Stage2 Epoch 6/30:   7%|█████▍                                                                           | 3/45 [00:00<00:04, 10.08it/s]
Stage2 Epoch 6/30:  11%|█████████                                                                        | 5/45 [00:00<00:03, 12.84it/s]
Stage2 Epoch 6/30:  16%|████████████▌                                                                    | 7/45 [00:00<00:02, 14.43it/s]
Stage2 Epoch 6/30:  20%|████████████████▏                                                                | 9/45 [00:00<00:02, 15.48it/s]
Stage2 Epoch 6/30:  24%|███████████████████▌                                                            | 11/45 [00:00<00:02, 16.14it/s]
Stage2 Epoch 6/30:  29%|███████████████████████                                                         | 13/45 [00:00<00:01, 16.53it/s]
Stage2 Epoch 6/30:  33%|██████████████████████████▋                                                     | 15/45 [00:01<00:01, 16.86it/s]
Stage2 Epoch 6/30:  38%|██████████████████████████████▏                                                 | 17/45 [00:01<00:01, 16.93it/s]
Stage2 Epoch 6/30:  42%|█████████████████████████████████▊                                              | 19/45 [00:01<00:01, 17.11it/s]
Stage2 Epoch 6/30:  47%|█████████████████████████████████████▎                                          | 21/45 [00:01<00:01, 17.17it/s]
Stage2 Epoch 6/30:  51%|████████████████████████████████████████▉                                       | 23/45 [00:01<00:01, 17.25it/s]
Stage2 Epoch 6/30:  56%|████████████████████████████████████████████▍                                   | 25/45 [00:01<00:01, 17.36it/s]
Stage2 Epoch 6/30:  60%|████████████████████████████████████████████████                                | 27/45 [00:01<00:01, 17.39it/s]
Stage2 Epoch 6/30:  64%|███████████████████████████████████████████████████▌                            | 29/45 [00:01<00:00, 17.38it/s]
Stage2 Epoch 6/30:  69%|███████████████████████████████████████████████████████                         | 31/45 [00:01<00:00, 17.44it/s]
Stage2 Epoch 6/30:  73%|██████████████████████████████████████████████████████████▋                     | 33/45 [00:02<00:00, 17.40it/s]
Stage2 Epoch 6/30:  78%|██████████████████████████████████████████████████████████████▏                 | 35/45 [00:02<00:00, 17.38it/s]
Stage2 Epoch 6/30:  82%|█████████████████████████████████████████████████████████████████▊              | 37/45 [00:02<00:00, 17.37it/s]
Stage2 Epoch 6/30:  87%|█████████████████████████████████████████████████████████████████████▎          | 39/45 [00:02<00:00, 17.42it/s]
Stage2 Epoch 6/30:  91%|████████████████████████████████████████████████████████████████████████▉       | 41/45 [00:02<00:00, 17.64it/s]
Stage2 Epoch 6/30:  96%|████████████████████████████████████████████████████████████████████████████▍   | 43/45 [00:02<00:00, 17.58it/s]
Stage2 Epoch 6/30: 100%|████████████████████████████████████████████████████████████████████████████████| 45/45 [00:02<00:00, 17.54it/s]
Stage2 Epoch 6/30: 100%|████████████████████████████████████████████████████████████████████████████████| 45/45 [00:02<00:00, 16.24it/s]

Stage2 Epoch 7/30:   0%|                                                                                         | 0/45 [00:00<?, ?it/s]
Stage2 Epoch 7/30:   2%|█▊                                                                               | 1/45 [00:00<00:09,  4.74it/s]
Stage2 Epoch 7/30:   7%|█████▍                                                                           | 3/45 [00:00<00:04, 10.23it/s]
Stage2 Epoch 7/30:  11%|█████████                                                                        | 5/45 [00:00<00:03, 13.02it/s]
Stage2 Epoch 7/30:  16%|████████████▌                                                                    | 7/45 [00:00<00:02, 14.61it/s]
Stage2 Epoch 7/30:  20%|████████████████▏                                                                | 9/45 [00:00<00:02, 15.55it/s]
Stage2 Epoch 7/30:  24%|███████████████████▌                                                            | 11/45 [00:00<00:02, 16.16it/s]
Stage2 Epoch 7/30:  29%|███████████████████████                                                         | 13/45 [00:00<00:01, 16.62it/s]
Stage2 Epoch 7/30:  33%|██████████████████████████▋                                                     | 15/45 [00:01<00:01, 16.88it/s]
Stage2 Epoch 7/30:  38%|██████████████████████████████▏                                                 | 17/45 [00:01<00:01, 16.84it/s]
Stage2 Epoch 7/30:  42%|█████████████████████████████████▊                                              | 19/45 [00:01<00:01, 16.96it/s]
Stage2 Epoch 7/30:  47%|█████████████████████████████████████▎                                          | 21/45 [00:01<00:01, 17.11it/s]
Stage2 Epoch 7/30:  51%|████████████████████████████████████████▉                                       | 23/45 [00:01<00:01, 17.27it/s]
Stage2 Epoch 7/30:  56%|████████████████████████████████████████████▍                                   | 25/45 [00:01<00:01, 17.33it/s]
Stage2 Epoch 7/30:  60%|████████████████████████████████████████████████                                | 27/45 [00:01<00:01, 17.34it/s]
Stage2 Epoch 7/30:  64%|███████████████████████████████████████████████████▌                            | 29/45 [00:01<00:00, 17.42it/s]
Stage2 Epoch 7/30:  69%|███████████████████████████████████████████████████████                         | 31/45 [00:01<00:00, 17.45it/s]
Stage2 Epoch 7/30:  73%|██████████████████████████████████████████████████████████▋                     | 33/45 [00:02<00:00, 17.33it/s]
Stage2 Epoch 7/30:  78%|██████████████████████████████████████████████████████████████▏                 | 35/45 [00:02<00:00, 17.28it/s]
Stage2 Epoch 7/30:  82%|█████████████████████████████████████████████████████████████████▊              | 37/45 [00:02<00:00, 17.32it/s]
Stage2 Epoch 7/30:  87%|█████████████████████████████████████████████████████████████████████▎          | 39/45 [00:02<00:00, 17.38it/s]
Stage2 Epoch 7/30:  91%|████████████████████████████████████████████████████████████████████████▉       | 41/45 [00:02<00:00, 17.40it/s]
Stage2 Epoch 7/30:  96%|████████████████████████████████████████████████████████████████████████████▍   | 43/45 [00:02<00:00, 17.41it/s]
Stage2 Epoch 7/30: 100%|████████████████████████████████████████████████████████████████████████████████| 45/45 [00:02<00:00, 17.47it/s]
Stage2 Epoch 7/30: 100%|████████████████████████████████████████████████████████████████████████████████| 45/45 [00:02<00:00, 16.26it/s]

Stage2 Epoch 8/30:   0%|                                                                                         | 0/45 [00:00<?, ?it/s]
Stage2 Epoch 8/30:   2%|█▊                                                                               | 1/45 [00:00<00:10,  4.38it/s]
Stage2 Epoch 8/30:   7%|█████▍                                                                           | 3/45 [00:00<00:04,  9.83it/s]
Stage2 Epoch 8/30:  11%|█████████                                                                        | 5/45 [00:00<00:03, 12.66it/s]
Stage2 Epoch 8/30:  16%|████████████▌                                                                    | 7/45 [00:00<00:02, 14.38it/s]
Stage2 Epoch 8/30:  20%|████████████████▏                                                                | 9/45 [00:00<00:02, 15.44it/s]
Stage2 Epoch 8/30:  24%|███████████████████▌                                                            | 11/45 [00:00<00:02, 16.08it/s]
Stage2 Epoch 8/30:  29%|███████████████████████                                                         | 13/45 [00:00<00:01, 16.54it/s]
Stage2 Epoch 8/30:  33%|██████████████████████████▋                                                     | 15/45 [00:01<00:01, 16.87it/s]
Stage2 Epoch 8/30:  38%|██████████████████████████████▏                                                 | 17/45 [00:01<00:01, 16.86it/s]
Stage2 Epoch 8/30:  42%|█████████████████████████████████▊                                              | 19/45 [00:01<00:01, 17.01it/s]
Stage2 Epoch 8/30:  47%|█████████████████████████████████████▎                                          | 21/45 [00:01<00:01, 17.11it/s]
Stage2 Epoch 8/30:  51%|████████████████████████████████████████▉                                       | 23/45 [00:01<00:01, 17.23it/s]
Stage2 Epoch 8/30:  56%|████████████████████████████████████████████▍                                   | 25/45 [00:01<00:01, 17.34it/s]
Stage2 Epoch 8/30:  60%|████████████████████████████████████████████████                                | 27/45 [00:01<00:01, 17.37it/s]
Stage2 Epoch 8/30:  64%|███████████████████████████████████████████████████▌                            | 29/45 [00:01<00:00, 17.39it/s]
Stage2 Epoch 8/30:  69%|███████████████████████████████████████████████████████                         | 31/45 [00:01<00:00, 17.43it/s]
Stage2 Epoch 8/30:  73%|██████████████████████████████████████████████████████████▋                     | 33/45 [00:02<00:00, 17.33it/s]
Stage2 Epoch 8/30:  78%|██████████████████████████████████████████████████████████████▏                 | 35/45 [00:02<00:00, 17.29it/s]
Stage2 Epoch 8/30:  82%|█████████████████████████████████████████████████████████████████▊              | 37/45 [00:02<00:00, 17.30it/s]
Stage2 Epoch 8/30:  87%|█████████████████████████████████████████████████████████████████████▎          | 39/45 [00:02<00:00, 17.37it/s]
Stage2 Epoch 8/30:  91%|████████████████████████████████████████████████████████████████████████▉       | 41/45 [00:02<00:00, 17.44it/s]
Stage2 Epoch 8/30:  96%|████████████████████████████████████████████████████████████████████████████▍   | 43/45 [00:02<00:00, 17.43it/s]
Stage2 Epoch 8/30: 100%|████████████████████████████████████████████████████████████████████████████████| 45/45 [00:02<00:00, 17.45it/s]
Stage2 Epoch 8/30: 100%|████████████████████████████████████████████████████████████████████████████████| 45/45 [00:02<00:00, 16.16it/s]

Stage2 Epoch 9/30:   0%|                                                                                         | 0/45 [00:00<?, ?it/s]
Stage2 Epoch 9/30:   2%|█▊                                                                               | 1/45 [00:00<00:10,  4.39it/s]
Stage2 Epoch 9/30:   7%|█████▍                                                                           | 3/45 [00:00<00:04,  9.88it/s]
Stage2 Epoch 9/30:  11%|█████████                                                                        | 5/45 [00:00<00:03, 12.70it/s]
Stage2 Epoch 9/30:  16%|████████████▌                                                                    | 7/45 [00:00<00:02, 14.37it/s]
Stage2 Epoch 9/30:  20%|████████████████▏                                                                | 9/45 [00:00<00:02, 15.44it/s]
Stage2 Epoch 9/30:  24%|███████████████████▌                                                            | 11/45 [00:00<00:02, 16.09it/s]
Stage2 Epoch 9/30:  29%|███████████████████████                                                         | 13/45 [00:00<00:01, 16.50it/s]
Stage2 Epoch 9/30:  33%|██████████████████████████▋                                                     | 15/45 [00:01<00:01, 16.82it/s]
Stage2 Epoch 9/30:  38%|██████████████████████████████▏                                                 | 17/45 [00:01<00:01, 16.89it/s]
Stage2 Epoch 9/30:  42%|█████████████████████████████████▊                                              | 19/45 [00:01<00:01, 17.07it/s]
Stage2 Epoch 9/30:  47%|█████████████████████████████████████▎                                          | 21/45 [00:01<00:01, 17.15it/s]
Stage2 Epoch 9/30:  51%|████████████████████████████████████████▉                                       | 23/45 [00:01<00:01, 17.26it/s]
Stage2 Epoch 9/30:  56%|████████████████████████████████████████████▍                                   | 25/45 [00:01<00:01, 17.38it/s]
Stage2 Epoch 9/30:  60%|████████████████████████████████████████████████                                | 27/45 [00:01<00:01, 17.39it/s]
Stage2 Epoch 9/30:  64%|███████████████████████████████████████████████████▌                            | 29/45 [00:01<00:00, 17.37it/s]
Stage2 Epoch 9/30:  69%|███████████████████████████████████████████████████████                         | 31/45 [00:01<00:00, 17.41it/s]
Stage2 Epoch 9/30:  73%|██████████████████████████████████████████████████████████▋                     | 33/45 [00:02<00:00, 17.35it/s]
Stage2 Epoch 9/30:  78%|██████████████████████████████████████████████████████████████▏                 | 35/45 [00:02<00:00, 17.34it/s]
Stage2 Epoch 9/30:  82%|█████████████████████████████████████████████████████████████████▊              | 37/45 [00:02<00:00, 17.33it/s]
Stage2 Epoch 9/30:  87%|█████████████████████████████████████████████████████████████████████▎          | 39/45 [00:02<00:00, 17.39it/s]
Stage2 Epoch 9/30:  91%|████████████████████████████████████████████████████████████████████████▉       | 41/45 [00:02<00:00, 17.45it/s]
Stage2 Epoch 9/30:  96%|████████████████████████████████████████████████████████████████████████████▍   | 43/45 [00:02<00:00, 17.43it/s]
Stage2 Epoch 9/30: 100%|████████████████████████████████████████████████████████████████████████████████| 45/45 [00:02<00:00, 17.43it/s]
Stage2 Epoch 9/30: 100%|████████████████████████████████████████████████████████████████████████████████| 45/45 [00:02<00:00, 16.18it/s]

Stage2 Epoch 10/30:   0%|                                                                                        | 0/45 [00:00<?, ?it/s]
Stage2 Epoch 10/30:   2%|█▊                                                                              | 1/45 [00:00<00:09,  4.55it/s]
Stage2 Epoch 10/30:   7%|█████▎                                                                          | 3/45 [00:00<00:04, 10.08it/s]
Stage2 Epoch 10/30:  11%|████████▉                                                                       | 5/45 [00:00<00:03, 12.87it/s]
Stage2 Epoch 10/30:  16%|████████████▍                                                                   | 7/45 [00:00<00:02, 14.44it/s]
Stage2 Epoch 10/30:  20%|████████████████                                                                | 9/45 [00:00<00:02, 15.44it/s]
Stage2 Epoch 10/30:  24%|███████████████████▎                                                           | 11/45 [00:00<00:02, 16.13it/s]
Stage2 Epoch 10/30:  29%|██████████████████████▊                                                        | 13/45 [00:00<00:01, 16.56it/s]
Stage2 Epoch 10/30:  33%|██████████████████████████▎                                                    | 15/45 [00:01<00:01, 16.80it/s]
Stage2 Epoch 10/30:  38%|█████████████████████████████▊                                                 | 17/45 [00:01<00:01, 16.82it/s]
Stage2 Epoch 10/30:  42%|█████████████████████████████████▎                                             | 19/45 [00:01<00:01, 17.04it/s]
Stage2 Epoch 10/30:  47%|████████████████████████████████████▊                                          | 21/45 [00:01<00:01, 17.20it/s]
Stage2 Epoch 10/30:  51%|████████████████████████████████████████▍                                      | 23/45 [00:01<00:01, 17.25it/s]
Stage2 Epoch 10/30:  56%|███████████████████████████████████████████▉                                   | 25/45 [00:01<00:01, 17.32it/s]
Stage2 Epoch 10/30:  60%|███████████████████████████████████████████████▍                               | 27/45 [00:01<00:01, 17.39it/s]
Stage2 Epoch 10/30:  64%|██████████████████████████████████████████████████▉                            | 29/45 [00:01<00:00, 17.39it/s]
Stage2 Epoch 10/30:  69%|██████████████████████████████████████████████████████▍                        | 31/45 [00:01<00:00, 17.40it/s]
Stage2 Epoch 10/30:  73%|█████████████████████████████████████████████████████████▉                     | 33/45 [00:02<00:00, 17.35it/s]
Stage2 Epoch 10/30:  78%|█████████████████████████████████████████████████████████████▍                 | 35/45 [00:02<00:00, 17.38it/s]
Stage2 Epoch 10/30:  82%|████████████████████████████████████████████████████████████████▉              | 37/45 [00:02<00:00, 17.39it/s]
Stage2 Epoch 10/30:  87%|████████████████████████████████████████████████████████████████████▍          | 39/45 [00:02<00:00, 17.37it/s]
Stage2 Epoch 10/30:  91%|███████████████████████████████████████████████████████████████████████▉       | 41/45 [00:02<00:00, 17.41it/s]
Stage2 Epoch 10/30:  96%|███████████████████████████████████████████████████████████████████████████▍   | 43/45 [00:02<00:00, 17.44it/s]
Stage2 Epoch 10/30: 100%|███████████████████████████████████████████████████████████████████████████████| 45/45 [00:02<00:00, 17.41it/s]
Stage2 Epoch 10/30: 100%|███████████████████████████████████████████████████████████████████████████████| 45/45 [00:02<00:00, 16.22it/s]

Stage2 Epoch 11/30:   0%|                                                                                        | 0/45 [00:00<?, ?it/s]
Stage2 Epoch 11/30:   2%|█▊                                                                              | 1/45 [00:00<00:09,  4.73it/s]
Stage2 Epoch 11/30:   7%|█████▎                                                                          | 3/45 [00:00<00:04, 10.28it/s]
Stage2 Epoch 11/30:  11%|████████▉                                                                       | 5/45 [00:00<00:03, 13.02it/s]
Stage2 Epoch 11/30:  16%|████████████▍                                                                   | 7/45 [00:00<00:02, 14.63it/s]
Stage2 Epoch 11/30:  20%|████████████████                                                                | 9/45 [00:00<00:02, 15.58it/s]
Stage2 Epoch 11/30:  24%|███████████████████▎                                                           | 11/45 [00:00<00:02, 16.15it/s]
Stage2 Epoch 11/30:  29%|██████████████████████▊                                                        | 13/45 [00:00<00:01, 16.57it/s]
Stage2 Epoch 11/30:  33%|██████████████████████████▎                                                    | 15/45 [00:01<00:01, 16.88it/s]
Stage2 Epoch 11/30:  38%|█████████████████████████████▊                                                 | 17/45 [00:01<00:01, 16.84it/s]
Stage2 Epoch 11/30:  42%|█████████████████████████████████▎                                             | 19/45 [00:01<00:01, 17.01it/s]
Stage2 Epoch 11/30:  47%|████████████████████████████████████▊                                          | 21/45 [00:01<00:01, 17.14it/s]
Stage2 Epoch 11/30:  51%|████████████████████████████████████████▍                                      | 23/45 [00:01<00:01, 17.23it/s]
Stage2 Epoch 11/30:  56%|███████████████████████████████████████████▉                                   | 25/45 [00:01<00:01, 17.32it/s]
Stage2 Epoch 11/30:  60%|███████████████████████████████████████████████▍                               | 27/45 [00:01<00:01, 17.33it/s]
Stage2 Epoch 11/30:  64%|██████████████████████████████████████████████████▉                            | 29/45 [00:01<00:00, 17.38it/s]
Stage2 Epoch 11/30:  69%|██████████████████████████████████████████████████████▍                        | 31/45 [00:01<00:00, 17.43it/s]
Stage2 Epoch 11/30:  73%|█████████████████████████████████████████████████████████▉                     | 33/45 [00:02<00:00, 17.33it/s]
Stage2 Epoch 11/30:  78%|█████████████████████████████████████████████████████████████▍                 | 35/45 [00:02<00:00, 17.28it/s]
Stage2 Epoch 11/30:  82%|████████████████████████████████████████████████████████████████▉              | 37/45 [00:02<00:00, 17.27it/s]
Stage2 Epoch 11/30:  87%|████████████████████████████████████████████████████████████████████▍          | 39/45 [00:02<00:00, 17.35it/s]
Stage2 Epoch 11/30:  91%|███████████████████████████████████████████████████████████████████████▉       | 41/45 [00:02<00:00, 17.41it/s]
Stage2 Epoch 11/30:  96%|███████████████████████████████████████████████████████████████████████████▍   | 43/45 [00:02<00:00, 17.43it/s]
Stage2 Epoch 11/30: 100%|███████████████████████████████████████████████████████████████████████████████| 45/45 [00:02<00:00, 17.45it/s]
Stage2 Epoch 11/30: 100%|███████████████████████████████████████████████████████████████████████████████| 45/45 [00:02<00:00, 16.22it/s]

Stage2 Epoch 12/30:   0%|                                                                                        | 0/45 [00:00<?, ?it/s]
Stage2 Epoch 12/30:   2%|█▊                                                                              | 1/45 [00:00<00:09,  4.73it/s]
Stage2 Epoch 12/30:   7%|█████▎                                                                          | 3/45 [00:00<00:04, 10.28it/s]
Stage2 Epoch 12/30:  11%|████████▉                                                                       | 5/45 [00:00<00:03, 13.05it/s]
Stage2 Epoch 12/30:  16%|████████████▍                                                                   | 7/45 [00:00<00:02, 14.58it/s]
Stage2 Epoch 12/30:  20%|████████████████                                                                | 9/45 [00:00<00:02, 15.54it/s]
Stage2 Epoch 12/30:  24%|███████████████████▎                                                           | 11/45 [00:00<00:02, 16.19it/s]
Stage2 Epoch 12/30:  29%|██████████████████████▊                                                        | 13/45 [00:00<00:01, 16.60it/s]
Stage2 Epoch 12/30:  33%|██████████████████████████▎                                                    | 15/45 [00:01<00:01, 16.82it/s]
Stage2 Epoch 12/30:  38%|█████████████████████████████▊                                                 | 17/45 [00:01<00:01, 16.84it/s]
Stage2 Epoch 12/30:  42%|█████████████████████████████████▎                                             | 19/45 [00:01<00:01, 17.00it/s]
Stage2 Epoch 12/30:  47%|████████████████████████████████████▊                                          | 21/45 [00:01<00:01, 17.17it/s]
Stage2 Epoch 12/30:  51%|████████████████████████████████████████▍                                      | 23/45 [00:01<00:01, 17.25it/s]
Stage2 Epoch 12/30:  56%|███████████████████████████████████████████▉                                   | 25/45 [00:01<00:01, 17.28it/s]
Stage2 Epoch 12/30:  60%|███████████████████████████████████████████████▍                               | 27/45 [00:01<00:01, 17.34it/s]
Stage2 Epoch 12/30:  64%|██████████████████████████████████████████████████▉                            | 29/45 [00:01<00:00, 17.41it/s]
Stage2 Epoch 12/30:  69%|██████████████████████████████████████████████████████▍                        | 31/45 [00:01<00:00, 17.40it/s]
Stage2 Epoch 12/30:  73%|█████████████████████████████████████████████████████████▉                     | 33/45 [00:02<00:00, 17.31it/s]
Stage2 Epoch 12/30:  78%|█████████████████████████████████████████████████████████████▍                 | 35/45 [00:02<00:00, 17.33it/s]
Stage2 Epoch 12/30:  82%|████████████████████████████████████████████████████████████████▉              | 37/45 [00:02<00:00, 17.37it/s]
Stage2 Epoch 12/30:  87%|████████████████████████████████████████████████████████████████████▍          | 39/45 [00:02<00:00, 17.38it/s]
Stage2 Epoch 12/30:  91%|███████████████████████████████████████████████████████████████████████▉       | 41/45 [00:02<00:00, 17.38it/s]
Stage2 Epoch 12/30:  96%|███████████████████████████████████████████████████████████████████████████▍   | 43/45 [00:02<00:00, 17.41it/s]
Stage2 Epoch 12/30: 100%|███████████████████████████████████████████████████████████████████████████████| 45/45 [00:02<00:00, 17.47it/s]
Stage2 Epoch 12/30: 100%|███████████████████████████████████████████████████████████████████████████████| 45/45 [00:02<00:00, 16.26it/s]

Stage2 Epoch 13/30:   0%|                                                                                        | 0/45 [00:00<?, ?it/s]
Stage2 Epoch 13/30:   2%|█▊                                                                              | 1/45 [00:00<00:09,  4.66it/s]
Stage2 Epoch 13/30:   7%|█████▎                                                                          | 3/45 [00:00<00:04, 10.22it/s]
Stage2 Epoch 13/30:  11%|████████▉                                                                       | 5/45 [00:00<00:03, 12.97it/s]
Stage2 Epoch 13/30:  16%|████████████▍                                                                   | 7/45 [00:00<00:02, 14.59it/s]
Stage2 Epoch 13/30:  20%|████████████████                                                                | 9/45 [00:00<00:02, 15.61it/s]
Stage2 Epoch 13/30:  24%|███████████████████▎                                                           | 11/45 [00:00<00:02, 16.19it/s]
Stage2 Epoch 13/30:  29%|██████████████████████▊                                                        | 13/45 [00:00<00:01, 16.59it/s]
Stage2 Epoch 13/30:  33%|██████████████████████████▎                                                    | 15/45 [00:01<00:01, 16.91it/s]
Stage2 Epoch 13/30:  38%|█████████████████████████████▊                                                 | 17/45 [00:01<00:01, 16.86it/s]
Stage2 Epoch 13/30:  42%|█████████████████████████████████▎                                             | 19/45 [00:01<00:01, 17.04it/s]
Stage2 Epoch 13/30:  47%|████████████████████████████████████▊                                          | 21/45 [00:01<00:01, 17.12it/s]
Stage2 Epoch 13/30:  51%|████████████████████████████████████████▍                                      | 23/45 [00:01<00:01, 17.25it/s]
Stage2 Epoch 13/30:  56%|███████████████████████████████████████████▉                                   | 25/45 [00:01<00:01, 17.35it/s]
Stage2 Epoch 13/30:  60%|███████████████████████████████████████████████▍                               | 27/45 [00:01<00:01, 17.37it/s]
Stage2 Epoch 13/30:  64%|██████████████████████████████████████████████████▉                            | 29/45 [00:01<00:00, 17.39it/s]
Stage2 Epoch 13/30:  69%|██████████████████████████████████████████████████████▍                        | 31/45 [00:01<00:00, 17.45it/s]
Stage2 Epoch 13/30:  73%|█████████████████████████████████████████████████████████▉                     | 33/45 [00:02<00:00, 17.33it/s]
Stage2 Epoch 13/30:  78%|█████████████████████████████████████████████████████████████▍                 | 35/45 [00:02<00:00, 17.32it/s]
Stage2 Epoch 13/30:  82%|████████████████████████████████████████████████████████████████▉              | 37/45 [00:02<00:00, 17.30it/s]
Stage2 Epoch 13/30:  87%|████████████████████████████████████████████████████████████████████▍          | 39/45 [00:02<00:00, 17.37it/s]
Stage2 Epoch 13/30:  91%|███████████████████████████████████████████████████████████████████████▉       | 41/45 [00:02<00:00, 17.43it/s]
Stage2 Epoch 13/30:  96%|███████████████████████████████████████████████████████████████████████████▍   | 43/45 [00:02<00:00, 17.45it/s]
Stage2 Epoch 13/30: 100%|███████████████████████████████████████████████████████████████████████████████| 45/45 [00:02<00:00, 17.46it/s]
Stage2 Epoch 13/30: 100%|███████████████████████████████████████████████████████████████████████████████| 45/45 [00:02<00:00, 16.24it/s]

Stage2 Epoch 14/30:   0%|                                                                                        | 0/45 [00:00<?, ?it/s]
Stage2 Epoch 14/30:   2%|█▊                                                                              | 1/45 [00:00<00:10,  4.15it/s]
Stage2 Epoch 14/30:   7%|█████▎                                                                          | 3/45 [00:00<00:04,  9.54it/s]
Stage2 Epoch 14/30:  11%|████████▉                                                                       | 5/45 [00:00<00:03, 12.48it/s]
Stage2 Epoch 14/30:  16%|████████████▍                                                                   | 7/45 [00:00<00:02, 14.14it/s]
Stage2 Epoch 14/30:  20%|████████████████                                                                | 9/45 [00:00<00:02, 15.20it/s]
Stage2 Epoch 14/30:  24%|███████████████████▎                                                           | 11/45 [00:00<00:02, 15.94it/s]
Stage2 Epoch 14/30:  29%|██████████████████████▊                                                        | 13/45 [00:00<00:01, 16.44it/s]
Stage2 Epoch 14/30:  33%|██████████████████████████▎                                                    | 15/45 [00:01<00:01, 16.74it/s]
Stage2 Epoch 14/30:  38%|█████████████████████████████▊                                                 | 17/45 [00:01<00:01, 16.71it/s]
Stage2 Epoch 14/30:  42%|█████████████████████████████████▎                                             | 19/45 [00:01<00:01, 16.92it/s]
Stage2 Epoch 14/30:  47%|████████████████████████████████████▊                                          | 21/45 [00:01<00:01, 17.12it/s]
Stage2 Epoch 14/30:  51%|████████████████████████████████████████▍                                      | 23/45 [00:01<00:01, 17.24it/s]
Stage2 Epoch 14/30:  56%|███████████████████████████████████████████▉                                   | 25/45 [00:01<00:01, 17.28it/s]
Stage2 Epoch 14/30:  60%|███████████████████████████████████████████████▍                               | 27/45 [00:01<00:01, 17.36it/s]
Stage2 Epoch 14/30:  64%|██████████████████████████████████████████████████▉                            | 29/45 [00:01<00:00, 17.43it/s]
Stage2 Epoch 14/30:  69%|██████████████████████████████████████████████████████▍                        | 31/45 [00:01<00:00, 17.42it/s]
Stage2 Epoch 14/30:  73%|█████████████████████████████████████████████████████████▉                     | 33/45 [00:02<00:00, 17.28it/s]
Stage2 Epoch 14/30:  78%|█████████████████████████████████████████████████████████████▍                 | 35/45 [00:02<00:00, 17.29it/s]
Stage2 Epoch 14/30:  82%|████████████████████████████████████████████████████████████████▉              | 37/45 [00:02<00:00, 17.36it/s]
Stage2 Epoch 14/30:  87%|████████████████████████████████████████████████████████████████████▍          | 39/45 [00:02<00:00, 17.40it/s]
Stage2 Epoch 14/30:  91%|███████████████████████████████████████████████████████████████████████▉       | 41/45 [00:02<00:00, 17.38it/s]
Stage2 Epoch 14/30:  96%|███████████████████████████████████████████████████████████████████████████▍   | 43/45 [00:02<00:00, 17.41it/s]
Stage2 Epoch 14/30: 100%|███████████████████████████████████████████████████████████████████████████████| 45/45 [00:02<00:00, 17.48it/s]
Stage2 Epoch 14/30: 100%|███████████████████████████████████████████████████████████████████████████████| 45/45 [00:02<00:00, 16.06it/s]

Stage2 Epoch 15/30:   0%|                                                                                        | 0/45 [00:00<?, ?it/s]
Stage2 Epoch 15/30:   2%|█▊                                                                              | 1/45 [00:00<00:09,  4.54it/s]
Stage2 Epoch 15/30:   7%|█████▎                                                                          | 3/45 [00:00<00:04, 10.01it/s]
Stage2 Epoch 15/30:  11%|████████▉                                                                       | 5/45 [00:00<00:03, 12.79it/s]
Stage2 Epoch 15/30:  16%|████████████▍                                                                   | 7/45 [00:00<00:02, 14.46it/s]
Stage2 Epoch 15/30:  20%|████████████████                                                                | 9/45 [00:00<00:02, 15.47it/s]
Stage2 Epoch 15/30:  24%|███████████████████▎                                                           | 11/45 [00:00<00:02, 16.08it/s]
Stage2 Epoch 15/30:  29%|██████████████████████▊                                                        | 13/45 [00:00<00:01, 16.48it/s]
Stage2 Epoch 15/30:  33%|██████████████████████████▎                                                    | 15/45 [00:01<00:01, 16.80it/s]
Stage2 Epoch 15/30:  38%|█████████████████████████████▊                                                 | 17/45 [00:01<00:01, 16.85it/s]
Stage2 Epoch 15/30:  42%|█████████████████████████████████▎                                             | 19/45 [00:01<00:01, 17.03it/s]
Stage2 Epoch 15/30:  47%|████████████████████████████████████▊                                          | 21/45 [00:01<00:01, 17.09it/s]
Stage2 Epoch 15/30:  51%|████████████████████████████████████████▍                                      | 23/45 [00:01<00:01, 17.20it/s]
Stage2 Epoch 15/30:  56%|███████████████████████████████████████████▉                                   | 25/45 [00:01<00:01, 17.30it/s]
Stage2 Epoch 15/30:  60%|███████████████████████████████████████████████▍                               | 27/45 [00:01<00:01, 17.35it/s]
Stage2 Epoch 15/30:  64%|██████████████████████████████████████████████████▉                            | 29/45 [00:01<00:00, 17.33it/s]
Stage2 Epoch 15/30:  69%|██████████████████████████████████████████████████████▍                        | 31/45 [00:01<00:00, 17.34it/s]
Stage2 Epoch 15/30:  73%|█████████████████████████████████████████████████████████▉                     | 33/45 [00:02<00:00, 17.32it/s]
Stage2 Epoch 15/30:  78%|█████████████████████████████████████████████████████████████▍                 | 35/45 [00:02<00:00, 17.34it/s]
Stage2 Epoch 15/30:  82%|████████████████████████████████████████████████████████████████▉              | 37/45 [00:02<00:00, 17.33it/s]
Stage2 Epoch 15/30:  87%|████████████████████████████████████████████████████████████████████▍          | 39/45 [00:02<00:00, 17.33it/s]
Stage2 Epoch 15/30:  91%|███████████████████████████████████████████████████████████████████████▉       | 41/45 [00:02<00:00, 17.38it/s]
Stage2 Epoch 15/30:  96%|███████████████████████████████████████████████████████████████████████████▍   | 43/45 [00:02<00:00, 17.41it/s]
Stage2 Epoch 15/30: 100%|███████████████████████████████████████████████████████████████████████████████| 45/45 [00:02<00:00, 17.41it/s]
Stage2 Epoch 15/30: 100%|███████████████████████████████████████████████████████████████████████████████| 45/45 [00:02<00:00, 16.20it/s]

Stage2 Epoch 16/30:   0%|                                                                                        | 0/45 [00:00<?, ?it/s]
Stage2 Epoch 16/30:   2%|█▊                                                                              | 1/45 [00:00<00:11,  3.97it/s]
Stage2 Epoch 16/30:   7%|█████▎                                                                          | 3/45 [00:00<00:04,  9.30it/s]
Stage2 Epoch 16/30:  11%|████████▉                                                                       | 5/45 [00:00<00:03, 12.23it/s]
Stage2 Epoch 16/30:  16%|████████████▍                                                                   | 7/45 [00:00<00:02, 13.98it/s]
Stage2 Epoch 16/30:  20%|████████████████                                                                | 9/45 [00:00<00:02, 15.13it/s]
Stage2 Epoch 16/30:  24%|███████████████████▎                                                           | 11/45 [00:00<00:02, 15.91it/s]
Stage2 Epoch 16/30:  29%|██████████████████████▊                                                        | 13/45 [00:00<00:01, 16.37it/s]
Stage2 Epoch 16/30:  33%|██████████████████████████▎                                                    | 15/45 [00:01<00:01, 16.69it/s]
Stage2 Epoch 16/30:  38%|█████████████████████████████▊                                                 | 17/45 [00:01<00:01, 16.73it/s]
Stage2 Epoch 16/30:  42%|█████████████████████████████████▎                                             | 19/45 [00:01<00:01, 17.00it/s]
Stage2 Epoch 16/30:  47%|████████████████████████████████████▊                                          | 21/45 [00:01<00:01, 17.13it/s]
Stage2 Epoch 16/30:  51%|████████████████████████████████████████▍                                      | 23/45 [00:01<00:01, 17.20it/s]
Stage2 Epoch 16/30:  56%|███████████████████████████████████████████▉                                   | 25/45 [00:01<00:01, 17.28it/s]
Stage2 Epoch 16/30:  60%|███████████████████████████████████████████████▍                               | 27/45 [00:01<00:01, 17.37it/s]
Stage2 Epoch 16/30:  64%|██████████████████████████████████████████████████▉                            | 29/45 [00:01<00:00, 17.38it/s]
Stage2 Epoch 16/30:  69%|██████████████████████████████████████████████████████▍                        | 31/45 [00:01<00:00, 17.36it/s]
Stage2 Epoch 16/30:  73%|█████████████████████████████████████████████████████████▉                     | 33/45 [00:02<00:00, 17.31it/s]
Stage2 Epoch 16/30:  78%|█████████████████████████████████████████████████████████████▍                 | 35/45 [00:02<00:00, 17.34it/s]
Stage2 Epoch 16/30:  82%|████████████████████████████████████████████████████████████████▉              | 37/45 [00:02<00:00, 17.34it/s]
Stage2 Epoch 16/30:  87%|████████████████████████████████████████████████████████████████████▍          | 39/45 [00:02<00:00, 17.33it/s]
Stage2 Epoch 16/30:  91%|███████████████████████████████████████████████████████████████████████▉       | 41/45 [00:02<00:00, 17.38it/s]
Stage2 Epoch 16/30:  96%|███████████████████████████████████████████████████████████████████████████▍   | 43/45 [00:02<00:00, 17.43it/s]
Stage2 Epoch 16/30: 100%|███████████████████████████████████████████████████████████████████████████████| 45/45 [00:02<00:00, 17.43it/s]
Stage2 Epoch 16/30: 100%|███████████████████████████████████████████████████████████████████████████████| 45/45 [00:02<00:00, 16.02it/s]
/mnt/workspace/utils/train_visualizer.py:100: UserWarning: Glyph 21335 (\N{CJK UNIFIED IDEOGRAPH-5357}) missing from font(s) DejaVu Sans.
  fig.tight_layout()
/mnt/workspace/utils/train_visualizer.py:100: UserWarning: Glyph 22825 (\N{CJK UNIFIED IDEOGRAPH-5929}) missing from font(s) DejaVu Sans.
  fig.tight_layout()
/mnt/workspace/utils/train_visualizer.py:100: UserWarning: Glyph 31481 (\N{CJK UNIFIED IDEOGRAPH-7AF9}) missing from font(s) DejaVu Sans.
  fig.tight_layout()
/mnt/workspace/utils/train_visualizer.py:100: UserWarning: Glyph 21494 (\N{CJK UNIFIED IDEOGRAPH-53F6}) missing from font(s) DejaVu Sans.
  fig.tight_layout()
/mnt/workspace/utils/train_visualizer.py:100: UserWarning: Glyph 23567 (\N{CJK UNIFIED IDEOGRAPH-5C0F}) missing from font(s) DejaVu Sans.
  fig.tight_layout()
/mnt/workspace/utils/train_visualizer.py:100: UserWarning: Glyph 22899 (\N{CJK UNIFIED IDEOGRAPH-5973}) missing from font(s) DejaVu Sans.
  fig.tight_layout()
/mnt/workspace/utils/train_visualizer.py:100: UserWarning: Glyph 36126 (\N{CJK UNIFIED IDEOGRAPH-8D1E}) missing from font(s) DejaVu Sans.
  fig.tight_layout()
/mnt/workspace/utils/train_visualizer.py:100: UserWarning: Glyph 24748 (\N{CJK UNIFIED IDEOGRAPH-60AC}) missing from font(s) DejaVu Sans.
  fig.tight_layout()
/mnt/workspace/utils/train_visualizer.py:100: UserWarning: Glyph 38083 (\N{CJK UNIFIED IDEOGRAPH-94C3}) missing from font(s) DejaVu Sans.
  fig.tight_layout()
/mnt/workspace/utils/train_visualizer.py:100: UserWarning: Glyph 26408 (\N{CJK UNIFIED IDEOGRAPH-6728}) missing from font(s) DejaVu Sans.
  fig.tight_layout()
/mnt/workspace/utils/train_visualizer.py:100: UserWarning: Glyph 26460 (\N{CJK UNIFIED IDEOGRAPH-675C}) missing from font(s) DejaVu Sans.
  fig.tight_layout()
/mnt/workspace/utils/train_visualizer.py:100: UserWarning: Glyph 40515 (\N{CJK UNIFIED IDEOGRAPH-9E43}) missing from font(s) DejaVu Sans.
  fig.tight_layout()
/mnt/workspace/utils/train_visualizer.py:100: UserWarning: Glyph 33457 (\N{CJK UNIFIED IDEOGRAPH-82B1}) missing from font(s) DejaVu Sans.
  fig.tight_layout()
/mnt/workspace/utils/train_visualizer.py:100: UserWarning: Glyph 26503 (\N{CJK UNIFIED IDEOGRAPH-6787}) missing from font(s) DejaVu Sans.
  fig.tight_layout()
/mnt/workspace/utils/train_visualizer.py:100: UserWarning: Glyph 26487 (\N{CJK UNIFIED IDEOGRAPH-6777}) missing from font(s) DejaVu Sans.
  fig.tight_layout()
/mnt/workspace/utils/train_visualizer.py:100: UserWarning: Glyph 27185 (\N{CJK UNIFIED IDEOGRAPH-6A31}) missing from font(s) DejaVu Sans.
  fig.tight_layout()
/mnt/workspace/utils/train_visualizer.py:100: UserWarning: Glyph 27861 (\N{CJK UNIFIED IDEOGRAPH-6CD5}) missing from font(s) DejaVu Sans.
  fig.tight_layout()
/mnt/workspace/utils/train_visualizer.py:100: UserWarning: Glyph 22269 (\N{CJK UNIFIED IDEOGRAPH-56FD}) missing from font(s) DejaVu Sans.
  fig.tight_layout()
/mnt/workspace/utils/train_visualizer.py:100: UserWarning: Glyph 20908 (\N{CJK UNIFIED IDEOGRAPH-51AC}) missing from font(s) DejaVu Sans.
  fig.tight_layout()
/mnt/workspace/utils/train_visualizer.py:100: UserWarning: Glyph 38738 (\N{CJK UNIFIED IDEOGRAPH-9752}) missing from font(s) DejaVu Sans.
  fig.tight_layout()
/mnt/workspace/utils/train_visualizer.py:100: UserWarning: Glyph 28023 (\N{CJK UNIFIED IDEOGRAPH-6D77}) missing from font(s) DejaVu Sans.
  fig.tight_layout()
/mnt/workspace/utils/train_visualizer.py:100: UserWarning: Glyph 26704 (\N{CJK UNIFIED IDEOGRAPH-6850}) missing from font(s) DejaVu Sans.
  fig.tight_layout()
/mnt/workspace/utils/train_visualizer.py:100: UserWarning: Glyph 30707 (\N{CJK UNIFIED IDEOGRAPH-77F3}) missing from font(s) DejaVu Sans.
  fig.tight_layout()
/mnt/workspace/utils/train_visualizer.py:100: UserWarning: Glyph 26976 (\N{CJK UNIFIED IDEOGRAPH-6960}) missing from font(s) DejaVu Sans.
  fig.tight_layout()
/mnt/workspace/utils/train_visualizer.py:101: UserWarning: Glyph 21335 (\N{CJK UNIFIED IDEOGRAPH-5357}) missing from font(s) DejaVu Sans.
  fig.savefig(output_path, bbox_inches="tight")
/mnt/workspace/utils/train_visualizer.py:101: UserWarning: Glyph 22825 (\N{CJK UNIFIED IDEOGRAPH-5929}) missing from font(s) DejaVu Sans.
  fig.savefig(output_path, bbox_inches="tight")
/mnt/workspace/utils/train_visualizer.py:101: UserWarning: Glyph 31481 (\N{CJK UNIFIED IDEOGRAPH-7AF9}) missing from font(s) DejaVu Sans.
  fig.savefig(output_path, bbox_inches="tight")
/mnt/workspace/utils/train_visualizer.py:101: UserWarning: Glyph 21494 (\N{CJK UNIFIED IDEOGRAPH-53F6}) missing from font(s) DejaVu Sans.
  fig.savefig(output_path, bbox_inches="tight")
/mnt/workspace/utils/train_visualizer.py:101: UserWarning: Glyph 23567 (\N{CJK UNIFIED IDEOGRAPH-5C0F}) missing from font(s) DejaVu Sans.
  fig.savefig(output_path, bbox_inches="tight")
/mnt/workspace/utils/train_visualizer.py:101: UserWarning: Glyph 22899 (\N{CJK UNIFIED IDEOGRAPH-5973}) missing from font(s) DejaVu Sans.
  fig.savefig(output_path, bbox_inches="tight")
/mnt/workspace/utils/train_visualizer.py:101: UserWarning: Glyph 36126 (\N{CJK UNIFIED IDEOGRAPH-8D1E}) missing from font(s) DejaVu Sans.
  fig.savefig(output_path, bbox_inches="tight")
/mnt/workspace/utils/train_visualizer.py:101: UserWarning: Glyph 24748 (\N{CJK UNIFIED IDEOGRAPH-60AC}) missing from font(s) DejaVu Sans.
  fig.savefig(output_path, bbox_inches="tight")
/mnt/workspace/utils/train_visualizer.py:101: UserWarning: Glyph 38083 (\N{CJK UNIFIED IDEOGRAPH-94C3}) missing from font(s) DejaVu Sans.
  fig.savefig(output_path, bbox_inches="tight")
/mnt/workspace/utils/train_visualizer.py:101: UserWarning: Glyph 26408 (\N{CJK UNIFIED IDEOGRAPH-6728}) missing from font(s) DejaVu Sans.
  fig.savefig(output_path, bbox_inches="tight")
/mnt/workspace/utils/train_visualizer.py:101: UserWarning: Glyph 26460 (\N{CJK UNIFIED IDEOGRAPH-675C}) missing from font(s) DejaVu Sans.
  fig.savefig(output_path, bbox_inches="tight")
/mnt/workspace/utils/train_visualizer.py:101: UserWarning: Glyph 40515 (\N{CJK UNIFIED IDEOGRAPH-9E43}) missing from font(s) DejaVu Sans.
  fig.savefig(output_path, bbox_inches="tight")
/mnt/workspace/utils/train_visualizer.py:101: UserWarning: Glyph 33457 (\N{CJK UNIFIED IDEOGRAPH-82B1}) missing from font(s) DejaVu Sans.
  fig.savefig(output_path, bbox_inches="tight")
/mnt/workspace/utils/train_visualizer.py:101: UserWarning: Glyph 26503 (\N{CJK UNIFIED IDEOGRAPH-6787}) missing from font(s) DejaVu Sans.
  fig.savefig(output_path, bbox_inches="tight")
/mnt/workspace/utils/train_visualizer.py:101: UserWarning: Glyph 26487 (\N{CJK UNIFIED IDEOGRAPH-6777}) missing from font(s) DejaVu Sans.
  fig.savefig(output_path, bbox_inches="tight")
/mnt/workspace/utils/train_visualizer.py:101: UserWarning: Glyph 27185 (\N{CJK UNIFIED IDEOGRAPH-6A31}) missing from font(s) DejaVu Sans.
  fig.savefig(output_path, bbox_inches="tight")
/mnt/workspace/utils/train_visualizer.py:101: UserWarning: Glyph 27861 (\N{CJK UNIFIED IDEOGRAPH-6CD5}) missing from font(s) DejaVu Sans.
  fig.savefig(output_path, bbox_inches="tight")
/mnt/workspace/utils/train_visualizer.py:101: UserWarning: Glyph 22269 (\N{CJK UNIFIED IDEOGRAPH-56FD}) missing from font(s) DejaVu Sans.
  fig.savefig(output_path, bbox_inches="tight")
/mnt/workspace/utils/train_visualizer.py:101: UserWarning: Glyph 20908 (\N{CJK UNIFIED IDEOGRAPH-51AC}) missing from font(s) DejaVu Sans.
  fig.savefig(output_path, bbox_inches="tight")
/mnt/workspace/utils/train_visualizer.py:101: UserWarning: Glyph 38738 (\N{CJK UNIFIED IDEOGRAPH-9752}) missing from font(s) DejaVu Sans.
  fig.savefig(output_path, bbox_inches="tight")
/mnt/workspace/utils/train_visualizer.py:101: UserWarning: Glyph 28023 (\N{CJK UNIFIED IDEOGRAPH-6D77}) missing from font(s) DejaVu Sans.
  fig.savefig(output_path, bbox_inches="tight")
/mnt/workspace/utils/train_visualizer.py:101: UserWarning: Glyph 26704 (\N{CJK UNIFIED IDEOGRAPH-6850}) missing from font(s) DejaVu Sans.
  fig.savefig(output_path, bbox_inches="tight")
/mnt/workspace/utils/train_visualizer.py:101: UserWarning: Glyph 30707 (\N{CJK UNIFIED IDEOGRAPH-77F3}) missing from font(s) DejaVu Sans.
  fig.savefig(output_path, bbox_inches="tight")
/mnt/workspace/utils/train_visualizer.py:101: UserWarning: Glyph 26976 (\N{CJK UNIFIED IDEOGRAPH-6960}) missing from font(s) DejaVu Sans.
  fig.savefig(output_path, bbox_inches="tight")
