实验: 实验3: 中心裁剪 vs YOLOv8 ROI提取 vs 不做ROI提取 - resnet50
运行ID: exp3_resnet50_yolo_20260427_154646
开始时间: 2026-04-27T15:48:42.587992
耗时: 116.54秒
================================================================================
[INFO] Log will be saved to logs/resnet50_complex_train_log_20260427_154649.txt

===== CONFIG =====
dataset:
  input_size: 224
  batch_size: 16
  limit_train_per_class: 80
  limit_val_per_class: 25
model:
  num_classes: 9
train:
  epochs_stage1: 20
  epochs_stage2: 30
  grad_clip: 0.5
criterion:
  label_smoothing: 0.05
optimizer:
  lr_stage1: 0.001
  lr_stage2: 5.0e-05
  beta1: 0.9
  beta2: 0.999
  eps: 1.0e-08
  weight_decay: 0.02
early_stop:
  patience: 7
  min_delta: 0.002
scheduler:
  mode: max
  factor: 0.5
  patience: 2
  min_lr: 5.0e-07
  cosin:
    warmup_epochs: 4
    warmup_lr_init: 1.0e-07
    min_lr: 5.0e-08
logger:
  model_name: resnet50_complex

==================

[INFO] Reading Dataset for type: complex_yolo
[INFO] Loaded training samples: 1290, validation samples: 363
[INFO] Subset dataset to 720 samples (limit 80 per class)
[INFO] Subset dataset to 225 samples (limit 25 per class)
[INFO] 数据集实际类别数: 9
[INFO] ResNet50 ImageNet pretrained: True
[INFO] Time 2.06s | TrainLoss 1.8917 | TrainAcc 47.08% | ValLoss 1.5910 | ValAcc 84.00% | ValTop5 98.67%
[INFO] Current Stage1 learning rate: 0.001000
[INFO] Update best ValAcc: 84.00%
[INFO] Time 1.61s | TrainLoss 1.4311 | TrainAcc 75.83% | ValLoss 1.3376 | ValAcc 87.56% | ValTop5 98.22%
[INFO] Current Stage1 learning rate: 0.001000
[INFO] Update best ValAcc: 87.56%
[INFO] Time 1.72s | TrainLoss 1.2247 | TrainAcc 83.75% | ValLoss 1.1664 | ValAcc 88.89% | ValTop5 99.56%
[INFO] Current Stage1 learning rate: 0.001000
[INFO] Update best ValAcc: 88.89%
[INFO] Time 1.59s | TrainLoss 1.1355 | TrainAcc 83.89% | ValLoss 1.0882 | ValAcc 89.33% | ValTop5 99.56%
[INFO] Current Stage1 learning rate: 0.001000
[INFO] Update best ValAcc: 89.33%
[INFO] Time 1.64s | TrainLoss 1.0620 | TrainAcc 86.25% | ValLoss 1.0238 | ValAcc 89.78% | ValTop5 99.56%
[INFO] Current Stage1 learning rate: 0.001000
[INFO] Update best ValAcc: 89.78%
[INFO] Time 1.62s | TrainLoss 1.0303 | TrainAcc 86.25% | ValLoss 0.9929 | ValAcc 90.22% | ValTop5 99.56%
[INFO] Current Stage1 learning rate: 0.001000
[INFO] Update best ValAcc: 90.22%
[INFO] Time 1.59s | TrainLoss 0.9805 | TrainAcc 88.47% | ValLoss 0.9464 | ValAcc 91.56% | ValTop5 99.56%
[INFO] Current Stage1 learning rate: 0.001000
[INFO] Update best ValAcc: 91.56%
[INFO] Time 1.56s | TrainLoss 0.9640 | TrainAcc 89.31% | ValLoss 0.9836 | ValAcc 88.89% | ValTop5 99.56%
[INFO] Current Stage1 learning rate: 0.001000
[INFO] Patience counter: 1/7
[INFO] Time 1.64s | TrainLoss 0.9599 | TrainAcc 87.92% | ValLoss 0.9320 | ValAcc 91.56% | ValTop5 99.56%
[INFO] Current Stage1 learning rate: 0.001000
[INFO] Patience counter: 2/7
[INFO] Time 1.67s | TrainLoss 0.9398 | TrainAcc 89.44% | ValLoss 0.9224 | ValAcc 91.11% | ValTop5 99.56%
[INFO] Current Stage1 learning rate: 0.000500
[INFO] Patience counter: 3/7
[INFO] Time 1.63s | TrainLoss 0.9182 | TrainAcc 89.58% | ValLoss 0.9316 | ValAcc 91.11% | ValTop5 99.56%
[INFO] Current Stage1 learning rate: 0.000500
[INFO] Patience counter: 4/7
[INFO] Time 1.68s | TrainLoss 0.9001 | TrainAcc 90.69% | ValLoss 0.9039 | ValAcc 92.00% | ValTop5 99.56%
[INFO] Current Stage1 learning rate: 0.000500
[INFO] Update best ValAcc: 92.00%
[INFO] Time 1.70s | TrainLoss 0.8980 | TrainAcc 91.67% | ValLoss 0.9068 | ValAcc 90.22% | ValTop5 99.56%
[INFO] Current Stage1 learning rate: 0.000500
[INFO] Patience counter: 1/7
[INFO] Time 1.62s | TrainLoss 0.9032 | TrainAcc 91.67% | ValLoss 0.9099 | ValAcc 92.00% | ValTop5 99.56%
[INFO] Current Stage1 learning rate: 0.000500
[INFO] Patience counter: 2/7
[INFO] Time 1.59s | TrainLoss 0.8867 | TrainAcc 90.83% | ValLoss 0.9269 | ValAcc 91.56% | ValTop5 99.56%
[INFO] Current Stage1 learning rate: 0.000250
[INFO] Patience counter: 3/7
[INFO] Time 1.64s | TrainLoss 0.8733 | TrainAcc 91.67% | ValLoss 0.8875 | ValAcc 91.11% | ValTop5 99.56%
[INFO] Current Stage1 learning rate: 0.000250
[INFO] Patience counter: 4/7
[INFO] Time 1.62s | TrainLoss 0.9077 | TrainAcc 91.11% | ValLoss 0.9097 | ValAcc 90.22% | ValTop5 99.56%
[INFO] Current Stage1 learning rate: 0.000250
[INFO] Patience counter: 5/7
[INFO] Time 1.56s | TrainLoss 0.8897 | TrainAcc 92.08% | ValLoss 0.8968 | ValAcc 92.44% | ValTop5 99.56%
[INFO] Current Stage1 learning rate: 0.000250
[INFO] Update best ValAcc: 92.44%
[INFO] Time 1.57s | TrainLoss 0.8578 | TrainAcc 92.92% | ValLoss 0.8805 | ValAcc 92.00% | ValTop5 99.56%
[INFO] Current Stage1 learning rate: 0.000250
[INFO] Patience counter: 1/7
[INFO] Time 1.74s | TrainLoss 0.8738 | TrainAcc 91.39% | ValLoss 0.8813 | ValAcc 92.00% | ValTop5 99.56%
[INFO] Current Stage1 learning rate: 0.000250
[INFO] Patience counter: 2/7
[INFO] Stage1 training done. Best ValAcc: 92.44%
[INFO] Time 2.81s | TrainLoss 0.8756 | TrainAcc 90.83% | ValLoss 0.8543 | ValAcc 91.56% | ValTop5 99.56%
[INFO] Current Stage2 learning rate: 0.000013
[INFO] Update best ValAcc: 91.56%
[INFO] Time 2.74s | TrainLoss 0.8070 | TrainAcc 92.22% | ValLoss 0.7854 | ValAcc 92.00% | ValTop5 99.56%
[INFO] Current Stage2 learning rate: 0.000025
[INFO] Update best ValAcc: 92.00%
[INFO] Time 2.75s | TrainLoss 0.7371 | TrainAcc 94.03% | ValLoss 0.7403 | ValAcc 92.44% | ValTop5 99.56%
[INFO] Current Stage2 learning rate: 0.000038
[INFO] Update best ValAcc: 92.44%
[INFO] Time 2.80s | TrainLoss 0.6840 | TrainAcc 92.22% | ValLoss 0.6616 | ValAcc 92.00% | ValTop5 99.56%
[INFO] Current Stage2 learning rate: 0.000050
[INFO] Patience counter: 1/7
[INFO] Time 2.76s | TrainLoss 0.6492 | TrainAcc 92.92% | ValLoss 0.6277 | ValAcc 92.89% | ValTop5 99.56%
[INFO] Current Stage2 learning rate: 0.000050
[INFO] Update best ValAcc: 92.89%
[INFO] Time 2.80s | TrainLoss 0.6140 | TrainAcc 93.47% | ValLoss 0.5852 | ValAcc 94.22% | ValTop5 99.56%
[INFO] Current Stage2 learning rate: 0.000049
[INFO] Update best ValAcc: 94.22%
[INFO] Time 2.78s | TrainLoss 0.5641 | TrainAcc 94.31% | ValLoss 0.5614 | ValAcc 94.22% | ValTop5 99.56%
[INFO] Current Stage2 learning rate: 0.000048
[INFO] Patience counter: 1/7
[INFO] Time 2.76s | TrainLoss 0.5287 | TrainAcc 95.28% | ValLoss 0.5140 | ValAcc 95.11% | ValTop5 99.56%
[INFO] Current Stage2 learning rate: 0.000047
[INFO] Update best ValAcc: 95.11%
[INFO] Time 2.77s | TrainLoss 0.5010 | TrainAcc 95.69% | ValLoss 0.5054 | ValAcc 95.56% | ValTop5 99.56%
[INFO] Current Stage2 learning rate: 0.000046
[INFO] Update best ValAcc: 95.56%
[INFO] Time 2.78s | TrainLoss 0.4840 | TrainAcc 96.11% | ValLoss 0.4738 | ValAcc 95.56% | ValTop5 99.56%
[INFO] Current Stage2 learning rate: 0.000044
[INFO] Patience counter: 1/7
[INFO] Time 2.78s | TrainLoss 0.4488 | TrainAcc 97.22% | ValLoss 0.4556 | ValAcc 96.44% | ValTop5 99.56%
[INFO] Current Stage2 learning rate: 0.000042
[INFO] Update best ValAcc: 96.44%
[INFO] Time 2.75s | TrainLoss 0.4514 | TrainAcc 96.11% | ValLoss 0.4529 | ValAcc 96.44% | ValTop5 99.56%
[INFO] Current Stage2 learning rate: 0.000039
[INFO] Patience counter: 1/7
[INFO] Time 2.76s | TrainLoss 0.4306 | TrainAcc 97.36% | ValLoss 0.4366 | ValAcc 96.44% | ValTop5 99.56%
[INFO] Current Stage2 learning rate: 0.000037
[INFO] Patience counter: 2/7
[INFO] Time 2.80s | TrainLoss 0.4189 | TrainAcc 98.06% | ValLoss 0.4394 | ValAcc 96.44% | ValTop5 99.56%
[INFO] Current Stage2 learning rate: 0.000034
[INFO] Patience counter: 3/7
[INFO] Time 2.78s | TrainLoss 0.4026 | TrainAcc 97.50% | ValLoss 0.4306 | ValAcc 96.44% | ValTop5 99.56%
[INFO] Current Stage2 learning rate: 0.000031
[INFO] Patience counter: 4/7
[INFO] Time 2.81s | TrainLoss 0.3981 | TrainAcc 98.19% | ValLoss 0.4300 | ValAcc 95.11% | ValTop5 100.00%
[INFO] Current Stage2 learning rate: 0.000028
[INFO] Patience counter: 5/7
[INFO] Time 2.79s | TrainLoss 0.3803 | TrainAcc 98.06% | ValLoss 0.4241 | ValAcc 96.00% | ValTop5 100.00%
[INFO] Current Stage2 learning rate: 0.000025
[INFO] Patience counter: 6/7
[INFO] Time 2.78s | TrainLoss 0.3920 | TrainAcc 98.33% | ValLoss 0.4228 | ValAcc 96.89% | ValTop5 99.56%
[INFO] Current Stage2 learning rate: 0.000022
[INFO] Update best ValAcc: 96.89%
[INFO] Time 2.77s | TrainLoss 0.3934 | TrainAcc 97.92% | ValLoss 0.4096 | ValAcc 96.89% | ValTop5 99.56%
[INFO] Current Stage2 learning rate: 0.000019
[INFO] Patience counter: 1/7
[INFO] Time 2.78s | TrainLoss 0.3791 | TrainAcc 97.78% | ValLoss 0.4255 | ValAcc 96.89% | ValTop5 100.00%
[INFO] Current Stage2 learning rate: 0.000016
[INFO] Patience counter: 2/7
[INFO] Time 2.81s | TrainLoss 0.3781 | TrainAcc 98.19% | ValLoss 0.4247 | ValAcc 96.00% | ValTop5 99.56%
[INFO] Current Stage2 learning rate: 0.000013
[INFO] Patience counter: 3/7
[INFO] Time 2.81s | TrainLoss 0.3810 | TrainAcc 98.19% | ValLoss 0.4135 | ValAcc 96.89% | ValTop5 100.00%
[INFO] Current Stage2 learning rate: 0.000011
[INFO] Patience counter: 4/7
[INFO] Time 2.81s | TrainLoss 0.3797 | TrainAcc 98.19% | ValLoss 0.4149 | ValAcc 96.00% | ValTop5 100.00%
[INFO] Current Stage2 learning rate: 0.000008
[INFO] Patience counter: 5/7
[INFO] Time 2.78s | TrainLoss 0.3667 | TrainAcc 98.75% | ValLoss 0.4070 | ValAcc 96.89% | ValTop5 100.00%
[INFO] Current Stage2 learning rate: 0.000006
[INFO] Patience counter: 6/7
[INFO] Time 2.77s | TrainLoss 0.3736 | TrainAcc 98.19% | ValLoss 0.4169 | ValAcc 96.44% | ValTop5 100.00%
[INFO] Current Stage2 learning rate: 0.000004
[INFO] Patience counter: 7/7
[INFO] Early stopping at epoch 25
[INFO] Stage2 training done. Best ValAcc: 96.89%
模型已保存至：results/resnet50_complex/20260427_154656/checkpoints/resnet50_best_20260427_154656.pth

============================================================
开始计算论文所需指标...
============================================================
[1/6] 计算Top-1和Top-5准确率...
[2/6] 计算参数量和FLOPs...
[3/6] 测量推理速度...
[4/6] 计算混淆矩阵和分类指标...
[5/6] 计算收敛轮数...
[6/6] 计算训练稳定性指标...

所有指标已保存至: results/resnet50_complex/20260427_154656/thesis_metrics.json
============================================================

论文指标已保存至: results/resnet50_complex/20260427_154656/thesis_metrics.json
[INFO] Loaded independent test samples: 179
[INFO] Independent TestLoss 0.8305 | TestAcc 82.68% | TestTop5 99.44%
可视化已保存至：results/resnet50_complex/20260427_154656/visualization

[STDERR]

Stage1 Epoch 1/20:   0%|                                                                                         | 0/45 [00:00<?, ?it/s]/mnt/workspace/engine/trainer.py:55: FutureWarning: `torch.cuda.amp.autocast(args...)` is deprecated. Please use `torch.amp.autocast('cuda', args...)` instead.
  with autocast(enabled=scaler is not None):

Stage1 Epoch 1/20:   2%|█▊                                                                               | 1/45 [00:00<00:28,  1.56it/s]
Stage1 Epoch 1/20:  18%|██████████████▍                                                                  | 8/45 [00:00<00:02, 13.62it/s]
Stage1 Epoch 1/20:  31%|████████████████████████▉                                                       | 14/45 [00:00<00:01, 21.30it/s]
Stage1 Epoch 1/20:  40%|████████████████████████████████                                                | 18/45 [00:00<00:01, 25.23it/s]
Stage1 Epoch 1/20:  51%|████████████████████████████████████████▉                                       | 23/45 [00:01<00:00, 30.71it/s]
Stage1 Epoch 1/20:  62%|█████████████████████████████████████████████████▊                              | 28/45 [00:01<00:00, 33.67it/s]
Stage1 Epoch 1/20:  73%|██████████████████████████████████████████████████████████▋                     | 33/45 [00:01<00:00, 35.80it/s]
Stage1 Epoch 1/20:  84%|███████████████████████████████████████████████████████████████████▌            | 38/45 [00:01<00:00, 36.66it/s]
Stage1 Epoch 1/20:  96%|████████████████████████████████████████████████████████████████████████████▍   | 43/45 [00:01<00:00, 35.99it/s]
Stage1 Epoch 1/20: 100%|████████████████████████████████████████████████████████████████████████████████| 45/45 [00:01<00:00, 27.03it/s]

Stage1 Epoch 2/20:   0%|                                                                                         | 0/45 [00:00<?, ?it/s]
Stage1 Epoch 2/20:   2%|█▊                                                                               | 1/45 [00:00<00:07,  6.06it/s]
Stage1 Epoch 2/20:  13%|██████████▊                                                                      | 6/45 [00:00<00:01, 25.05it/s]
Stage1 Epoch 2/20:  22%|█████████████████▊                                                              | 10/45 [00:00<00:01, 30.61it/s]
Stage1 Epoch 2/20:  33%|██████████████████████████▋                                                     | 15/45 [00:00<00:00, 35.33it/s]
Stage1 Epoch 2/20:  42%|█████████████████████████████████▊                                              | 19/45 [00:00<00:00, 36.30it/s]
Stage1 Epoch 2/20:  51%|████████████████████████████████████████▉                                       | 23/45 [00:00<00:00, 36.29it/s]
Stage1 Epoch 2/20:  60%|████████████████████████████████████████████████                                | 27/45 [00:00<00:00, 36.72it/s]
Stage1 Epoch 2/20:  71%|████████████████████████████████████████████████████████▉                       | 32/45 [00:00<00:00, 40.18it/s]
Stage1 Epoch 2/20:  82%|█████████████████████████████████████████████████████████████████▊              | 37/45 [00:01<00:00, 39.95it/s]
Stage1 Epoch 2/20:  93%|██████████████████████████████████████████████████████████████████████████▋     | 42/45 [00:01<00:00, 39.64it/s]
Stage1 Epoch 2/20: 100%|████████████████████████████████████████████████████████████████████████████████| 45/45 [00:01<00:00, 35.31it/s]

Stage1 Epoch 3/20:   0%|                                                                                         | 0/45 [00:00<?, ?it/s]
Stage1 Epoch 3/20:   2%|█▊                                                                               | 1/45 [00:00<00:06,  6.31it/s]
Stage1 Epoch 3/20:  11%|█████████                                                                        | 5/45 [00:00<00:01, 22.25it/s]
Stage1 Epoch 3/20:  18%|██████████████▍                                                                  | 8/45 [00:00<00:01, 24.27it/s]
Stage1 Epoch 3/20:  29%|███████████████████████                                                         | 13/45 [00:00<00:00, 32.68it/s]
Stage1 Epoch 3/20:  38%|██████████████████████████████▏                                                 | 17/45 [00:00<00:00, 33.27it/s]
Stage1 Epoch 3/20:  49%|███████████████████████████████████████                                         | 22/45 [00:00<00:00, 35.03it/s]
Stage1 Epoch 3/20:  58%|██████████████████████████████████████████████▏                                 | 26/45 [00:00<00:00, 35.23it/s]
Stage1 Epoch 3/20:  67%|█████████████████████████████████████████████████████▎                          | 30/45 [00:00<00:00, 35.60it/s]
Stage1 Epoch 3/20:  78%|██████████████████████████████████████████████████████████████▏                 | 35/45 [00:01<00:00, 32.65it/s]
Stage1 Epoch 3/20:  89%|███████████████████████████████████████████████████████████████████████         | 40/45 [00:01<00:00, 35.85it/s]
Stage1 Epoch 3/20:  98%|██████████████████████████████████████████████████████████████████████████████▏ | 44/45 [00:01<00:00, 36.18it/s]
Stage1 Epoch 3/20: 100%|████████████████████████████████████████████████████████████████████████████████| 45/45 [00:01<00:00, 32.48it/s]

Stage1 Epoch 4/20:   0%|                                                                                         | 0/45 [00:00<?, ?it/s]
Stage1 Epoch 4/20:   2%|█▊                                                                               | 1/45 [00:00<00:07,  6.00it/s]
Stage1 Epoch 4/20:  11%|█████████                                                                        | 5/45 [00:00<00:02, 19.74it/s]
Stage1 Epoch 4/20:  22%|█████████████████▊                                                              | 10/45 [00:00<00:01, 30.36it/s]
Stage1 Epoch 4/20:  31%|████████████████████████▉                                                       | 14/45 [00:00<00:01, 29.81it/s]
Stage1 Epoch 4/20:  44%|███████████████████████████████████▌                                            | 20/45 [00:00<00:00, 37.19it/s]
Stage1 Epoch 4/20:  56%|████████████████████████████████████████████▍                                   | 25/45 [00:00<00:00, 37.90it/s]
Stage1 Epoch 4/20:  64%|███████████████████████████████████████████████████▌                            | 29/45 [00:00<00:00, 37.43it/s]
Stage1 Epoch 4/20:  78%|██████████████████████████████████████████████████████████████▏                 | 35/45 [00:01<00:00, 42.00it/s]
Stage1 Epoch 4/20:  89%|███████████████████████████████████████████████████████████████████████         | 40/45 [00:01<00:00, 42.24it/s]
Stage1 Epoch 4/20: 100%|████████████████████████████████████████████████████████████████████████████████| 45/45 [00:01<00:00, 42.22it/s]
Stage1 Epoch 4/20: 100%|████████████████████████████████████████████████████████████████████████████████| 45/45 [00:01<00:00, 35.80it/s]

Stage1 Epoch 5/20:   0%|                                                                                         | 0/45 [00:00<?, ?it/s]
Stage1 Epoch 5/20:   2%|█▊                                                                               | 1/45 [00:00<00:09,  4.78it/s]
Stage1 Epoch 5/20:  13%|██████████▊                                                                      | 6/45 [00:00<00:01, 22.99it/s]
Stage1 Epoch 5/20:  24%|███████████████████▌                                                            | 11/45 [00:00<00:01, 31.44it/s]
Stage1 Epoch 5/20:  33%|██████████████████████████▋                                                     | 15/45 [00:00<00:00, 33.77it/s]
Stage1 Epoch 5/20:  42%|█████████████████████████████████▊                                              | 19/45 [00:00<00:00, 35.24it/s]
Stage1 Epoch 5/20:  51%|████████████████████████████████████████▉                                       | 23/45 [00:00<00:00, 36.07it/s]
Stage1 Epoch 5/20:  60%|████████████████████████████████████████████████                                | 27/45 [00:00<00:00, 36.60it/s]
Stage1 Epoch 5/20:  69%|███████████████████████████████████████████████████████                         | 31/45 [00:00<00:00, 36.67it/s]
Stage1 Epoch 5/20:  80%|████████████████████████████████████████████████████████████████                | 36/45 [00:01<00:00, 39.64it/s]
Stage1 Epoch 5/20:  91%|████████████████████████████████████████████████████████████████████████▉       | 41/45 [00:01<00:00, 39.13it/s]
Stage1 Epoch 5/20: 100%|████████████████████████████████████████████████████████████████████████████████| 45/45 [00:01<00:00, 34.69it/s]

Stage1 Epoch 6/20:   0%|                                                                                         | 0/45 [00:00<?, ?it/s]
Stage1 Epoch 6/20:   2%|█▊                                                                               | 1/45 [00:00<00:09,  4.85it/s]
Stage1 Epoch 6/20:  11%|█████████                                                                        | 5/45 [00:00<00:02, 16.99it/s]
Stage1 Epoch 6/20:  22%|█████████████████▊                                                              | 10/45 [00:00<00:01, 27.36it/s]
Stage1 Epoch 6/20:  33%|██████████████████████████▋                                                     | 15/45 [00:00<00:00, 34.36it/s]
Stage1 Epoch 6/20:  42%|█████████████████████████████████▊                                              | 19/45 [00:00<00:00, 34.55it/s]
Stage1 Epoch 6/20:  53%|██████████████████████████████████████████▋                                     | 24/45 [00:00<00:00, 36.79it/s]
Stage1 Epoch 6/20:  64%|███████████████████████████████████████████████████▌                            | 29/45 [00:00<00:00, 39.86it/s]
Stage1 Epoch 6/20:  76%|████████████████████████████████████████████████████████████▍                   | 34/45 [00:00<00:00, 41.99it/s]
Stage1 Epoch 6/20:  87%|█████████████████████████████████████████████████████████████████████▎          | 39/45 [00:01<00:00, 38.68it/s]
Stage1 Epoch 6/20: 100%|████████████████████████████████████████████████████████████████████████████████| 45/45 [00:01<00:00, 42.63it/s]
Stage1 Epoch 6/20: 100%|████████████████████████████████████████████████████████████████████████████████| 45/45 [00:01<00:00, 34.97it/s]

Stage1 Epoch 7/20:   0%|                                                                                         | 0/45 [00:00<?, ?it/s]
Stage1 Epoch 7/20:   2%|█▊                                                                               | 1/45 [00:00<00:07,  6.24it/s]
Stage1 Epoch 7/20:  13%|██████████▊                                                                      | 6/45 [00:00<00:01, 24.20it/s]
Stage1 Epoch 7/20:  24%|███████████████████▌                                                            | 11/45 [00:00<00:01, 33.67it/s]
Stage1 Epoch 7/20:  36%|████████████████████████████▍                                                   | 16/45 [00:00<00:00, 37.85it/s]
Stage1 Epoch 7/20:  44%|███████████████████████████████████▌                                            | 20/45 [00:00<00:00, 38.26it/s]
Stage1 Epoch 7/20:  53%|██████████████████████████████████████████▋                                     | 24/45 [00:00<00:00, 35.87it/s]
Stage1 Epoch 7/20:  64%|███████████████████████████████████████████████████▌                            | 29/45 [00:00<00:00, 37.98it/s]
Stage1 Epoch 7/20:  76%|████████████████████████████████████████████████████████████▍                   | 34/45 [00:00<00:00, 40.85it/s]
Stage1 Epoch 7/20:  87%|█████████████████████████████████████████████████████████████████████▎          | 39/45 [00:01<00:00, 41.15it/s]
Stage1 Epoch 7/20:  98%|██████████████████████████████████████████████████████████████████████████████▏ | 44/45 [00:01<00:00, 41.47it/s]
Stage1 Epoch 7/20: 100%|████████████████████████████████████████████████████████████████████████████████| 45/45 [00:01<00:00, 35.78it/s]

Stage1 Epoch 8/20:   0%|                                                                                         | 0/45 [00:00<?, ?it/s]
Stage1 Epoch 8/20:   2%|█▊                                                                               | 1/45 [00:00<00:07,  5.59it/s]
Stage1 Epoch 8/20:  16%|████████████▌                                                                    | 7/45 [00:00<00:01, 27.79it/s]
Stage1 Epoch 8/20:  24%|███████████████████▌                                                            | 11/45 [00:00<00:01, 32.05it/s]
Stage1 Epoch 8/20:  33%|██████████████████████████▋                                                     | 15/45 [00:00<00:00, 34.13it/s]
Stage1 Epoch 8/20:  44%|███████████████████████████████████▌                                            | 20/45 [00:00<00:00, 37.80it/s]
Stage1 Epoch 8/20:  56%|████████████████████████████████████████████▍                                   | 25/45 [00:00<00:00, 37.94it/s]
Stage1 Epoch 8/20:  67%|█████████████████████████████████████████████████████▎                          | 30/45 [00:00<00:00, 41.29it/s]
Stage1 Epoch 8/20:  78%|██████████████████████████████████████████████████████████████▏                 | 35/45 [00:00<00:00, 42.03it/s]
Stage1 Epoch 8/20:  89%|███████████████████████████████████████████████████████████████████████         | 40/45 [00:01<00:00, 38.97it/s]
Stage1 Epoch 8/20: 100%|████████████████████████████████████████████████████████████████████████████████| 45/45 [00:01<00:00, 36.60it/s]

Stage1 Epoch 9/20:   0%|                                                                                         | 0/45 [00:00<?, ?it/s]
Stage1 Epoch 9/20:   2%|█▊                                                                               | 1/45 [00:00<00:07,  6.26it/s]
Stage1 Epoch 9/20:  13%|██████████▊                                                                      | 6/45 [00:00<00:01, 26.89it/s]
Stage1 Epoch 9/20:  24%|███████████████████▌                                                            | 11/45 [00:00<00:01, 31.18it/s]
Stage1 Epoch 9/20:  33%|██████████████████████████▋                                                     | 15/45 [00:00<00:00, 30.38it/s]
Stage1 Epoch 9/20:  42%|█████████████████████████████████▊                                              | 19/45 [00:00<00:00, 31.21it/s]
Stage1 Epoch 9/20:  53%|██████████████████████████████████████████▋                                     | 24/45 [00:00<00:00, 36.09it/s]
Stage1 Epoch 9/20:  62%|█████████████████████████████████████████████████▊                              | 28/45 [00:00<00:00, 36.76it/s]
Stage1 Epoch 9/20:  71%|████████████████████████████████████████████████████████▉                       | 32/45 [00:00<00:00, 36.93it/s]
Stage1 Epoch 9/20:  80%|████████████████████████████████████████████████████████████████                | 36/45 [00:01<00:00, 37.41it/s]
Stage1 Epoch 9/20:  91%|████████████████████████████████████████████████████████████████████████▉       | 41/45 [00:01<00:00, 39.54it/s]
Stage1 Epoch 9/20: 100%|████████████████████████████████████████████████████████████████████████████████| 45/45 [00:01<00:00, 34.61it/s]

Stage1 Epoch 10/20:   0%|                                                                                        | 0/45 [00:00<?, ?it/s]
Stage1 Epoch 10/20:   2%|█▊                                                                              | 1/45 [00:00<00:08,  5.10it/s]
Stage1 Epoch 10/20:  13%|██████████▋                                                                     | 6/45 [00:00<00:01, 23.56it/s]
Stage1 Epoch 10/20:  24%|███████████████████▎                                                           | 11/45 [00:00<00:01, 33.34it/s]
Stage1 Epoch 10/20:  36%|████████████████████████████                                                   | 16/45 [00:00<00:00, 39.03it/s]
Stage1 Epoch 10/20:  47%|████████████████████████████████████▊                                          | 21/45 [00:00<00:00, 40.24it/s]
Stage1 Epoch 10/20:  58%|█████████████████████████████████████████████▋                                 | 26/45 [00:00<00:00, 33.46it/s]
Stage1 Epoch 10/20:  67%|████████████████████████████████████████████████████▋                          | 30/45 [00:00<00:00, 33.00it/s]
Stage1 Epoch 10/20:  76%|███████████████████████████████████████████████████████████▋                   | 34/45 [00:01<00:00, 34.36it/s]
Stage1 Epoch 10/20:  84%|██████████████████████████████████████████████████████████████████▋            | 38/45 [00:01<00:00, 34.07it/s]
Stage1 Epoch 10/20:  98%|█████████████████████████████████████████████████████████████████████████████▏ | 44/45 [00:01<00:00, 39.27it/s]
Stage1 Epoch 10/20: 100%|███████████████████████████████████████████████████████████████████████████████| 45/45 [00:01<00:00, 34.07it/s]

Stage1 Epoch 11/20:   0%|                                                                                        | 0/45 [00:00<?, ?it/s]
Stage1 Epoch 11/20:   2%|█▊                                                                              | 1/45 [00:00<00:08,  5.33it/s]
Stage1 Epoch 11/20:  13%|██████████▋                                                                     | 6/45 [00:00<00:01, 24.59it/s]
Stage1 Epoch 11/20:  22%|█████████████████▌                                                             | 10/45 [00:00<00:01, 27.38it/s]
Stage1 Epoch 11/20:  33%|██████████████████████████▎                                                    | 15/45 [00:00<00:00, 33.38it/s]
Stage1 Epoch 11/20:  44%|███████████████████████████████████                                            | 20/45 [00:00<00:00, 37.95it/s]
Stage1 Epoch 11/20:  56%|███████████████████████████████████████████▉                                   | 25/45 [00:00<00:00, 31.87it/s]
Stage1 Epoch 11/20:  67%|████████████████████████████████████████████████████▋                          | 30/45 [00:00<00:00, 36.15it/s]
Stage1 Epoch 11/20:  78%|█████████████████████████████████████████████████████████████▍                 | 35/45 [00:01<00:00, 39.44it/s]
Stage1 Epoch 11/20:  89%|██████████████████████████████████████████████████████████████████████▏        | 40/45 [00:01<00:00, 41.63it/s]
Stage1 Epoch 11/20: 100%|███████████████████████████████████████████████████████████████████████████████| 45/45 [00:01<00:00, 41.32it/s]
Stage1 Epoch 11/20: 100%|███████████████████████████████████████████████████████████████████████████████| 45/45 [00:01<00:00, 34.85it/s]

Stage1 Epoch 12/20:   0%|                                                                                        | 0/45 [00:00<?, ?it/s]
Stage1 Epoch 12/20:   2%|█▊                                                                              | 1/45 [00:00<00:07,  5.86it/s]
Stage1 Epoch 12/20:  11%|████████▉                                                                       | 5/45 [00:00<00:02, 19.15it/s]
Stage1 Epoch 12/20:  20%|████████████████                                                                | 9/45 [00:00<00:01, 23.33it/s]
Stage1 Epoch 12/20:  29%|██████████████████████▊                                                        | 13/45 [00:00<00:01, 26.55it/s]
Stage1 Epoch 12/20:  40%|███████████████████████████████▌                                               | 18/45 [00:00<00:00, 33.37it/s]
Stage1 Epoch 12/20:  53%|██████████████████████████████████████████▏                                    | 24/45 [00:00<00:00, 39.35it/s]
Stage1 Epoch 12/20:  64%|██████████████████████████████████████████████████▉                            | 29/45 [00:00<00:00, 39.09it/s]
Stage1 Epoch 12/20:  76%|███████████████████████████████████████████████████████████▋                   | 34/45 [00:01<00:00, 34.94it/s]
Stage1 Epoch 12/20:  87%|████████████████████████████████████████████████████████████████████▍          | 39/45 [00:01<00:00, 38.34it/s]
Stage1 Epoch 12/20:  98%|█████████████████████████████████████████████████████████████████████████████▏ | 44/45 [00:01<00:00, 40.21it/s]
Stage1 Epoch 12/20: 100%|███████████████████████████████████████████████████████████████████████████████| 45/45 [00:01<00:00, 33.67it/s]

Stage1 Epoch 13/20:   0%|                                                                                        | 0/45 [00:00<?, ?it/s]
Stage1 Epoch 13/20:   2%|█▊                                                                              | 1/45 [00:00<00:10,  4.35it/s]
Stage1 Epoch 13/20:  11%|████████▉                                                                       | 5/45 [00:00<00:02, 17.79it/s]
Stage1 Epoch 13/20:  20%|████████████████                                                                | 9/45 [00:00<00:01, 25.16it/s]
Stage1 Epoch 13/20:  29%|██████████████████████▊                                                        | 13/45 [00:00<00:01, 28.84it/s]
Stage1 Epoch 13/20:  42%|█████████████████████████████████▎                                             | 19/45 [00:00<00:00, 36.89it/s]
Stage1 Epoch 13/20:  51%|████████████████████████████████████████▍                                      | 23/45 [00:00<00:00, 37.35it/s]
Stage1 Epoch 13/20:  62%|█████████████████████████████████████████████████▏                             | 28/45 [00:00<00:00, 34.65it/s]
Stage1 Epoch 13/20:  71%|████████████████████████████████████████████████████████▏                      | 32/45 [00:01<00:00, 35.53it/s]
Stage1 Epoch 13/20:  80%|███████████████████████████████████████████████████████████████▏               | 36/45 [00:01<00:00, 36.21it/s]
Stage1 Epoch 13/20:  91%|███████████████████████████████████████████████████████████████████████▉       | 41/45 [00:01<00:00, 39.31it/s]
Stage1 Epoch 13/20: 100%|███████████████████████████████████████████████████████████████████████████████| 45/45 [00:01<00:00, 33.01it/s]

Stage1 Epoch 14/20:   0%|                                                                                        | 0/45 [00:00<?, ?it/s]
Stage1 Epoch 14/20:   2%|█▊                                                                              | 1/45 [00:00<00:07,  5.68it/s]
Stage1 Epoch 14/20:  13%|██████████▋                                                                     | 6/45 [00:00<00:01, 24.00it/s]
Stage1 Epoch 14/20:  22%|█████████████████▌                                                             | 10/45 [00:00<00:01, 29.36it/s]
Stage1 Epoch 14/20:  31%|████████████████████████▌                                                      | 14/45 [00:00<00:00, 32.26it/s]
Stage1 Epoch 14/20:  42%|█████████████████████████████████▎                                             | 19/45 [00:00<00:00, 36.88it/s]
Stage1 Epoch 14/20:  51%|████████████████████████████████████████▍                                      | 23/45 [00:00<00:00, 36.92it/s]
Stage1 Epoch 14/20:  62%|█████████████████████████████████████████████████▏                             | 28/45 [00:00<00:00, 40.36it/s]
Stage1 Epoch 14/20:  73%|█████████████████████████████████████████████████████████▉                     | 33/45 [00:00<00:00, 40.92it/s]
Stage1 Epoch 14/20:  84%|██████████████████████████████████████████████████████████████████▋            | 38/45 [00:01<00:00, 42.22it/s]
Stage1 Epoch 14/20:  96%|███████████████████████████████████████████████████████████████████████████▍   | 43/45 [00:01<00:00, 36.65it/s]
Stage1 Epoch 14/20: 100%|███████████████████████████████████████████████████████████████████████████████| 45/45 [00:01<00:00, 35.03it/s]

Stage1 Epoch 15/20:   0%|                                                                                        | 0/45 [00:00<?, ?it/s]
Stage1 Epoch 15/20:   2%|█▊                                                                              | 1/45 [00:00<00:07,  5.63it/s]
Stage1 Epoch 15/20:  16%|████████████▍                                                                   | 7/45 [00:00<00:01, 25.98it/s]
Stage1 Epoch 15/20:  24%|███████████████████▎                                                           | 11/45 [00:00<00:01, 27.71it/s]
Stage1 Epoch 15/20:  36%|████████████████████████████                                                   | 16/45 [00:00<00:00, 34.51it/s]
Stage1 Epoch 15/20:  47%|████████████████████████████████████▊                                          | 21/45 [00:00<00:00, 38.75it/s]
Stage1 Epoch 15/20:  58%|█████████████████████████████████████████████▋                                 | 26/45 [00:00<00:00, 41.59it/s]
Stage1 Epoch 15/20:  69%|██████████████████████████████████████████████████████▍                        | 31/45 [00:00<00:00, 40.40it/s]
Stage1 Epoch 15/20:  80%|███████████████████████████████████████████████████████████████▏               | 36/45 [00:00<00:00, 42.13it/s]
Stage1 Epoch 15/20:  91%|███████████████████████████████████████████████████████████████████████▉       | 41/45 [00:01<00:00, 41.10it/s]
Stage1 Epoch 15/20: 100%|███████████████████████████████████████████████████████████████████████████████| 45/45 [00:01<00:00, 35.99it/s]

Stage1 Epoch 16/20:   0%|                                                                                        | 0/45 [00:00<?, ?it/s]
Stage1 Epoch 16/20:   2%|█▊                                                                              | 1/45 [00:00<00:08,  5.21it/s]
Stage1 Epoch 16/20:  16%|████████████▍                                                                   | 7/45 [00:00<00:01, 26.78it/s]
Stage1 Epoch 16/20:  27%|█████████████████████                                                          | 12/45 [00:00<00:00, 35.08it/s]
Stage1 Epoch 16/20:  38%|█████████████████████████████▊                                                 | 17/45 [00:00<00:00, 36.62it/s]
Stage1 Epoch 16/20:  49%|██████████████████████████████████████▌                                        | 22/45 [00:00<00:00, 39.02it/s]
Stage1 Epoch 16/20:  60%|███████████████████████████████████████████████▍                               | 27/45 [00:00<00:00, 39.81it/s]
Stage1 Epoch 16/20:  71%|████████████████████████████████████████████████████████▏                      | 32/45 [00:00<00:00, 40.09it/s]
Stage1 Epoch 16/20:  82%|████████████████████████████████████████████████████████████████▉              | 37/45 [00:01<00:00, 36.47it/s]
Stage1 Epoch 16/20:  91%|███████████████████████████████████████████████████████████████████████▉       | 41/45 [00:01<00:00, 37.10it/s]
Stage1 Epoch 16/20: 100%|███████████████████████████████████████████████████████████████████████████████| 45/45 [00:01<00:00, 37.43it/s]
Stage1 Epoch 16/20: 100%|███████████████████████████████████████████████████████████████████████████████| 45/45 [00:01<00:00, 34.93it/s]

Stage1 Epoch 17/20:   0%|                                                                                        | 0/45 [00:00<?, ?it/s]
Stage1 Epoch 17/20:   2%|█▊                                                                              | 1/45 [00:00<00:07,  6.07it/s]
Stage1 Epoch 17/20:  11%|████████▉                                                                       | 5/45 [00:00<00:02, 19.39it/s]
Stage1 Epoch 17/20:  20%|████████████████                                                                | 9/45 [00:00<00:01, 24.76it/s]
Stage1 Epoch 17/20:  31%|████████████████████████▌                                                      | 14/45 [00:00<00:00, 32.92it/s]
Stage1 Epoch 17/20:  42%|█████████████████████████████████▎                                             | 19/45 [00:00<00:00, 36.44it/s]
Stage1 Epoch 17/20:  53%|██████████████████████████████████████████▏                                    | 24/45 [00:00<00:00, 39.66it/s]
Stage1 Epoch 17/20:  64%|██████████████████████████████████████████████████▉                            | 29/45 [00:00<00:00, 37.69it/s]
Stage1 Epoch 17/20:  76%|███████████████████████████████████████████████████████████▋                   | 34/45 [00:00<00:00, 40.73it/s]
Stage1 Epoch 17/20:  87%|████████████████████████████████████████████████████████████████████▍          | 39/45 [00:01<00:00, 38.95it/s]
Stage1 Epoch 17/20:  98%|█████████████████████████████████████████████████████████████████████████████▏ | 44/45 [00:01<00:00, 40.74it/s]
Stage1 Epoch 17/20: 100%|███████████████████████████████████████████████████████████████████████████████| 45/45 [00:01<00:00, 35.00it/s]

Stage1 Epoch 18/20:   0%|                                                                                        | 0/45 [00:00<?, ?it/s]
Stage1 Epoch 18/20:   2%|█▊                                                                              | 1/45 [00:00<00:07,  6.07it/s]
Stage1 Epoch 18/20:  13%|██████████▋                                                                     | 6/45 [00:00<00:01, 25.37it/s]
Stage1 Epoch 18/20:  27%|█████████████████████                                                          | 12/45 [00:00<00:00, 36.63it/s]
Stage1 Epoch 18/20:  38%|█████████████████████████████▊                                                 | 17/45 [00:00<00:00, 37.06it/s]
Stage1 Epoch 18/20:  49%|██████████████████████████████████████▌                                        | 22/45 [00:00<00:00, 40.43it/s]
Stage1 Epoch 18/20:  60%|███████████████████████████████████████████████▍                               | 27/45 [00:00<00:00, 39.42it/s]
Stage1 Epoch 18/20:  71%|████████████████████████████████████████████████████████▏                      | 32/45 [00:00<00:00, 38.69it/s]
Stage1 Epoch 18/20:  82%|████████████████████████████████████████████████████████████████▉              | 37/45 [00:00<00:00, 41.08it/s]
Stage1 Epoch 18/20:  93%|█████████████████████████████████████████████████████████████████████████▋     | 42/45 [00:01<00:00, 38.51it/s]
Stage1 Epoch 18/20: 100%|███████████████████████████████████████████████████████████████████████████████| 45/45 [00:01<00:00, 37.04it/s]

Stage1 Epoch 19/20:   0%|                                                                                        | 0/45 [00:00<?, ?it/s]
Stage1 Epoch 19/20:   2%|█▊                                                                              | 1/45 [00:00<00:06,  6.36it/s]
Stage1 Epoch 19/20:  13%|██████████▋                                                                     | 6/45 [00:00<00:01, 25.64it/s]
Stage1 Epoch 19/20:  22%|█████████████████▌                                                             | 10/45 [00:00<00:01, 29.78it/s]
Stage1 Epoch 19/20:  31%|████████████████████████▌                                                      | 14/45 [00:00<00:00, 32.45it/s]
Stage1 Epoch 19/20:  42%|█████████████████████████████████▎                                             | 19/45 [00:00<00:00, 35.77it/s]
Stage1 Epoch 19/20:  53%|██████████████████████████████████████████▏                                    | 24/45 [00:00<00:00, 38.60it/s]
Stage1 Epoch 19/20:  64%|██████████████████████████████████████████████████▉                            | 29/45 [00:00<00:00, 41.90it/s]
Stage1 Epoch 19/20:  76%|███████████████████████████████████████████████████████████▋                   | 34/45 [00:00<00:00, 41.70it/s]
Stage1 Epoch 19/20:  87%|████████████████████████████████████████████████████████████████████▍          | 39/45 [00:01<00:00, 38.52it/s]
Stage1 Epoch 19/20: 100%|███████████████████████████████████████████████████████████████████████████████| 45/45 [00:01<00:00, 42.58it/s]
Stage1 Epoch 19/20: 100%|███████████████████████████████████████████████████████████████████████████████| 45/45 [00:01<00:00, 36.49it/s]

Stage1 Epoch 20/20:   0%|                                                                                        | 0/45 [00:00<?, ?it/s]
Stage1 Epoch 20/20:   2%|█▊                                                                              | 1/45 [00:00<00:08,  5.00it/s]
Stage1 Epoch 20/20:  13%|██████████▋                                                                     | 6/45 [00:00<00:01, 23.56it/s]
Stage1 Epoch 20/20:  22%|█████████████████▌                                                             | 10/45 [00:00<00:01, 29.06it/s]
Stage1 Epoch 20/20:  33%|██████████████████████████▎                                                    | 15/45 [00:00<00:00, 34.37it/s]
Stage1 Epoch 20/20:  44%|███████████████████████████████████                                            | 20/45 [00:00<00:00, 37.99it/s]
Stage1 Epoch 20/20:  56%|███████████████████████████████████████████▉                                   | 25/45 [00:00<00:00, 36.68it/s]
Stage1 Epoch 20/20:  64%|██████████████████████████████████████████████████▉                            | 29/45 [00:00<00:00, 34.31it/s]
Stage1 Epoch 20/20:  73%|█████████████████████████████████████████████████████████▉                     | 33/45 [00:01<00:00, 33.07it/s]
Stage1 Epoch 20/20:  82%|████████████████████████████████████████████████████████████████▉              | 37/45 [00:01<00:00, 32.42it/s]
Stage1 Epoch 20/20:  91%|███████████████████████████████████████████████████████████████████████▉       | 41/45 [00:01<00:00, 32.37it/s]
Stage1 Epoch 20/20: 100%|███████████████████████████████████████████████████████████████████████████████| 45/45 [00:01<00:00, 32.01it/s]

Stage2 Epoch 1/30:   0%|                                                                                         | 0/45 [00:00<?, ?it/s]
Stage2 Epoch 1/30:   2%|█▊                                                                               | 1/45 [00:00<00:11,  3.90it/s]
Stage2 Epoch 1/30:   9%|███████▏                                                                         | 4/45 [00:00<00:03, 11.35it/s]
Stage2 Epoch 1/30:  16%|████████████▌                                                                    | 7/45 [00:00<00:02, 14.84it/s]
Stage2 Epoch 1/30:  22%|█████████████████▊                                                              | 10/45 [00:00<00:02, 16.78it/s]
Stage2 Epoch 1/30:  29%|███████████████████████                                                         | 13/45 [00:00<00:01, 17.94it/s]
Stage2 Epoch 1/30:  36%|████████████████████████████▍                                                   | 16/45 [00:00<00:01, 18.70it/s]
Stage2 Epoch 1/30:  40%|████████████████████████████████                                                | 18/45 [00:01<00:01, 18.98it/s]
Stage2 Epoch 1/30:  44%|███████████████████████████████████▌                                            | 20/45 [00:01<00:01, 19.13it/s]
Stage2 Epoch 1/30:  51%|████████████████████████████████████████▉                                       | 23/45 [00:01<00:01, 19.49it/s]
Stage2 Epoch 1/30:  58%|██████████████████████████████████████████████▏                                 | 26/45 [00:01<00:00, 19.73it/s]
Stage2 Epoch 1/30:  64%|███████████████████████████████████████████████████▌                            | 29/45 [00:01<00:00, 19.90it/s]
Stage2 Epoch 1/30:  71%|████████████████████████████████████████████████████████▉                       | 32/45 [00:01<00:00, 19.99it/s]
Stage2 Epoch 1/30:  78%|██████████████████████████████████████████████████████████████▏                 | 35/45 [00:01<00:00, 20.04it/s]
Stage2 Epoch 1/30:  84%|███████████████████████████████████████████████████████████████████▌            | 38/45 [00:02<00:00, 20.00it/s]
Stage2 Epoch 1/30:  91%|████████████████████████████████████████████████████████████████████████▉       | 41/45 [00:02<00:00, 20.00it/s]
Stage2 Epoch 1/30:  98%|██████████████████████████████████████████████████████████████████████████████▏ | 44/45 [00:02<00:00, 20.04it/s]
Stage2 Epoch 1/30: 100%|████████████████████████████████████████████████████████████████████████████████| 45/45 [00:02<00:00, 18.26it/s]

Stage2 Epoch 2/30:   0%|                                                                                         | 0/45 [00:00<?, ?it/s]
Stage2 Epoch 2/30:   2%|█▊                                                                               | 1/45 [00:00<00:08,  5.11it/s]
Stage2 Epoch 2/30:   9%|███████▏                                                                         | 4/45 [00:00<00:03, 12.97it/s]
Stage2 Epoch 2/30:  16%|████████████▌                                                                    | 7/45 [00:00<00:02, 16.03it/s]
Stage2 Epoch 2/30:  22%|█████████████████▊                                                              | 10/45 [00:00<00:01, 17.63it/s]
Stage2 Epoch 2/30:  29%|███████████████████████                                                         | 13/45 [00:00<00:01, 18.53it/s]
Stage2 Epoch 2/30:  36%|████████████████████████████▍                                                   | 16/45 [00:00<00:01, 19.12it/s]
Stage2 Epoch 2/30:  40%|████████████████████████████████                                                | 18/45 [00:01<00:01, 19.25it/s]
Stage2 Epoch 2/30:  44%|███████████████████████████████████▌                                            | 20/45 [00:01<00:01, 19.37it/s]
Stage2 Epoch 2/30:  51%|████████████████████████████████████████▉                                       | 23/45 [00:01<00:01, 19.64it/s]
Stage2 Epoch 2/30:  58%|██████████████████████████████████████████████▏                                 | 26/45 [00:01<00:00, 19.83it/s]
Stage2 Epoch 2/30:  64%|███████████████████████████████████████████████████▌                            | 29/45 [00:01<00:00, 19.95it/s]
Stage2 Epoch 2/30:  71%|████████████████████████████████████████████████████████▉                       | 32/45 [00:01<00:00, 20.04it/s]
Stage2 Epoch 2/30:  78%|██████████████████████████████████████████████████████████████▏                 | 35/45 [00:01<00:00, 20.08it/s]
Stage2 Epoch 2/30:  84%|███████████████████████████████████████████████████████████████████▌            | 38/45 [00:02<00:00, 20.02it/s]
Stage2 Epoch 2/30:  91%|████████████████████████████████████████████████████████████████████████▉       | 41/45 [00:02<00:00, 20.03it/s]
Stage2 Epoch 2/30:  98%|██████████████████████████████████████████████████████████████████████████████▏ | 44/45 [00:02<00:00, 20.06it/s]
Stage2 Epoch 2/30: 100%|████████████████████████████████████████████████████████████████████████████████| 45/45 [00:02<00:00, 18.70it/s]

Stage2 Epoch 3/30:   0%|                                                                                         | 0/45 [00:00<?, ?it/s]
Stage2 Epoch 3/30:   2%|█▊                                                                               | 1/45 [00:00<00:08,  4.91it/s]
Stage2 Epoch 3/30:   9%|███████▏                                                                         | 4/45 [00:00<00:03, 12.68it/s]
Stage2 Epoch 3/30:  16%|████████████▌                                                                    | 7/45 [00:00<00:02, 15.85it/s]
Stage2 Epoch 3/30:  22%|█████████████████▊                                                              | 10/45 [00:00<00:01, 17.51it/s]
Stage2 Epoch 3/30:  29%|███████████████████████                                                         | 13/45 [00:00<00:01, 18.45it/s]
Stage2 Epoch 3/30:  36%|████████████████████████████▍                                                   | 16/45 [00:00<00:01, 19.02it/s]
Stage2 Epoch 3/30:  40%|████████████████████████████████                                                | 18/45 [00:01<00:01, 19.22it/s]
Stage2 Epoch 3/30:  44%|███████████████████████████████████▌                                            | 20/45 [00:01<00:01, 19.34it/s]
Stage2 Epoch 3/30:  51%|████████████████████████████████████████▉                                       | 23/45 [00:01<00:01, 19.62it/s]
Stage2 Epoch 3/30:  58%|██████████████████████████████████████████████▏                                 | 26/45 [00:01<00:00, 19.80it/s]
Stage2 Epoch 3/30:  64%|███████████████████████████████████████████████████▌                            | 29/45 [00:01<00:00, 19.92it/s]
Stage2 Epoch 3/30:  71%|████████████████████████████████████████████████████████▉                       | 32/45 [00:01<00:00, 20.01it/s]
Stage2 Epoch 3/30:  78%|██████████████████████████████████████████████████████████████▏                 | 35/45 [00:01<00:00, 20.06it/s]
Stage2 Epoch 3/30:  84%|███████████████████████████████████████████████████████████████████▌            | 38/45 [00:02<00:00, 20.04it/s]
Stage2 Epoch 3/30:  91%|████████████████████████████████████████████████████████████████████████▉       | 41/45 [00:02<00:00, 20.05it/s]
Stage2 Epoch 3/30:  98%|██████████████████████████████████████████████████████████████████████████████▏ | 44/45 [00:02<00:00, 20.06it/s]
Stage2 Epoch 3/30: 100%|████████████████████████████████████████████████████████████████████████████████| 45/45 [00:02<00:00, 18.60it/s]

Stage2 Epoch 4/30:   0%|                                                                                         | 0/45 [00:00<?, ?it/s]
Stage2 Epoch 4/30:   2%|█▊                                                                               | 1/45 [00:00<00:10,  4.08it/s]
Stage2 Epoch 4/30:   9%|███████▏                                                                         | 4/45 [00:00<00:03, 11.57it/s]
Stage2 Epoch 4/30:  16%|████████████▌                                                                    | 7/45 [00:00<00:02, 15.03it/s]
Stage2 Epoch 4/30:  22%|█████████████████▊                                                              | 10/45 [00:00<00:02, 16.92it/s]
Stage2 Epoch 4/30:  29%|███████████████████████                                                         | 13/45 [00:00<00:01, 18.05it/s]
Stage2 Epoch 4/30:  36%|████████████████████████████▍                                                   | 16/45 [00:00<00:01, 18.74it/s]
Stage2 Epoch 4/30:  40%|████████████████████████████████                                                | 18/45 [00:01<00:01, 18.98it/s]
Stage2 Epoch 4/30:  44%|███████████████████████████████████▌                                            | 20/45 [00:01<00:01, 19.17it/s]
Stage2 Epoch 4/30:  51%|████████████████████████████████████████▉                                       | 23/45 [00:01<00:01, 19.53it/s]
Stage2 Epoch 4/30:  58%|██████████████████████████████████████████████▏                                 | 26/45 [00:01<00:00, 19.76it/s]
Stage2 Epoch 4/30:  64%|███████████████████████████████████████████████████▌                            | 29/45 [00:01<00:00, 19.89it/s]
Stage2 Epoch 4/30:  71%|████████████████████████████████████████████████████████▉                       | 32/45 [00:01<00:00, 19.98it/s]
Stage2 Epoch 4/30:  78%|██████████████████████████████████████████████████████████████▏                 | 35/45 [00:01<00:00, 20.04it/s]
Stage2 Epoch 4/30:  84%|███████████████████████████████████████████████████████████████████▌            | 38/45 [00:02<00:00, 20.00it/s]
Stage2 Epoch 4/30:  91%|████████████████████████████████████████████████████████████████████████▉       | 41/45 [00:02<00:00, 20.01it/s]
Stage2 Epoch 4/30:  98%|██████████████████████████████████████████████████████████████████████████████▏ | 44/45 [00:02<00:00, 20.07it/s]
Stage2 Epoch 4/30: 100%|████████████████████████████████████████████████████████████████████████████████| 45/45 [00:02<00:00, 18.32it/s]

Stage2 Epoch 5/30:   0%|                                                                                         | 0/45 [00:00<?, ?it/s]
Stage2 Epoch 5/30:   2%|█▊                                                                               | 1/45 [00:00<00:08,  5.18it/s]
Stage2 Epoch 5/30:   9%|███████▏                                                                         | 4/45 [00:00<00:03, 13.03it/s]
Stage2 Epoch 5/30:  16%|████████████▌                                                                    | 7/45 [00:00<00:02, 16.10it/s]
Stage2 Epoch 5/30:  22%|█████████████████▊                                                              | 10/45 [00:00<00:01, 17.64it/s]
Stage2 Epoch 5/30:  29%|███████████████████████                                                         | 13/45 [00:00<00:01, 18.50it/s]
Stage2 Epoch 5/30:  36%|████████████████████████████▍                                                   | 16/45 [00:00<00:01, 19.05it/s]
Stage2 Epoch 5/30:  40%|████████████████████████████████                                                | 18/45 [00:01<00:01, 19.17it/s]
Stage2 Epoch 5/30:  44%|███████████████████████████████████▌                                            | 20/45 [00:01<00:01, 19.26it/s]
Stage2 Epoch 5/30:  49%|███████████████████████████████████████                                         | 22/45 [00:01<00:01, 19.45it/s]
Stage2 Epoch 5/30:  56%|████████████████████████████████████████████▍                                   | 25/45 [00:01<00:01, 19.71it/s]
Stage2 Epoch 5/30:  62%|█████████████████████████████████████████████████▊                              | 28/45 [00:01<00:00, 19.87it/s]
Stage2 Epoch 5/30:  69%|███████████████████████████████████████████████████████                         | 31/45 [00:01<00:00, 19.98it/s]
Stage2 Epoch 5/30:  76%|████████████████████████████████████████████████████████████▍                   | 34/45 [00:01<00:00, 20.04it/s]
Stage2 Epoch 5/30:  82%|█████████████████████████████████████████████████████████████████▊              | 37/45 [00:01<00:00, 20.03it/s]
Stage2 Epoch 5/30:  89%|███████████████████████████████████████████████████████████████████████         | 40/45 [00:02<00:00, 20.01it/s]
Stage2 Epoch 5/30:  96%|████████████████████████████████████████████████████████████████████████████▍   | 43/45 [00:02<00:00, 20.01it/s]
Stage2 Epoch 5/30: 100%|████████████████████████████████████████████████████████████████████████████████| 45/45 [00:02<00:00, 18.65it/s]

Stage2 Epoch 6/30:   0%|                                                                                         | 0/45 [00:00<?, ?it/s]
Stage2 Epoch 6/30:   2%|█▊                                                                               | 1/45 [00:00<00:10,  4.11it/s]
Stage2 Epoch 6/30:   9%|███████▏                                                                         | 4/45 [00:00<00:03, 11.57it/s]
Stage2 Epoch 6/30:  16%|████████████▌                                                                    | 7/45 [00:00<00:02, 15.00it/s]
Stage2 Epoch 6/30:  22%|█████████████████▊                                                              | 10/45 [00:00<00:02, 16.88it/s]
Stage2 Epoch 6/30:  29%|███████████████████████                                                         | 13/45 [00:00<00:01, 18.01it/s]
Stage2 Epoch 6/30:  36%|████████████████████████████▍                                                   | 16/45 [00:00<00:01, 18.71it/s]
Stage2 Epoch 6/30:  40%|████████████████████████████████                                                | 18/45 [00:01<00:01, 18.97it/s]
Stage2 Epoch 6/30:  44%|███████████████████████████████████▌                                            | 20/45 [00:01<00:01, 19.12it/s]
Stage2 Epoch 6/30:  51%|████████████████████████████████████████▉                                       | 23/45 [00:01<00:01, 19.46it/s]
Stage2 Epoch 6/30:  58%|██████████████████████████████████████████████▏                                 | 26/45 [00:01<00:00, 19.68it/s]
Stage2 Epoch 6/30:  64%|███████████████████████████████████████████████████▌                            | 29/45 [00:01<00:00, 19.83it/s]
Stage2 Epoch 6/30:  71%|████████████████████████████████████████████████████████▉                       | 32/45 [00:01<00:00, 19.94it/s]
Stage2 Epoch 6/30:  78%|██████████████████████████████████████████████████████████████▏                 | 35/45 [00:01<00:00, 20.01it/s]
Stage2 Epoch 6/30:  84%|███████████████████████████████████████████████████████████████████▌            | 38/45 [00:02<00:00, 19.97it/s]
Stage2 Epoch 6/30:  89%|███████████████████████████████████████████████████████████████████████         | 40/45 [00:02<00:00, 19.93it/s]
Stage2 Epoch 6/30:  96%|████████████████████████████████████████████████████████████████████████████▍   | 43/45 [00:02<00:00, 19.97it/s]
Stage2 Epoch 6/30: 100%|████████████████████████████████████████████████████████████████████████████████| 45/45 [00:02<00:00, 18.29it/s]

Stage2 Epoch 7/30:   0%|                                                                                         | 0/45 [00:00<?, ?it/s]
Stage2 Epoch 7/30:   2%|█▊                                                                               | 1/45 [00:00<00:09,  4.66it/s]
Stage2 Epoch 7/30:   9%|███████▏                                                                         | 4/45 [00:00<00:03, 12.38it/s]
Stage2 Epoch 7/30:  16%|████████████▌                                                                    | 7/45 [00:00<00:02, 15.63it/s]
Stage2 Epoch 7/30:  22%|█████████████████▊                                                              | 10/45 [00:00<00:02, 17.30it/s]
Stage2 Epoch 7/30:  29%|███████████████████████                                                         | 13/45 [00:00<00:01, 18.32it/s]
Stage2 Epoch 7/30:  36%|████████████████████████████▍                                                   | 16/45 [00:00<00:01, 18.92it/s]
Stage2 Epoch 7/30:  40%|████████████████████████████████                                                | 18/45 [00:01<00:01, 18.92it/s]
Stage2 Epoch 7/30:  44%|███████████████████████████████████▌                                            | 20/45 [00:01<00:01, 19.06it/s]
Stage2 Epoch 7/30:  51%|████████████████████████████████████████▉                                       | 23/45 [00:01<00:01, 19.42it/s]
Stage2 Epoch 7/30:  58%|██████████████████████████████████████████████▏                                 | 26/45 [00:01<00:00, 19.65it/s]
Stage2 Epoch 7/30:  64%|███████████████████████████████████████████████████▌                            | 29/45 [00:01<00:00, 19.84it/s]
Stage2 Epoch 7/30:  71%|████████████████████████████████████████████████████████▉                       | 32/45 [00:01<00:00, 19.94it/s]
Stage2 Epoch 7/30:  78%|██████████████████████████████████████████████████████████████▏                 | 35/45 [00:01<00:00, 20.01it/s]
Stage2 Epoch 7/30:  84%|███████████████████████████████████████████████████████████████████▌            | 38/45 [00:02<00:00, 19.89it/s]
Stage2 Epoch 7/30:  89%|███████████████████████████████████████████████████████████████████████         | 40/45 [00:02<00:00, 19.90it/s]
Stage2 Epoch 7/30:  93%|██████████████████████████████████████████████████████████████████████████▋     | 42/45 [00:02<00:00, 19.93it/s]
Stage2 Epoch 7/30: 100%|████████████████████████████████████████████████████████████████████████████████| 45/45 [00:02<00:00, 20.02it/s]
Stage2 Epoch 7/30: 100%|████████████████████████████████████████████████████████████████████████████████| 45/45 [00:02<00:00, 18.45it/s]

Stage2 Epoch 8/30:   0%|                                                                                         | 0/45 [00:00<?, ?it/s]
Stage2 Epoch 8/30:   2%|█▊                                                                               | 1/45 [00:00<00:08,  5.05it/s]
Stage2 Epoch 8/30:   9%|███████▏                                                                         | 4/45 [00:00<00:03, 12.84it/s]
Stage2 Epoch 8/30:  16%|████████████▌                                                                    | 7/45 [00:00<00:02, 15.96it/s]
Stage2 Epoch 8/30:  22%|█████████████████▊                                                              | 10/45 [00:00<00:01, 17.53it/s]
Stage2 Epoch 8/30:  29%|███████████████████████                                                         | 13/45 [00:00<00:01, 18.47it/s]
Stage2 Epoch 8/30:  36%|████████████████████████████▍                                                   | 16/45 [00:00<00:01, 19.03it/s]
Stage2 Epoch 8/30:  40%|████████████████████████████████                                                | 18/45 [00:01<00:01, 19.01it/s]
Stage2 Epoch 8/30:  44%|███████████████████████████████████▌                                            | 20/45 [00:01<00:01, 19.15it/s]
Stage2 Epoch 8/30:  51%|████████████████████████████████████████▉                                       | 23/45 [00:01<00:01, 19.49it/s]
Stage2 Epoch 8/30:  58%|██████████████████████████████████████████████▏                                 | 26/45 [00:01<00:00, 19.72it/s]
Stage2 Epoch 8/30:  64%|███████████████████████████████████████████████████▌                            | 29/45 [00:01<00:00, 19.85it/s]
Stage2 Epoch 8/30:  71%|████████████████████████████████████████████████████████▉                       | 32/45 [00:01<00:00, 19.91it/s]
Stage2 Epoch 8/30:  78%|██████████████████████████████████████████████████████████████▏                 | 35/45 [00:01<00:00, 19.96it/s]
Stage2 Epoch 8/30:  82%|█████████████████████████████████████████████████████████████████▊              | 37/45 [00:01<00:00, 19.92it/s]
Stage2 Epoch 8/30:  87%|█████████████████████████████████████████████████████████████████████▎          | 39/45 [00:02<00:00, 19.89it/s]
Stage2 Epoch 8/30:  93%|██████████████████████████████████████████████████████████████████████████▋     | 42/45 [00:02<00:00, 19.94it/s]
Stage2 Epoch 8/30: 100%|████████████████████████████████████████████████████████████████████████████████| 45/45 [00:02<00:00, 20.01it/s]
Stage2 Epoch 8/30: 100%|████████████████████████████████████████████████████████████████████████████████| 45/45 [00:02<00:00, 18.60it/s]

Stage2 Epoch 9/30:   0%|                                                                                         | 0/45 [00:00<?, ?it/s]
Stage2 Epoch 9/30:   2%|█▊                                                                               | 1/45 [00:00<00:09,  4.69it/s]
Stage2 Epoch 9/30:   9%|███████▏                                                                         | 4/45 [00:00<00:03, 12.41it/s]
Stage2 Epoch 9/30:  16%|████████████▌                                                                    | 7/45 [00:00<00:02, 15.64it/s]
Stage2 Epoch 9/30:  22%|█████████████████▊                                                              | 10/45 [00:00<00:02, 17.33it/s]
Stage2 Epoch 9/30:  29%|███████████████████████                                                         | 13/45 [00:00<00:01, 18.30it/s]
Stage2 Epoch 9/30:  36%|████████████████████████████▍                                                   | 16/45 [00:00<00:01, 18.91it/s]
Stage2 Epoch 9/30:  40%|████████████████████████████████                                                | 18/45 [00:01<00:01, 19.13it/s]
Stage2 Epoch 9/30:  44%|███████████████████████████████████▌                                            | 20/45 [00:01<00:01, 19.30it/s]
Stage2 Epoch 9/30:  51%|████████████████████████████████████████▉                                       | 23/45 [00:01<00:01, 19.58it/s]
Stage2 Epoch 9/30:  58%|██████████████████████████████████████████████▏                                 | 26/45 [00:01<00:00, 19.75it/s]
Stage2 Epoch 9/30:  64%|███████████████████████████████████████████████████▌                            | 29/45 [00:01<00:00, 19.86it/s]
Stage2 Epoch 9/30:  71%|████████████████████████████████████████████████████████▉                       | 32/45 [00:01<00:00, 19.92it/s]
Stage2 Epoch 9/30:  78%|██████████████████████████████████████████████████████████████▏                 | 35/45 [00:01<00:00, 20.00it/s]
Stage2 Epoch 9/30:  84%|███████████████████████████████████████████████████████████████████▌            | 38/45 [00:02<00:00, 19.96it/s]
Stage2 Epoch 9/30:  89%|███████████████████████████████████████████████████████████████████████         | 40/45 [00:02<00:00, 19.97it/s]
Stage2 Epoch 9/30:  96%|████████████████████████████████████████████████████████████████████████████▍   | 43/45 [00:02<00:00, 20.00it/s]
Stage2 Epoch 9/30: 100%|████████████████████████████████████████████████████████████████████████████████| 45/45 [00:02<00:00, 18.51it/s]

Stage2 Epoch 10/30:   0%|                                                                                        | 0/45 [00:00<?, ?it/s]
Stage2 Epoch 10/30:   2%|█▊                                                                              | 1/45 [00:00<00:09,  4.76it/s]
Stage2 Epoch 10/30:   9%|███████                                                                         | 4/45 [00:00<00:03, 12.52it/s]
Stage2 Epoch 10/30:  16%|████████████▍                                                                   | 7/45 [00:00<00:02, 15.72it/s]
Stage2 Epoch 10/30:  22%|█████████████████▌                                                             | 10/45 [00:00<00:02, 17.40it/s]
Stage2 Epoch 10/30:  29%|██████████████████████▊                                                        | 13/45 [00:00<00:01, 18.36it/s]
Stage2 Epoch 10/30:  36%|████████████████████████████                                                   | 16/45 [00:00<00:01, 18.97it/s]
Stage2 Epoch 10/30:  40%|███████████████████████████████▌                                               | 18/45 [00:01<00:01, 19.12it/s]
Stage2 Epoch 10/30:  44%|███████████████████████████████████                                            | 20/45 [00:01<00:01, 19.24it/s]
Stage2 Epoch 10/30:  51%|████████████████████████████████████████▍                                      | 23/45 [00:01<00:01, 19.52it/s]
Stage2 Epoch 10/30:  58%|█████████████████████████████████████████████▋                                 | 26/45 [00:01<00:00, 19.75it/s]
Stage2 Epoch 10/30:  64%|██████████████████████████████████████████████████▉                            | 29/45 [00:01<00:00, 19.84it/s]
Stage2 Epoch 10/30:  71%|████████████████████████████████████████████████████████▏                      | 32/45 [00:01<00:00, 19.95it/s]
Stage2 Epoch 10/30:  76%|███████████████████████████████████████████████████████████▋                   | 34/45 [00:01<00:00, 19.95it/s]
Stage2 Epoch 10/30:  82%|████████████████████████████████████████████████████████████████▉              | 37/45 [00:02<00:00, 19.94it/s]
Stage2 Epoch 10/30:  87%|████████████████████████████████████████████████████████████████████▍          | 39/45 [00:02<00:00, 19.92it/s]
Stage2 Epoch 10/30:  91%|███████████████████████████████████████████████████████████████████████▉       | 41/45 [00:02<00:00, 19.93it/s]
Stage2 Epoch 10/30:  98%|█████████████████████████████████████████████████████████████████████████████▏ | 44/45 [00:02<00:00, 20.00it/s]
Stage2 Epoch 10/30: 100%|███████████████████████████████████████████████████████████████████████████████| 45/45 [00:02<00:00, 18.50it/s]

Stage2 Epoch 11/30:   0%|                                                                                        | 0/45 [00:00<?, ?it/s]
Stage2 Epoch 11/30:   2%|█▊                                                                              | 1/45 [00:00<00:09,  4.85it/s]
Stage2 Epoch 11/30:   9%|███████                                                                         | 4/45 [00:00<00:03, 12.62it/s]
Stage2 Epoch 11/30:  13%|██████████▋                                                                     | 6/45 [00:00<00:02, 15.03it/s]
Stage2 Epoch 11/30:  20%|████████████████                                                                | 9/45 [00:00<00:02, 17.13it/s]
Stage2 Epoch 11/30:  27%|█████████████████████                                                          | 12/45 [00:00<00:01, 18.25it/s]
Stage2 Epoch 11/30:  33%|██████████████████████████▎                                                    | 15/45 [00:00<00:01, 18.86it/s]
Stage2 Epoch 11/30:  40%|███████████████████████████████▌                                               | 18/45 [00:01<00:01, 19.00it/s]
Stage2 Epoch 11/30:  44%|███████████████████████████████████                                            | 20/45 [00:01<00:01, 19.14it/s]
Stage2 Epoch 11/30:  51%|████████████████████████████████████████▍                                      | 23/45 [00:01<00:01, 19.42it/s]
Stage2 Epoch 11/30:  58%|█████████████████████████████████████████████▋                                 | 26/45 [00:01<00:00, 19.65it/s]
Stage2 Epoch 11/30:  64%|██████████████████████████████████████████████████▉                            | 29/45 [00:01<00:00, 19.80it/s]
Stage2 Epoch 11/30:  71%|████████████████████████████████████████████████████████▏                      | 32/45 [00:01<00:00, 19.90it/s]
Stage2 Epoch 11/30:  78%|█████████████████████████████████████████████████████████████▍                 | 35/45 [00:01<00:00, 19.98it/s]
Stage2 Epoch 11/30:  82%|████████████████████████████████████████████████████████████████▉              | 37/45 [00:02<00:00, 19.95it/s]
Stage2 Epoch 11/30:  87%|████████████████████████████████████████████████████████████████████▍          | 39/45 [00:02<00:00, 19.93it/s]
Stage2 Epoch 11/30:  91%|███████████████████████████████████████████████████████████████████████▉       | 41/45 [00:02<00:00, 19.94it/s]
Stage2 Epoch 11/30:  98%|█████████████████████████████████████████████████████████████████████████████▏ | 44/45 [00:02<00:00, 20.04it/s]
Stage2 Epoch 11/30: 100%|███████████████████████████████████████████████████████████████████████████████| 45/45 [00:02<00:00, 18.51it/s]

Stage2 Epoch 12/30:   0%|                                                                                        | 0/45 [00:00<?, ?it/s]
Stage2 Epoch 12/30:   2%|█▊                                                                              | 1/45 [00:00<00:08,  5.12it/s]
Stage2 Epoch 12/30:   9%|███████                                                                         | 4/45 [00:00<00:03, 12.92it/s]
Stage2 Epoch 12/30:  16%|████████████▍                                                                   | 7/45 [00:00<00:02, 15.97it/s]
Stage2 Epoch 12/30:  22%|█████████████████▌                                                             | 10/45 [00:00<00:01, 17.57it/s]
Stage2 Epoch 12/30:  29%|██████████████████████▊                                                        | 13/45 [00:00<00:01, 18.48it/s]
Stage2 Epoch 12/30:  36%|████████████████████████████                                                   | 16/45 [00:00<00:01, 19.04it/s]
Stage2 Epoch 12/30:  40%|███████████████████████████████▌                                               | 18/45 [00:01<00:01, 19.06it/s]
Stage2 Epoch 12/30:  44%|███████████████████████████████████                                            | 20/45 [00:01<00:01, 19.19it/s]
Stage2 Epoch 12/30:  51%|████████████████████████████████████████▍                                      | 23/45 [00:01<00:01, 19.48it/s]
Stage2 Epoch 12/30:  58%|█████████████████████████████████████████████▋                                 | 26/45 [00:01<00:00, 19.70it/s]
Stage2 Epoch 12/30:  64%|██████████████████████████████████████████████████▉                            | 29/45 [00:01<00:00, 19.84it/s]
Stage2 Epoch 12/30:  71%|████████████████████████████████████████████████████████▏                      | 32/45 [00:01<00:00, 19.94it/s]
Stage2 Epoch 12/30:  78%|█████████████████████████████████████████████████████████████▍                 | 35/45 [00:01<00:00, 20.02it/s]
Stage2 Epoch 12/30:  84%|██████████████████████████████████████████████████████████████████▋            | 38/45 [00:02<00:00, 19.92it/s]
Stage2 Epoch 12/30:  89%|██████████████████████████████████████████████████████████████████████▏        | 40/45 [00:02<00:00, 19.92it/s]
Stage2 Epoch 12/30:  96%|███████████████████████████████████████████████████████████████████████████▍   | 43/45 [00:02<00:00, 19.98it/s]
Stage2 Epoch 12/30: 100%|███████████████████████████████████████████████████████████████████████████████| 45/45 [00:02<00:00, 18.60it/s]

Stage2 Epoch 13/30:   0%|                                                                                        | 0/45 [00:00<?, ?it/s]
Stage2 Epoch 13/30:   2%|█▊                                                                              | 1/45 [00:00<00:08,  5.05it/s]
Stage2 Epoch 13/30:   7%|█████▎                                                                          | 3/45 [00:00<00:03, 11.29it/s]
Stage2 Epoch 13/30:  13%|██████████▋                                                                     | 6/45 [00:00<00:02, 15.43it/s]
Stage2 Epoch 13/30:  20%|████████████████                                                                | 9/45 [00:00<00:02, 17.33it/s]
Stage2 Epoch 13/30:  27%|█████████████████████                                                          | 12/45 [00:00<00:01, 18.34it/s]
Stage2 Epoch 13/30:  33%|██████████████████████████▎                                                    | 15/45 [00:00<00:01, 18.95it/s]
Stage2 Epoch 13/30:  40%|███████████████████████████████▌                                               | 18/45 [00:01<00:01, 19.24it/s]
Stage2 Epoch 13/30:  44%|███████████████████████████████████                                            | 20/45 [00:01<00:01, 19.39it/s]
Stage2 Epoch 13/30:  51%|████████████████████████████████████████▍                                      | 23/45 [00:01<00:01, 19.63it/s]
Stage2 Epoch 13/30:  58%|█████████████████████████████████████████████▋                                 | 26/45 [00:01<00:00, 19.77it/s]
Stage2 Epoch 13/30:  64%|██████████████████████████████████████████████████▉                            | 29/45 [00:01<00:00, 19.86it/s]
Stage2 Epoch 13/30:  71%|████████████████████████████████████████████████████████▏                      | 32/45 [00:01<00:00, 19.93it/s]
Stage2 Epoch 13/30:  78%|█████████████████████████████████████████████████████████████▍                 | 35/45 [00:01<00:00, 19.98it/s]
Stage2 Epoch 13/30:  82%|████████████████████████████████████████████████████████████████▉              | 37/45 [00:01<00:00, 19.94it/s]
Stage2 Epoch 13/30:  87%|████████████████████████████████████████████████████████████████████▍          | 39/45 [00:02<00:00, 19.93it/s]
Stage2 Epoch 13/30:  93%|█████████████████████████████████████████████████████████████████████████▋     | 42/45 [00:02<00:00, 19.96it/s]
Stage2 Epoch 13/30: 100%|███████████████████████████████████████████████████████████████████████████████| 45/45 [00:02<00:00, 20.02it/s]
Stage2 Epoch 13/30: 100%|███████████████████████████████████████████████████████████████████████████████| 45/45 [00:02<00:00, 18.60it/s]

Stage2 Epoch 14/30:   0%|                                                                                        | 0/45 [00:00<?, ?it/s]
Stage2 Epoch 14/30:   2%|█▊                                                                              | 1/45 [00:00<00:10,  4.13it/s]
Stage2 Epoch 14/30:   9%|███████                                                                         | 4/45 [00:00<00:03, 11.60it/s]
Stage2 Epoch 14/30:  16%|████████████▍                                                                   | 7/45 [00:00<00:02, 14.99it/s]
Stage2 Epoch 14/30:  22%|█████████████████▌                                                             | 10/45 [00:00<00:02, 16.84it/s]
Stage2 Epoch 14/30:  29%|██████████████████████▊                                                        | 13/45 [00:00<00:01, 17.92it/s]
Stage2 Epoch 14/30:  36%|████████████████████████████                                                   | 16/45 [00:00<00:01, 18.64it/s]
Stage2 Epoch 14/30:  40%|███████████████████████████████▌                                               | 18/45 [00:01<00:01, 18.89it/s]
Stage2 Epoch 14/30:  44%|███████████████████████████████████                                            | 20/45 [00:01<00:01, 19.11it/s]
Stage2 Epoch 14/30:  49%|██████████████████████████████████████▌                                        | 22/45 [00:01<00:01, 19.34it/s]
Stage2 Epoch 14/30:  56%|███████████████████████████████████████████▉                                   | 25/45 [00:01<00:01, 19.59it/s]
Stage2 Epoch 14/30:  62%|█████████████████████████████████████████████████▏                             | 28/45 [00:01<00:00, 19.77it/s]
Stage2 Epoch 14/30:  69%|██████████████████████████████████████████████████████▍                        | 31/45 [00:01<00:00, 19.84it/s]
Stage2 Epoch 14/30:  76%|███████████████████████████████████████████████████████████▋                   | 34/45 [00:01<00:00, 19.91it/s]
Stage2 Epoch 14/30:  80%|███████████████████████████████████████████████████████████████▏               | 36/45 [00:01<00:00, 19.92it/s]
Stage2 Epoch 14/30:  84%|██████████████████████████████████████████████████████████████████▋            | 38/45 [00:02<00:00, 19.89it/s]
Stage2 Epoch 14/30:  91%|███████████████████████████████████████████████████████████████████████▉       | 41/45 [00:02<00:00, 19.93it/s]
Stage2 Epoch 14/30:  98%|█████████████████████████████████████████████████████████████████████████████▏ | 44/45 [00:02<00:00, 19.98it/s]
Stage2 Epoch 14/30: 100%|███████████████████████████████████████████████████████████████████████████████| 45/45 [00:02<00:00, 18.23it/s]

Stage2 Epoch 15/30:   0%|                                                                                        | 0/45 [00:00<?, ?it/s]
Stage2 Epoch 15/30:   2%|█▊                                                                              | 1/45 [00:00<00:09,  4.85it/s]
Stage2 Epoch 15/30:   9%|███████                                                                         | 4/45 [00:00<00:03, 12.60it/s]
Stage2 Epoch 15/30:  16%|████████████▍                                                                   | 7/45 [00:00<00:02, 15.76it/s]
Stage2 Epoch 15/30:  22%|█████████████████▌                                                             | 10/45 [00:00<00:02, 17.40it/s]
Stage2 Epoch 15/30:  29%|██████████████████████▊                                                        | 13/45 [00:00<00:01, 18.35it/s]
Stage2 Epoch 15/30:  36%|████████████████████████████                                                   | 16/45 [00:00<00:01, 18.93it/s]
Stage2 Epoch 15/30:  40%|███████████████████████████████▌                                               | 18/45 [00:01<00:01, 19.03it/s]
Stage2 Epoch 15/30:  44%|███████████████████████████████████                                            | 20/45 [00:01<00:01, 19.17it/s]
Stage2 Epoch 15/30:  51%|████████████████████████████████████████▍                                      | 23/45 [00:01<00:01, 19.49it/s]
Stage2 Epoch 15/30:  58%|█████████████████████████████████████████████▋                                 | 26/45 [00:01<00:00, 19.68it/s]
Stage2 Epoch 15/30:  64%|██████████████████████████████████████████████████▉                            | 29/45 [00:01<00:00, 19.82it/s]
Stage2 Epoch 15/30:  71%|████████████████████████████████████████████████████████▏                      | 32/45 [00:01<00:00, 19.91it/s]
Stage2 Epoch 15/30:  78%|█████████████████████████████████████████████████████████████▍                 | 35/45 [00:01<00:00, 19.97it/s]
Stage2 Epoch 15/30:  82%|████████████████████████████████████████████████████████████████▉              | 37/45 [00:02<00:00, 19.92it/s]
Stage2 Epoch 15/30:  87%|████████████████████████████████████████████████████████████████████▍          | 39/45 [00:02<00:00, 19.88it/s]
Stage2 Epoch 15/30:  91%|███████████████████████████████████████████████████████████████████████▉       | 41/45 [00:02<00:00, 19.90it/s]
Stage2 Epoch 15/30:  96%|███████████████████████████████████████████████████████████████████████████▍   | 43/45 [00:02<00:00, 19.91it/s]
Stage2 Epoch 15/30: 100%|███████████████████████████████████████████████████████████████████████████████| 45/45 [00:02<00:00, 19.93it/s]
Stage2 Epoch 15/30: 100%|███████████████████████████████████████████████████████████████████████████████| 45/45 [00:02<00:00, 18.48it/s]

Stage2 Epoch 16/30:   0%|                                                                                        | 0/45 [00:00<?, ?it/s]
Stage2 Epoch 16/30:   2%|█▊                                                                              | 1/45 [00:00<00:10,  4.14it/s]
Stage2 Epoch 16/30:   9%|███████                                                                         | 4/45 [00:00<00:03, 11.63it/s]
Stage2 Epoch 16/30:  16%|████████████▍                                                                   | 7/45 [00:00<00:02, 15.01it/s]
Stage2 Epoch 16/30:  22%|█████████████████▌                                                             | 10/45 [00:00<00:02, 16.87it/s]
Stage2 Epoch 16/30:  29%|██████████████████████▊                                                        | 13/45 [00:00<00:01, 17.98it/s]
Stage2 Epoch 16/30:  36%|████████████████████████████                                                   | 16/45 [00:00<00:01, 18.70it/s]
Stage2 Epoch 16/30:  40%|███████████████████████████████▌                                               | 18/45 [00:01<00:01, 18.93it/s]
Stage2 Epoch 16/30:  44%|███████████████████████████████████                                            | 20/45 [00:01<00:01, 19.12it/s]
Stage2 Epoch 16/30:  51%|████████████████████████████████████████▍                                      | 23/45 [00:01<00:01, 19.44it/s]
Stage2 Epoch 16/30:  58%|█████████████████████████████████████████████▋                                 | 26/45 [00:01<00:00, 19.64it/s]
Stage2 Epoch 16/30:  62%|█████████████████████████████████████████████████▏                             | 28/45 [00:01<00:00, 19.72it/s]
Stage2 Epoch 16/30:  69%|██████████████████████████████████████████████████████▍                        | 31/45 [00:01<00:00, 19.81it/s]
Stage2 Epoch 16/30:  76%|███████████████████████████████████████████████████████████▋                   | 34/45 [00:01<00:00, 19.89it/s]
Stage2 Epoch 16/30:  80%|███████████████████████████████████████████████████████████████▏               | 36/45 [00:01<00:00, 19.90it/s]
Stage2 Epoch 16/30:  84%|██████████████████████████████████████████████████████████████████▋            | 38/45 [00:02<00:00, 19.84it/s]
Stage2 Epoch 16/30:  89%|██████████████████████████████████████████████████████████████████████▏        | 40/45 [00:02<00:00, 19.86it/s]
Stage2 Epoch 16/30:  93%|█████████████████████████████████████████████████████████████████████████▋     | 42/45 [00:02<00:00, 19.90it/s]
Stage2 Epoch 16/30: 100%|███████████████████████████████████████████████████████████████████████████████| 45/45 [00:02<00:00, 19.95it/s]
Stage2 Epoch 16/30: 100%|███████████████████████████████████████████████████████████████████████████████| 45/45 [00:02<00:00, 18.24it/s]

Stage2 Epoch 17/30:   0%|                                                                                        | 0/45 [00:00<?, ?it/s]
Stage2 Epoch 17/30:   2%|█▊                                                                              | 1/45 [00:00<00:09,  4.73it/s]
Stage2 Epoch 17/30:   7%|█████▎                                                                          | 3/45 [00:00<00:03, 10.89it/s]
Stage2 Epoch 17/30:  11%|████████▉                                                                       | 5/45 [00:00<00:02, 14.22it/s]
Stage2 Epoch 17/30:  18%|██████████████▏                                                                 | 8/45 [00:00<00:02, 16.79it/s]
Stage2 Epoch 17/30:  24%|███████████████████▎                                                           | 11/45 [00:00<00:01, 18.05it/s]
Stage2 Epoch 17/30:  31%|████████████████████████▌                                                      | 14/45 [00:00<00:01, 18.78it/s]
Stage2 Epoch 17/30:  38%|█████████████████████████████▊                                                 | 17/45 [00:01<00:01, 19.22it/s]
Stage2 Epoch 17/30:  42%|█████████████████████████████████▎                                             | 19/45 [00:01<00:01, 19.24it/s]
Stage2 Epoch 17/30:  47%|████████████████████████████████████▊                                          | 21/45 [00:01<00:01, 19.42it/s]
Stage2 Epoch 17/30:  53%|██████████████████████████████████████████▏                                    | 24/45 [00:01<00:01, 19.64it/s]
Stage2 Epoch 17/30:  60%|███████████████████████████████████████████████▍                               | 27/45 [00:01<00:00, 19.79it/s]
Stage2 Epoch 17/30:  67%|████████████████████████████████████████████████████▋                          | 30/45 [00:01<00:00, 19.87it/s]
Stage2 Epoch 17/30:  71%|████████████████████████████████████████████████████████▏                      | 32/45 [00:01<00:00, 19.87it/s]
Stage2 Epoch 17/30:  78%|█████████████████████████████████████████████████████████████▍                 | 35/45 [00:01<00:00, 19.94it/s]
Stage2 Epoch 17/30:  82%|████████████████████████████████████████████████████████████████▉              | 37/45 [00:02<00:00, 19.91it/s]
Stage2 Epoch 17/30:  87%|████████████████████████████████████████████████████████████████████▍          | 39/45 [00:02<00:00, 19.89it/s]
Stage2 Epoch 17/30:  91%|███████████████████████████████████████████████████████████████████████▉       | 41/45 [00:02<00:00, 19.88it/s]
Stage2 Epoch 17/30:  98%|█████████████████████████████████████████████████████████████████████████████▏ | 44/45 [00:02<00:00, 19.92it/s]
Stage2 Epoch 17/30: 100%|███████████████████████████████████████████████████████████████████████████████| 45/45 [00:02<00:00, 18.44it/s]

Stage2 Epoch 18/30:   0%|                                                                                        | 0/45 [00:00<?, ?it/s]
Stage2 Epoch 18/30:   2%|█▊                                                                              | 1/45 [00:00<00:09,  4.69it/s]
Stage2 Epoch 18/30:   9%|███████                                                                         | 4/45 [00:00<00:03, 12.41it/s]
Stage2 Epoch 18/30:  16%|████████████▍                                                                   | 7/45 [00:00<00:02, 15.60it/s]
Stage2 Epoch 18/30:  22%|█████████████████▌                                                             | 10/45 [00:00<00:02, 17.28it/s]
Stage2 Epoch 18/30:  29%|██████████████████████▊                                                        | 13/45 [00:00<00:01, 18.25it/s]
Stage2 Epoch 18/30:  36%|████████████████████████████                                                   | 16/45 [00:00<00:01, 18.87it/s]
Stage2 Epoch 18/30:  40%|███████████████████████████████▌                                               | 18/45 [00:01<00:01, 18.86it/s]
Stage2 Epoch 18/30:  44%|███████████████████████████████████                                            | 20/45 [00:01<00:01, 19.04it/s]
Stage2 Epoch 18/30:  49%|██████████████████████████████████████▌                                        | 22/45 [00:01<00:01, 19.29it/s]
Stage2 Epoch 18/30:  56%|███████████████████████████████████████████▉                                   | 25/45 [00:01<00:01, 19.55it/s]
Stage2 Epoch 18/30:  62%|█████████████████████████████████████████████████▏                             | 28/45 [00:01<00:00, 19.75it/s]
Stage2 Epoch 18/30:  69%|██████████████████████████████████████████████████████▍                        | 31/45 [00:01<00:00, 19.83it/s]
Stage2 Epoch 18/30:  76%|███████████████████████████████████████████████████████████▋                   | 34/45 [00:01<00:00, 19.90it/s]
Stage2 Epoch 18/30:  80%|███████████████████████████████████████████████████████████████▏               | 36/45 [00:01<00:00, 19.89it/s]
Stage2 Epoch 18/30:  84%|██████████████████████████████████████████████████████████████████▋            | 38/45 [00:02<00:00, 19.82it/s]
Stage2 Epoch 18/30:  89%|██████████████████████████████████████████████████████████████████████▏        | 40/45 [00:02<00:00, 19.83it/s]
Stage2 Epoch 18/30:  96%|███████████████████████████████████████████████████████████████████████████▍   | 43/45 [00:02<00:00, 19.92it/s]
Stage2 Epoch 18/30: 100%|███████████████████████████████████████████████████████████████████████████████| 45/45 [00:02<00:00, 18.44it/s]

Stage2 Epoch 19/30:   0%|                                                                                        | 0/45 [00:00<?, ?it/s]
Stage2 Epoch 19/30:   2%|█▊                                                                              | 1/45 [00:00<00:08,  5.05it/s]
Stage2 Epoch 19/30:   7%|█████▎                                                                          | 3/45 [00:00<00:03, 11.31it/s]
Stage2 Epoch 19/30:  13%|██████████▋                                                                     | 6/45 [00:00<00:02, 15.44it/s]
Stage2 Epoch 19/30:  20%|████████████████                                                                | 9/45 [00:00<00:02, 17.30it/s]
Stage2 Epoch 19/30:  27%|█████████████████████                                                          | 12/45 [00:00<00:01, 18.32it/s]
Stage2 Epoch 19/30:  33%|██████████████████████████▎                                                    | 15/45 [00:00<00:01, 18.93it/s]
Stage2 Epoch 19/30:  40%|███████████████████████████████▌                                               | 18/45 [00:01<00:01, 19.19it/s]
Stage2 Epoch 19/30:  44%|███████████████████████████████████                                            | 20/45 [00:01<00:01, 19.32it/s]
Stage2 Epoch 19/30:  49%|██████████████████████████████████████▌                                        | 22/45 [00:01<00:01, 19.47it/s]
Stage2 Epoch 19/30:  56%|███████████████████████████████████████████▉                                   | 25/45 [00:01<00:01, 19.68it/s]
Stage2 Epoch 19/30:  62%|█████████████████████████████████████████████████▏                             | 28/45 [00:01<00:00, 19.80it/s]
Stage2 Epoch 19/30:  69%|██████████████████████████████████████████████████████▍                        | 31/45 [00:01<00:00, 19.89it/s]
Stage2 Epoch 19/30:  76%|███████████████████████████████████████████████████████████▋                   | 34/45 [00:01<00:00, 19.98it/s]
Stage2 Epoch 19/30:  80%|███████████████████████████████████████████████████████████████▏               | 36/45 [00:01<00:00, 19.96it/s]
Stage2 Epoch 19/30:  84%|██████████████████████████████████████████████████████████████████▋            | 38/45 [00:02<00:00, 19.92it/s]
Stage2 Epoch 19/30:  89%|██████████████████████████████████████████████████████████████████████▏        | 40/45 [00:02<00:00, 19.92it/s]
Stage2 Epoch 19/30:  96%|███████████████████████████████████████████████████████████████████████████▍   | 43/45 [00:02<00:00, 19.95it/s]
Stage2 Epoch 19/30: 100%|███████████████████████████████████████████████████████████████████████████████| 45/45 [00:02<00:00, 18.54it/s]

Stage2 Epoch 20/30:   0%|                                                                                        | 0/45 [00:00<?, ?it/s]
Stage2 Epoch 20/30:   2%|█▊                                                                              | 1/45 [00:00<00:09,  4.79it/s]
Stage2 Epoch 20/30:   7%|█████▎                                                                          | 3/45 [00:00<00:03, 10.96it/s]
Stage2 Epoch 20/30:  13%|██████████▋                                                                     | 6/45 [00:00<00:02, 15.19it/s]
Stage2 Epoch 20/30:  20%|████████████████                                                                | 9/45 [00:00<00:02, 17.11it/s]
Stage2 Epoch 20/30:  24%|███████████████████▎                                                           | 11/45 [00:00<00:01, 17.88it/s]
Stage2 Epoch 20/30:  31%|████████████████████████▌                                                      | 14/45 [00:00<00:01, 18.71it/s]
Stage2 Epoch 20/30:  38%|█████████████████████████████▊                                                 | 17/45 [00:01<00:01, 19.18it/s]
Stage2 Epoch 20/30:  42%|█████████████████████████████████▎                                             | 19/45 [00:01<00:01, 19.27it/s]
Stage2 Epoch 20/30:  47%|████████████████████████████████████▊                                          | 21/45 [00:01<00:01, 19.46it/s]
Stage2 Epoch 20/30:  51%|████████████████████████████████████████▍                                      | 23/45 [00:01<00:01, 19.60it/s]
Stage2 Epoch 20/30:  58%|█████████████████████████████████████████████▋                                 | 26/45 [00:01<00:00, 19.76it/s]
Stage2 Epoch 20/30:  62%|█████████████████████████████████████████████████▏                             | 28/45 [00:01<00:00, 19.82it/s]
Stage2 Epoch 20/30:  69%|██████████████████████████████████████████████████████▍                        | 31/45 [00:01<00:00, 19.89it/s]
Stage2 Epoch 20/30:  76%|███████████████████████████████████████████████████████████▋                   | 34/45 [00:01<00:00, 19.94it/s]
Stage2 Epoch 20/30:  80%|███████████████████████████████████████████████████████████████▏               | 36/45 [00:01<00:00, 19.93it/s]
Stage2 Epoch 20/30:  84%|██████████████████████████████████████████████████████████████████▋            | 38/45 [00:02<00:00, 19.90it/s]
Stage2 Epoch 20/30:  91%|███████████████████████████████████████████████████████████████████████▉       | 41/45 [00:02<00:00, 19.95it/s]
Stage2 Epoch 20/30:  98%|█████████████████████████████████████████████████████████████████████████████▏ | 44/45 [00:02<00:00, 19.98it/s]
Stage2 Epoch 20/30: 100%|███████████████████████████████████████████████████████████████████████████████| 45/45 [00:02<00:00, 18.49it/s]

Stage2 Epoch 21/30:   0%|                                                                                        | 0/45 [00:00<?, ?it/s]
Stage2 Epoch 21/30:   2%|█▊                                                                              | 1/45 [00:00<00:10,  4.24it/s]
Stage2 Epoch 21/30:   9%|███████                                                                         | 4/45 [00:00<00:03, 11.75it/s]
Stage2 Epoch 21/30:  16%|████████████▍                                                                   | 7/45 [00:00<00:02, 15.12it/s]
Stage2 Epoch 21/30:  22%|█████████████████▌                                                             | 10/45 [00:00<00:02, 16.93it/s]
Stage2 Epoch 21/30:  29%|██████████████████████▊                                                        | 13/45 [00:00<00:01, 18.03it/s]
Stage2 Epoch 21/30:  36%|████████████████████████████                                                   | 16/45 [00:00<00:01, 18.71it/s]
Stage2 Epoch 21/30:  40%|███████████████████████████████▌                                               | 18/45 [00:01<00:01, 18.90it/s]
Stage2 Epoch 21/30:  44%|███████████████████████████████████                                            | 20/45 [00:01<00:01, 19.11it/s]
Stage2 Epoch 21/30:  49%|██████████████████████████████████████▌                                        | 22/45 [00:01<00:01, 19.33it/s]
Stage2 Epoch 21/30:  56%|███████████████████████████████████████████▉                                   | 25/45 [00:01<00:01, 19.60it/s]
Stage2 Epoch 21/30:  62%|█████████████████████████████████████████████████▏                             | 28/45 [00:01<00:00, 19.76it/s]
Stage2 Epoch 21/30:  69%|██████████████████████████████████████████████████████▍                        | 31/45 [00:01<00:00, 19.88it/s]
Stage2 Epoch 21/30:  76%|███████████████████████████████████████████████████████████▋                   | 34/45 [00:01<00:00, 19.95it/s]
Stage2 Epoch 21/30:  80%|███████████████████████████████████████████████████████████████▏               | 36/45 [00:01<00:00, 19.95it/s]
Stage2 Epoch 21/30:  84%|██████████████████████████████████████████████████████████████████▋            | 38/45 [00:02<00:00, 19.90it/s]
Stage2 Epoch 21/30:  89%|██████████████████████████████████████████████████████████████████████▏        | 40/45 [00:02<00:00, 19.91it/s]
Stage2 Epoch 21/30:  96%|███████████████████████████████████████████████████████████████████████████▍   | 43/45 [00:02<00:00, 19.98it/s]
Stage2 Epoch 21/30: 100%|███████████████████████████████████████████████████████████████████████████████| 45/45 [00:02<00:00, 18.28it/s]

Stage2 Epoch 22/30:   0%|                                                                                        | 0/45 [00:00<?, ?it/s]
Stage2 Epoch 22/30:   2%|█▊                                                                              | 1/45 [00:00<00:10,  4.06it/s]
Stage2 Epoch 22/30:   7%|█████▎                                                                          | 3/45 [00:00<00:04,  9.91it/s]
Stage2 Epoch 22/30:  13%|██████████▋                                                                     | 6/45 [00:00<00:02, 14.38it/s]
Stage2 Epoch 22/30:  20%|████████████████                                                                | 9/45 [00:00<00:02, 16.60it/s]
Stage2 Epoch 22/30:  27%|█████████████████████                                                          | 12/45 [00:00<00:01, 17.80it/s]
Stage2 Epoch 22/30:  33%|██████████████████████████▎                                                    | 15/45 [00:00<00:01, 18.56it/s]
Stage2 Epoch 22/30:  40%|███████████████████████████████▌                                               | 18/45 [00:01<00:01, 18.94it/s]
Stage2 Epoch 22/30:  44%|███████████████████████████████████                                            | 20/45 [00:01<00:01, 19.12it/s]
Stage2 Epoch 22/30:  51%|████████████████████████████████████████▍                                      | 23/45 [00:01<00:01, 19.43it/s]
Stage2 Epoch 22/30:  58%|█████████████████████████████████████████████▋                                 | 26/45 [00:01<00:00, 19.63it/s]
Stage2 Epoch 22/30:  64%|██████████████████████████████████████████████████▉                            | 29/45 [00:01<00:00, 19.79it/s]
Stage2 Epoch 22/30:  71%|████████████████████████████████████████████████████████▏                      | 32/45 [00:01<00:00, 19.89it/s]
Stage2 Epoch 22/30:  78%|█████████████████████████████████████████████████████████████▍                 | 35/45 [00:01<00:00, 19.96it/s]
Stage2 Epoch 22/30:  82%|████████████████████████████████████████████████████████████████▉              | 37/45 [00:02<00:00, 19.92it/s]
Stage2 Epoch 22/30:  87%|████████████████████████████████████████████████████████████████████▍          | 39/45 [00:02<00:00, 19.89it/s]
Stage2 Epoch 22/30:  91%|███████████████████████████████████████████████████████████████████████▉       | 41/45 [00:02<00:00, 19.90it/s]
Stage2 Epoch 22/30:  96%|███████████████████████████████████████████████████████████████████████████▍   | 43/45 [00:02<00:00, 19.91it/s]
Stage2 Epoch 22/30: 100%|███████████████████████████████████████████████████████████████████████████████| 45/45 [00:02<00:00, 18.21it/s]

Stage2 Epoch 23/30:   0%|                                                                                        | 0/45 [00:00<?, ?it/s]
Stage2 Epoch 23/30:   2%|█▊                                                                              | 1/45 [00:00<00:10,  4.30it/s]
Stage2 Epoch 23/30:   9%|███████                                                                         | 4/45 [00:00<00:03, 11.85it/s]
Stage2 Epoch 23/30:  16%|████████████▍                                                                   | 7/45 [00:00<00:02, 15.19it/s]
Stage2 Epoch 23/30:  22%|█████████████████▌                                                             | 10/45 [00:00<00:02, 16.99it/s]
Stage2 Epoch 23/30:  29%|██████████████████████▊                                                        | 13/45 [00:00<00:01, 18.05it/s]
Stage2 Epoch 23/30:  36%|████████████████████████████                                                   | 16/45 [00:00<00:01, 18.73it/s]
Stage2 Epoch 23/30:  40%|███████████████████████████████▌                                               | 18/45 [00:01<00:01, 18.85it/s]
Stage2 Epoch 23/30:  44%|███████████████████████████████████                                            | 20/45 [00:01<00:01, 19.07it/s]
Stage2 Epoch 23/30:  51%|████████████████████████████████████████▍                                      | 23/45 [00:01<00:01, 19.41it/s]
Stage2 Epoch 23/30:  58%|█████████████████████████████████████████████▋                                 | 26/45 [00:01<00:00, 19.61it/s]
Stage2 Epoch 23/30:  62%|█████████████████████████████████████████████████▏                             | 28/45 [00:01<00:00, 19.69it/s]
Stage2 Epoch 23/30:  69%|██████████████████████████████████████████████████████▍                        | 31/45 [00:01<00:00, 19.83it/s]
Stage2 Epoch 23/30:  76%|███████████████████████████████████████████████████████████▋                   | 34/45 [00:01<00:00, 19.91it/s]
Stage2 Epoch 23/30:  80%|███████████████████████████████████████████████████████████████▏               | 36/45 [00:01<00:00, 19.89it/s]
Stage2 Epoch 23/30:  84%|██████████████████████████████████████████████████████████████████▋            | 38/45 [00:02<00:00, 19.82it/s]
Stage2 Epoch 23/30:  89%|██████████████████████████████████████████████████████████████████████▏        | 40/45 [00:02<00:00, 19.84it/s]
Stage2 Epoch 23/30:  96%|███████████████████████████████████████████████████████████████████████████▍   | 43/45 [00:02<00:00, 19.91it/s]
Stage2 Epoch 23/30: 100%|███████████████████████████████████████████████████████████████████████████████| 45/45 [00:02<00:00, 18.29it/s]

Stage2 Epoch 24/30:   0%|                                                                                        | 0/45 [00:00<?, ?it/s]
Stage2 Epoch 24/30:   2%|█▊                                                                              | 1/45 [00:00<00:08,  5.01it/s]
Stage2 Epoch 24/30:   7%|█████▎                                                                          | 3/45 [00:00<00:03, 11.22it/s]
Stage2 Epoch 24/30:  11%|████████▉                                                                       | 5/45 [00:00<00:02, 14.48it/s]
Stage2 Epoch 24/30:  18%|██████████████▏                                                                 | 8/45 [00:00<00:02, 16.95it/s]
Stage2 Epoch 24/30:  22%|█████████████████▌                                                             | 10/45 [00:00<00:01, 17.86it/s]
Stage2 Epoch 24/30:  29%|██████████████████████▊                                                        | 13/45 [00:00<00:01, 18.74it/s]
Stage2 Epoch 24/30:  36%|████████████████████████████                                                   | 16/45 [00:00<00:01, 19.22it/s]
Stage2 Epoch 24/30:  40%|███████████████████████████████▌                                               | 18/45 [00:01<00:01, 19.08it/s]
Stage2 Epoch 24/30:  44%|███████████████████████████████████                                            | 20/45 [00:01<00:01, 19.21it/s]
Stage2 Epoch 24/30:  49%|██████████████████████████████████████▌                                        | 22/45 [00:01<00:01, 19.42it/s]
Stage2 Epoch 24/30:  56%|███████████████████████████████████████████▉                                   | 25/45 [00:01<00:01, 19.66it/s]
Stage2 Epoch 24/30:  62%|█████████████████████████████████████████████████▏                             | 28/45 [00:01<00:00, 19.80it/s]
Stage2 Epoch 24/30:  69%|██████████████████████████████████████████████████████▍                        | 31/45 [00:01<00:00, 19.90it/s]
Stage2 Epoch 24/30:  76%|███████████████████████████████████████████████████████████▋                   | 34/45 [00:01<00:00, 19.97it/s]
Stage2 Epoch 24/30:  80%|███████████████████████████████████████████████████████████████▏               | 36/45 [00:01<00:00, 19.94it/s]
Stage2 Epoch 24/30:  84%|██████████████████████████████████████████████████████████████████▋            | 38/45 [00:02<00:00, 19.86it/s]
Stage2 Epoch 24/30:  89%|██████████████████████████████████████████████████████████████████████▏        | 40/45 [00:02<00:00, 19.84it/s]
Stage2 Epoch 24/30:  96%|███████████████████████████████████████████████████████████████████████████▍   | 43/45 [00:02<00:00, 19.92it/s]
Stage2 Epoch 24/30: 100%|███████████████████████████████████████████████████████████████████████████████| 45/45 [00:02<00:00, 18.50it/s]

Stage2 Epoch 25/30:   0%|                                                                                        | 0/45 [00:00<?, ?it/s]
Stage2 Epoch 25/30:   2%|█▊                                                                              | 1/45 [00:00<00:08,  4.99it/s]
Stage2 Epoch 25/30:   9%|███████                                                                         | 4/45 [00:00<00:03, 12.76it/s]
Stage2 Epoch 25/30:  16%|████████████▍                                                                   | 7/45 [00:00<00:02, 15.86it/s]
Stage2 Epoch 25/30:  22%|█████████████████▌                                                             | 10/45 [00:00<00:02, 17.47it/s]
Stage2 Epoch 25/30:  29%|██████████████████████▊                                                        | 13/45 [00:00<00:01, 18.41it/s]
Stage2 Epoch 25/30:  36%|████████████████████████████                                                   | 16/45 [00:00<00:01, 18.97it/s]
Stage2 Epoch 25/30:  40%|███████████████████████████████▌                                               | 18/45 [00:01<00:01, 18.86it/s]
Stage2 Epoch 25/30:  44%|███████████████████████████████████                                            | 20/45 [00:01<00:01, 19.02it/s]
Stage2 Epoch 25/30:  51%|████████████████████████████████████████▍                                      | 23/45 [00:01<00:01, 19.38it/s]
Stage2 Epoch 25/30:  58%|█████████████████████████████████████████████▋                                 | 26/45 [00:01<00:00, 19.60it/s]
Stage2 Epoch 25/30:  64%|██████████████████████████████████████████████████▉                            | 29/45 [00:01<00:00, 19.77it/s]
Stage2 Epoch 25/30:  71%|████████████████████████████████████████████████████████▏                      | 32/45 [00:01<00:00, 19.88it/s]
Stage2 Epoch 25/30:  78%|█████████████████████████████████████████████████████████████▍                 | 35/45 [00:01<00:00, 19.94it/s]
Stage2 Epoch 25/30:  82%|████████████████████████████████████████████████████████████████▉              | 37/45 [00:02<00:00, 19.87it/s]
Stage2 Epoch 25/30:  87%|████████████████████████████████████████████████████████████████████▍          | 39/45 [00:02<00:00, 19.83it/s]
Stage2 Epoch 25/30:  91%|███████████████████████████████████████████████████████████████████████▉       | 41/45 [00:02<00:00, 19.85it/s]
Stage2 Epoch 25/30:  98%|█████████████████████████████████████████████████████████████████████████████▏ | 44/45 [00:02<00:00, 19.94it/s]
Stage2 Epoch 25/30: 100%|███████████████████████████████████████████████████████████████████████████████| 45/45 [00:02<00:00, 18.52it/s]
/mnt/workspace/utils/train_visualizer.py:100: UserWarning: Glyph 21335 (\N{CJK UNIFIED IDEOGRAPH-5357}) missing from font(s) DejaVu Sans.
  fig.tight_layout()
/mnt/workspace/utils/train_visualizer.py:100: UserWarning: Glyph 22825 (\N{CJK UNIFIED IDEOGRAPH-5929}) missing from font(s) DejaVu Sans.
  fig.tight_layout()
/mnt/workspace/utils/train_visualizer.py:100: UserWarning: Glyph 31481 (\N{CJK UNIFIED IDEOGRAPH-7AF9}) missing from font(s) DejaVu Sans.
  fig.tight_layout()
/mnt/workspace/utils/train_visualizer.py:100: UserWarning: Glyph 21494 (\N{CJK UNIFIED IDEOGRAPH-53F6}) missing from font(s) DejaVu Sans.
  fig.tight_layout()
/mnt/workspace/utils/train_visualizer.py:100: UserWarning: Glyph 23567 (\N{CJK UNIFIED IDEOGRAPH-5C0F}) missing from font(s) DejaVu Sans.
  fig.tight_layout()
/mnt/workspace/utils/train_visualizer.py:100: UserWarning: Glyph 22899 (\N{CJK UNIFIED IDEOGRAPH-5973}) missing from font(s) DejaVu Sans.
  fig.tight_layout()
/mnt/workspace/utils/train_visualizer.py:100: UserWarning: Glyph 36126 (\N{CJK UNIFIED IDEOGRAPH-8D1E}) missing from font(s) DejaVu Sans.
  fig.tight_layout()
/mnt/workspace/utils/train_visualizer.py:100: UserWarning: Glyph 24748 (\N{CJK UNIFIED IDEOGRAPH-60AC}) missing from font(s) DejaVu Sans.
  fig.tight_layout()
/mnt/workspace/utils/train_visualizer.py:100: UserWarning: Glyph 38083 (\N{CJK UNIFIED IDEOGRAPH-94C3}) missing from font(s) DejaVu Sans.
  fig.tight_layout()
/mnt/workspace/utils/train_visualizer.py:100: UserWarning: Glyph 26408 (\N{CJK UNIFIED IDEOGRAPH-6728}) missing from font(s) DejaVu Sans.
  fig.tight_layout()
/mnt/workspace/utils/train_visualizer.py:100: UserWarning: Glyph 26460 (\N{CJK UNIFIED IDEOGRAPH-675C}) missing from font(s) DejaVu Sans.
  fig.tight_layout()
/mnt/workspace/utils/train_visualizer.py:100: UserWarning: Glyph 40515 (\N{CJK UNIFIED IDEOGRAPH-9E43}) missing from font(s) DejaVu Sans.
  fig.tight_layout()
/mnt/workspace/utils/train_visualizer.py:100: UserWarning: Glyph 33457 (\N{CJK UNIFIED IDEOGRAPH-82B1}) missing from font(s) DejaVu Sans.
  fig.tight_layout()
/mnt/workspace/utils/train_visualizer.py:100: UserWarning: Glyph 26503 (\N{CJK UNIFIED IDEOGRAPH-6787}) missing from font(s) DejaVu Sans.
  fig.tight_layout()
/mnt/workspace/utils/train_visualizer.py:100: UserWarning: Glyph 26487 (\N{CJK UNIFIED IDEOGRAPH-6777}) missing from font(s) DejaVu Sans.
  fig.tight_layout()
/mnt/workspace/utils/train_visualizer.py:100: UserWarning: Glyph 27185 (\N{CJK UNIFIED IDEOGRAPH-6A31}) missing from font(s) DejaVu Sans.
  fig.tight_layout()
/mnt/workspace/utils/train_visualizer.py:100: UserWarning: Glyph 27861 (\N{CJK UNIFIED IDEOGRAPH-6CD5}) missing from font(s) DejaVu Sans.
  fig.tight_layout()
/mnt/workspace/utils/train_visualizer.py:100: UserWarning: Glyph 22269 (\N{CJK UNIFIED IDEOGRAPH-56FD}) missing from font(s) DejaVu Sans.
  fig.tight_layout()
/mnt/workspace/utils/train_visualizer.py:100: UserWarning: Glyph 20908 (\N{CJK UNIFIED IDEOGRAPH-51AC}) missing from font(s) DejaVu Sans.
  fig.tight_layout()
/mnt/workspace/utils/train_visualizer.py:100: UserWarning: Glyph 38738 (\N{CJK UNIFIED IDEOGRAPH-9752}) missing from font(s) DejaVu Sans.
  fig.tight_layout()
/mnt/workspace/utils/train_visualizer.py:100: UserWarning: Glyph 28023 (\N{CJK UNIFIED IDEOGRAPH-6D77}) missing from font(s) DejaVu Sans.
  fig.tight_layout()
/mnt/workspace/utils/train_visualizer.py:100: UserWarning: Glyph 26704 (\N{CJK UNIFIED IDEOGRAPH-6850}) missing from font(s) DejaVu Sans.
  fig.tight_layout()
/mnt/workspace/utils/train_visualizer.py:100: UserWarning: Glyph 30707 (\N{CJK UNIFIED IDEOGRAPH-77F3}) missing from font(s) DejaVu Sans.
  fig.tight_layout()
/mnt/workspace/utils/train_visualizer.py:100: UserWarning: Glyph 26976 (\N{CJK UNIFIED IDEOGRAPH-6960}) missing from font(s) DejaVu Sans.
  fig.tight_layout()
/mnt/workspace/utils/train_visualizer.py:101: UserWarning: Glyph 21335 (\N{CJK UNIFIED IDEOGRAPH-5357}) missing from font(s) DejaVu Sans.
  fig.savefig(output_path, bbox_inches="tight")
/mnt/workspace/utils/train_visualizer.py:101: UserWarning: Glyph 22825 (\N{CJK UNIFIED IDEOGRAPH-5929}) missing from font(s) DejaVu Sans.
  fig.savefig(output_path, bbox_inches="tight")
/mnt/workspace/utils/train_visualizer.py:101: UserWarning: Glyph 31481 (\N{CJK UNIFIED IDEOGRAPH-7AF9}) missing from font(s) DejaVu Sans.
  fig.savefig(output_path, bbox_inches="tight")
/mnt/workspace/utils/train_visualizer.py:101: UserWarning: Glyph 21494 (\N{CJK UNIFIED IDEOGRAPH-53F6}) missing from font(s) DejaVu Sans.
  fig.savefig(output_path, bbox_inches="tight")
/mnt/workspace/utils/train_visualizer.py:101: UserWarning: Glyph 23567 (\N{CJK UNIFIED IDEOGRAPH-5C0F}) missing from font(s) DejaVu Sans.
  fig.savefig(output_path, bbox_inches="tight")
/mnt/workspace/utils/train_visualizer.py:101: UserWarning: Glyph 22899 (\N{CJK UNIFIED IDEOGRAPH-5973}) missing from font(s) DejaVu Sans.
  fig.savefig(output_path, bbox_inches="tight")
/mnt/workspace/utils/train_visualizer.py:101: UserWarning: Glyph 36126 (\N{CJK UNIFIED IDEOGRAPH-8D1E}) missing from font(s) DejaVu Sans.
  fig.savefig(output_path, bbox_inches="tight")
/mnt/workspace/utils/train_visualizer.py:101: UserWarning: Glyph 24748 (\N{CJK UNIFIED IDEOGRAPH-60AC}) missing from font(s) DejaVu Sans.
  fig.savefig(output_path, bbox_inches="tight")
/mnt/workspace/utils/train_visualizer.py:101: UserWarning: Glyph 38083 (\N{CJK UNIFIED IDEOGRAPH-94C3}) missing from font(s) DejaVu Sans.
  fig.savefig(output_path, bbox_inches="tight")
/mnt/workspace/utils/train_visualizer.py:101: UserWarning: Glyph 26408 (\N{CJK UNIFIED IDEOGRAPH-6728}) missing from font(s) DejaVu Sans.
  fig.savefig(output_path, bbox_inches="tight")
/mnt/workspace/utils/train_visualizer.py:101: UserWarning: Glyph 26460 (\N{CJK UNIFIED IDEOGRAPH-675C}) missing from font(s) DejaVu Sans.
  fig.savefig(output_path, bbox_inches="tight")
/mnt/workspace/utils/train_visualizer.py:101: UserWarning: Glyph 40515 (\N{CJK UNIFIED IDEOGRAPH-9E43}) missing from font(s) DejaVu Sans.
  fig.savefig(output_path, bbox_inches="tight")
/mnt/workspace/utils/train_visualizer.py:101: UserWarning: Glyph 33457 (\N{CJK UNIFIED IDEOGRAPH-82B1}) missing from font(s) DejaVu Sans.
  fig.savefig(output_path, bbox_inches="tight")
/mnt/workspace/utils/train_visualizer.py:101: UserWarning: Glyph 26503 (\N{CJK UNIFIED IDEOGRAPH-6787}) missing from font(s) DejaVu Sans.
  fig.savefig(output_path, bbox_inches="tight")
/mnt/workspace/utils/train_visualizer.py:101: UserWarning: Glyph 26487 (\N{CJK UNIFIED IDEOGRAPH-6777}) missing from font(s) DejaVu Sans.
  fig.savefig(output_path, bbox_inches="tight")
/mnt/workspace/utils/train_visualizer.py:101: UserWarning: Glyph 27185 (\N{CJK UNIFIED IDEOGRAPH-6A31}) missing from font(s) DejaVu Sans.
  fig.savefig(output_path, bbox_inches="tight")
/mnt/workspace/utils/train_visualizer.py:101: UserWarning: Glyph 27861 (\N{CJK UNIFIED IDEOGRAPH-6CD5}) missing from font(s) DejaVu Sans.
  fig.savefig(output_path, bbox_inches="tight")
/mnt/workspace/utils/train_visualizer.py:101: UserWarning: Glyph 22269 (\N{CJK UNIFIED IDEOGRAPH-56FD}) missing from font(s) DejaVu Sans.
  fig.savefig(output_path, bbox_inches="tight")
/mnt/workspace/utils/train_visualizer.py:101: UserWarning: Glyph 20908 (\N{CJK UNIFIED IDEOGRAPH-51AC}) missing from font(s) DejaVu Sans.
  fig.savefig(output_path, bbox_inches="tight")
/mnt/workspace/utils/train_visualizer.py:101: UserWarning: Glyph 38738 (\N{CJK UNIFIED IDEOGRAPH-9752}) missing from font(s) DejaVu Sans.
  fig.savefig(output_path, bbox_inches="tight")
/mnt/workspace/utils/train_visualizer.py:101: UserWarning: Glyph 28023 (\N{CJK UNIFIED IDEOGRAPH-6D77}) missing from font(s) DejaVu Sans.
  fig.savefig(output_path, bbox_inches="tight")
/mnt/workspace/utils/train_visualizer.py:101: UserWarning: Glyph 26704 (\N{CJK UNIFIED IDEOGRAPH-6850}) missing from font(s) DejaVu Sans.
  fig.savefig(output_path, bbox_inches="tight")
/mnt/workspace/utils/train_visualizer.py:101: UserWarning: Glyph 30707 (\N{CJK UNIFIED IDEOGRAPH-77F3}) missing from font(s) DejaVu Sans.
  fig.savefig(output_path, bbox_inches="tight")
/mnt/workspace/utils/train_visualizer.py:101: UserWarning: Glyph 26976 (\N{CJK UNIFIED IDEOGRAPH-6960}) missing from font(s) DejaVu Sans.
  fig.savefig(output_path, bbox_inches="tight")
