实验: 实验3: 中心裁剪 vs YOLOv8 ROI提取 vs 不做ROI提取 - resnet50
运行ID: exp3_resnet50_yolo_20260427_060731
开始时间: 2026-04-27T06:09:06.729922
耗时: 95.49秒
================================================================================
[INFO] Log will be saved to logs/resnet50_complex_train_log_20260427_060734.txt

===== CONFIG =====
dataset:
  input_size: 224
  batch_size: 16
  limit_train_per_class: 0
  limit_val_per_class: 0
model:
  num_classes: 9
train:
  epochs_stage1: 10
  epochs_stage2: 15
  grad_clip: 0.5
criterion:
  label_smoothing: 0.1
optimizer:
  lr_stage1: 0.0003
  lr_stage2: 1.0e-05
  beta1: 0.9
  beta2: 0.999
  eps: 1.0e-08
  weight_decay: 0.05
early_stop:
  patience: 5
  min_delta: 0.003
scheduler:
  mode: max
  factor: 0.5
  patience: 2
  min_lr: 5.0e-07
  cosin:
    warmup_epochs: 4
    warmup_lr_init: 1.0e-07
    min_lr: 5.0e-08
logger:
  model_name: resnet50_complex

==================

[INFO] Reading Dataset for type: complex_yolo
[INFO] Loaded training samples: 1290, validation samples: 363
[INFO] 数据集实际类别数: 9
[INFO] ResNet50 ImageNet pretrained: True
[INFO] Time 3.34s | TrainLoss 2.0116 | TrainAcc 41.41% | ValLoss 1.8499 | ValAcc 76.03% | ValTop5 98.90%
[INFO] Current Stage1 learning rate: 0.000300
[INFO] Update best ValAcc: 76.03%
[INFO] Time 2.74s | TrainLoss 1.7482 | TrainAcc 69.14% | ValLoss 1.6710 | ValAcc 82.64% | ValTop5 99.17%
[INFO] Current Stage1 learning rate: 0.000300
[INFO] Update best ValAcc: 82.64%
[INFO] Time 2.70s | TrainLoss 1.6211 | TrainAcc 78.91% | ValLoss 1.5544 | ValAcc 86.23% | ValTop5 99.17%
[INFO] Current Stage1 learning rate: 0.000300
[INFO] Update best ValAcc: 86.23%
[INFO] Time 2.79s | TrainLoss 1.5371 | TrainAcc 81.48% | ValLoss 1.5155 | ValAcc 86.50% | ValTop5 99.45%
[INFO] Current Stage1 learning rate: 0.000300
[INFO] Update best ValAcc: 86.50%
[INFO] Time 2.58s | TrainLoss 1.4986 | TrainAcc 81.56% | ValLoss 1.4635 | ValAcc 87.33% | ValTop5 99.45%
[INFO] Current Stage1 learning rate: 0.000300
[INFO] Update best ValAcc: 87.33%
[INFO] Time 2.86s | TrainLoss 1.4478 | TrainAcc 83.44% | ValLoss 1.4251 | ValAcc 88.43% | ValTop5 99.45%
[INFO] Current Stage1 learning rate: 0.000300
[INFO] Update best ValAcc: 88.43%
[INFO] Time 2.60s | TrainLoss 1.4437 | TrainAcc 82.19% | ValLoss 1.4223 | ValAcc 88.43% | ValTop5 99.45%
[INFO] Current Stage1 learning rate: 0.000300
[INFO] Patience counter: 1/5
[INFO] Time 2.82s | TrainLoss 1.4206 | TrainAcc 84.84% | ValLoss 1.4058 | ValAcc 90.36% | ValTop5 99.45%
[INFO] Current Stage1 learning rate: 0.000300
[INFO] Update best ValAcc: 90.36%
[INFO] Time 2.63s | TrainLoss 1.4013 | TrainAcc 84.14% | ValLoss 1.4041 | ValAcc 88.15% | ValTop5 99.45%
[INFO] Current Stage1 learning rate: 0.000300
[INFO] Patience counter: 1/5
[INFO] Time 2.72s | TrainLoss 1.3732 | TrainAcc 84.53% | ValLoss 1.3724 | ValAcc 88.43% | ValTop5 99.45%
[INFO] Current Stage1 learning rate: 0.000300
[INFO] Patience counter: 2/5
[INFO] Stage1 training done. Best ValAcc: 90.36%
[INFO] Time 5.07s | TrainLoss 1.4007 | TrainAcc 83.44% | ValLoss 1.3851 | ValAcc 89.53% | ValTop5 99.45%
[INFO] Current Stage2 learning rate: 0.000003
[INFO] Update best ValAcc: 89.53%
[INFO] Time 4.99s | TrainLoss 1.3928 | TrainAcc 83.44% | ValLoss 1.3939 | ValAcc 90.36% | ValTop5 99.45%
[INFO] Current Stage2 learning rate: 0.000005
[INFO] Update best ValAcc: 90.36%
[INFO] Time 5.01s | TrainLoss 1.3728 | TrainAcc 85.23% | ValLoss 1.3789 | ValAcc 90.08% | ValTop5 99.45%
[INFO] Current Stage2 learning rate: 0.000008
[INFO] Patience counter: 1/5
[INFO] Time 5.00s | TrainLoss 1.3532 | TrainAcc 85.86% | ValLoss 1.3719 | ValAcc 90.36% | ValTop5 99.45%
[INFO] Current Stage2 learning rate: 0.000010
[INFO] Patience counter: 2/5
[INFO] Time 5.03s | TrainLoss 1.3508 | TrainAcc 85.39% | ValLoss 1.3603 | ValAcc 88.71% | ValTop5 99.45%
[INFO] Current Stage2 learning rate: 0.000010
[INFO] Patience counter: 3/5
[INFO] Time 4.99s | TrainLoss 1.3187 | TrainAcc 86.25% | ValLoss 1.3339 | ValAcc 90.63% | ValTop5 99.17%
[INFO] Current Stage2 learning rate: 0.000009
[INFO] Update best ValAcc: 90.63%
[INFO] Time 5.00s | TrainLoss 1.3214 | TrainAcc 86.88% | ValLoss 1.2820 | ValAcc 91.18% | ValTop5 99.45%
[INFO] Current Stage2 learning rate: 0.000008
[INFO] Update best ValAcc: 91.18%
[INFO] Time 5.00s | TrainLoss 1.3021 | TrainAcc 85.94% | ValLoss 1.3066 | ValAcc 90.63% | ValTop5 99.17%
[INFO] Current Stage2 learning rate: 0.000007
[INFO] Patience counter: 1/5
[INFO] Time 5.01s | TrainLoss 1.3090 | TrainAcc 85.47% | ValLoss 1.3022 | ValAcc 89.81% | ValTop5 99.17%
[INFO] Current Stage2 learning rate: 0.000006
[INFO] Patience counter: 2/5
[INFO] Time 5.02s | TrainLoss 1.2914 | TrainAcc 87.11% | ValLoss 1.3146 | ValAcc 89.81% | ValTop5 98.90%
[INFO] Current Stage2 learning rate: 0.000004
[INFO] Patience counter: 3/5
[INFO] Time 5.01s | TrainLoss 1.2819 | TrainAcc 86.09% | ValLoss 1.3041 | ValAcc 90.36% | ValTop5 99.45%
[INFO] Current Stage2 learning rate: 0.000003
[INFO] Patience counter: 4/5
[INFO] Time 5.00s | TrainLoss 1.2733 | TrainAcc 86.64% | ValLoss 1.2984 | ValAcc 90.63% | ValTop5 99.45%
[INFO] Current Stage2 learning rate: 0.000002
[INFO] Patience counter: 5/5
[INFO] Early stopping at epoch 12
[INFO] Stage2 training done. Best ValAcc: 91.18%
模型已保存至：results/resnet50_complex/20260427_060734/checkpoints/resnet50_best_20260427_060734.pth

============================================================
开始计算论文所需指标...
============================================================
[1/6] 计算Top-1和Top-5准确率...
[2/6] 计算参数量和FLOPs...
[3/6] 测量推理速度...
[4/6] 计算混淆矩阵和分类指标...
[5/6] 计算收敛轮数...
[6/6] 计算训练稳定性指标...

所有指标已保存至: results/resnet50_complex/20260427_060734/thesis_metrics.json
============================================================

论文指标已保存至: results/resnet50_complex/20260427_060734/thesis_metrics.json
[INFO] Loaded independent test samples: 179
[INFO] Independent TestLoss 1.2616 | TestAcc 92.18% | TestTop5 100.00%
可视化已保存至：results/resnet50_complex/20260427_060734/visualization

[STDERR]

Stage1 Epoch 1/10:   0%|                                                                                         | 0/80 [00:00<?, ?it/s]/mnt/workspace/engine/trainer.py:55: FutureWarning: `torch.cuda.amp.autocast(args...)` is deprecated. Please use `torch.amp.autocast('cuda', args...)` instead.
  with autocast(enabled=scaler is not None):

Stage1 Epoch 1/10:   1%|█                                                                                | 1/80 [00:00<00:51,  1.53it/s]
Stage1 Epoch 1/10:   9%|███████                                                                          | 7/80 [00:00<00:06, 11.91it/s]
Stage1 Epoch 1/10:  16%|█████████████                                                                   | 13/80 [00:00<00:03, 21.26it/s]
Stage1 Epoch 1/10:  22%|██████████████████                                                              | 18/80 [00:01<00:02, 25.18it/s]
Stage1 Epoch 1/10:  29%|███████████████████████                                                         | 23/80 [00:01<00:02, 26.80it/s]
Stage1 Epoch 1/10:  34%|███████████████████████████                                                     | 27/80 [00:01<00:01, 29.39it/s]
Stage1 Epoch 1/10:  39%|███████████████████████████████                                                 | 31/80 [00:01<00:01, 30.20it/s]
Stage1 Epoch 1/10:  44%|███████████████████████████████████                                             | 35/80 [00:01<00:01, 31.36it/s]
Stage1 Epoch 1/10:  49%|███████████████████████████████████████                                         | 39/80 [00:01<00:01, 31.12it/s]
Stage1 Epoch 1/10:  54%|███████████████████████████████████████████                                     | 43/80 [00:01<00:01, 31.92it/s]
Stage1 Epoch 1/10:  59%|███████████████████████████████████████████████                                 | 47/80 [00:01<00:01, 32.41it/s]
Stage1 Epoch 1/10:  64%|███████████████████████████████████████████████████                             | 51/80 [00:02<00:00, 31.87it/s]
Stage1 Epoch 1/10:  69%|███████████████████████████████████████████████████████                         | 55/80 [00:02<00:00, 32.05it/s]
Stage1 Epoch 1/10:  74%|███████████████████████████████████████████████████████████                     | 59/80 [00:02<00:00, 33.80it/s]
Stage1 Epoch 1/10:  80%|████████████████████████████████████████████████████████████████                | 64/80 [00:02<00:00, 36.62it/s]
Stage1 Epoch 1/10:  86%|█████████████████████████████████████████████████████████████████████           | 69/80 [00:02<00:00, 37.22it/s]
Stage1 Epoch 1/10:  92%|██████████████████████████████████████████████████████████████████████████      | 74/80 [00:02<00:00, 38.76it/s]
Stage1 Epoch 1/10:  98%|██████████████████████████████████████████████████████████████████████████████  | 78/80 [00:02<00:00, 35.42it/s]
Stage1 Epoch 1/10: 100%|████████████████████████████████████████████████████████████████████████████████| 80/80 [00:02<00:00, 28.59it/s]

Stage1 Epoch 2/10:   0%|                                                                                         | 0/80 [00:00<?, ?it/s]
Stage1 Epoch 2/10:   1%|█                                                                                | 1/80 [00:00<00:13,  6.02it/s]
Stage1 Epoch 2/10:   6%|█████                                                                            | 5/80 [00:00<00:03, 20.68it/s]
Stage1 Epoch 2/10:  11%|█████████                                                                        | 9/80 [00:00<00:02, 28.08it/s]
Stage1 Epoch 2/10:  16%|█████████████                                                                   | 13/80 [00:00<00:02, 30.48it/s]
Stage1 Epoch 2/10:  21%|█████████████████                                                               | 17/80 [00:00<00:01, 32.11it/s]
Stage1 Epoch 2/10:  26%|█████████████████████                                                           | 21/80 [00:00<00:01, 32.44it/s]
Stage1 Epoch 2/10:  31%|█████████████████████████                                                       | 25/80 [00:00<00:01, 32.95it/s]
Stage1 Epoch 2/10:  36%|█████████████████████████████                                                   | 29/80 [00:00<00:01, 32.52it/s]
Stage1 Epoch 2/10:  42%|██████████████████████████████████                                              | 34/80 [00:01<00:01, 36.91it/s]
Stage1 Epoch 2/10:  49%|███████████████████████████████████████                                         | 39/80 [00:01<00:01, 39.88it/s]
Stage1 Epoch 2/10:  55%|████████████████████████████████████████████                                    | 44/80 [00:01<00:00, 41.54it/s]
Stage1 Epoch 2/10:  61%|█████████████████████████████████████████████████                               | 49/80 [00:01<00:00, 40.78it/s]
Stage1 Epoch 2/10:  68%|██████████████████████████████████████████████████████                          | 54/80 [00:01<00:00, 39.88it/s]
Stage1 Epoch 2/10:  74%|███████████████████████████████████████████████████████████                     | 59/80 [00:01<00:00, 36.83it/s]
Stage1 Epoch 2/10:  79%|███████████████████████████████████████████████████████████████                 | 63/80 [00:01<00:00, 37.14it/s]
Stage1 Epoch 2/10:  85%|████████████████████████████████████████████████████████████████████            | 68/80 [00:01<00:00, 39.31it/s]
Stage1 Epoch 2/10:  90%|████████████████████████████████████████████████████████████████████████        | 72/80 [00:02<00:00, 36.84it/s]
Stage1 Epoch 2/10:  96%|█████████████████████████████████████████████████████████████████████████████   | 77/80 [00:02<00:00, 40.06it/s]
Stage1 Epoch 2/10: 100%|████████████████████████████████████████████████████████████████████████████████| 80/80 [00:02<00:00, 35.57it/s]

Stage1 Epoch 3/10:   0%|                                                                                         | 0/80 [00:00<?, ?it/s]
Stage1 Epoch 3/10:   1%|█                                                                                | 1/80 [00:00<00:12,  6.37it/s]
Stage1 Epoch 3/10:   6%|█████                                                                            | 5/80 [00:00<00:03, 21.33it/s]
Stage1 Epoch 3/10:  12%|██████████                                                                      | 10/80 [00:00<00:02, 30.69it/s]
Stage1 Epoch 3/10:  18%|██████████████                                                                  | 14/80 [00:00<00:01, 33.12it/s]
Stage1 Epoch 3/10:  22%|██████████████████                                                              | 18/80 [00:00<00:01, 35.32it/s]
Stage1 Epoch 3/10:  29%|███████████████████████                                                         | 23/80 [00:00<00:01, 39.26it/s]
Stage1 Epoch 3/10:  35%|████████████████████████████                                                    | 28/80 [00:00<00:01, 42.10it/s]
Stage1 Epoch 3/10:  41%|█████████████████████████████████                                               | 33/80 [00:00<00:01, 34.58it/s]
Stage1 Epoch 3/10:  46%|█████████████████████████████████████                                           | 37/80 [00:01<00:01, 35.21it/s]
Stage1 Epoch 3/10:  51%|█████████████████████████████████████████                                       | 41/80 [00:01<00:01, 33.46it/s]
Stage1 Epoch 3/10:  56%|█████████████████████████████████████████████                                   | 45/80 [00:01<00:01, 33.17it/s]
Stage1 Epoch 3/10:  62%|██████████████████████████████████████████████████                              | 50/80 [00:01<00:00, 36.55it/s]
Stage1 Epoch 3/10:  69%|███████████████████████████████████████████████████████                         | 55/80 [00:01<00:00, 39.12it/s]
Stage1 Epoch 3/10:  75%|████████████████████████████████████████████████████████████                    | 60/80 [00:01<00:00, 41.38it/s]
Stage1 Epoch 3/10:  81%|█████████████████████████████████████████████████████████████████               | 65/80 [00:01<00:00, 38.05it/s]
Stage1 Epoch 3/10:  88%|██████████████████████████████████████████████████████████████████████          | 70/80 [00:01<00:00, 40.67it/s]
Stage1 Epoch 3/10:  94%|███████████████████████████████████████████████████████████████████████████     | 75/80 [00:02<00:00, 40.18it/s]
Stage1 Epoch 3/10: 100%|████████████████████████████████████████████████████████████████████████████████| 80/80 [00:02<00:00, 40.40it/s]
Stage1 Epoch 3/10: 100%|████████████████████████████████████████████████████████████████████████████████| 80/80 [00:02<00:00, 36.09it/s]

Stage1 Epoch 4/10:   0%|                                                                                         | 0/80 [00:00<?, ?it/s]
Stage1 Epoch 4/10:   1%|█                                                                                | 1/80 [00:00<00:14,  5.48it/s]
Stage1 Epoch 4/10:   8%|██████                                                                           | 6/80 [00:00<00:03, 23.58it/s]
Stage1 Epoch 4/10:  14%|███████████                                                                     | 11/80 [00:00<00:02, 32.99it/s]
Stage1 Epoch 4/10:  20%|████████████████                                                                | 16/80 [00:00<00:01, 36.21it/s]
Stage1 Epoch 4/10:  25%|████████████████████                                                            | 20/80 [00:00<00:01, 33.39it/s]
Stage1 Epoch 4/10:  30%|████████████████████████                                                        | 24/80 [00:00<00:01, 32.69it/s]
Stage1 Epoch 4/10:  35%|████████████████████████████                                                    | 28/80 [00:00<00:01, 30.58it/s]
Stage1 Epoch 4/10:  40%|████████████████████████████████                                                | 32/80 [00:01<00:01, 31.08it/s]
Stage1 Epoch 4/10:  45%|████████████████████████████████████                                            | 36/80 [00:01<00:01, 30.92it/s]
Stage1 Epoch 4/10:  51%|█████████████████████████████████████████                                       | 41/80 [00:01<00:01, 34.44it/s]
Stage1 Epoch 4/10:  56%|█████████████████████████████████████████████                                   | 45/80 [00:01<00:00, 35.14it/s]
Stage1 Epoch 4/10:  61%|█████████████████████████████████████████████████                               | 49/80 [00:01<00:00, 35.70it/s]
Stage1 Epoch 4/10:  66%|█████████████████████████████████████████████████████                           | 53/80 [00:01<00:00, 35.94it/s]
Stage1 Epoch 4/10:  72%|██████████████████████████████████████████████████████████                      | 58/80 [00:01<00:00, 38.17it/s]
Stage1 Epoch 4/10:  78%|██████████████████████████████████████████████████████████████                  | 62/80 [00:01<00:00, 35.93it/s]
Stage1 Epoch 4/10:  84%|███████████████████████████████████████████████████████████████████             | 67/80 [00:01<00:00, 39.59it/s]
Stage1 Epoch 4/10:  90%|████████████████████████████████████████████████████████████████████████        | 72/80 [00:02<00:00, 42.18it/s]
Stage1 Epoch 4/10:  96%|█████████████████████████████████████████████████████████████████████████████   | 77/80 [00:02<00:00, 39.83it/s]
Stage1 Epoch 4/10: 100%|████████████████████████████████████████████████████████████████████████████████| 80/80 [00:02<00:00, 34.83it/s]

Stage1 Epoch 5/10:   0%|                                                                                         | 0/80 [00:00<?, ?it/s]
Stage1 Epoch 5/10:   1%|█                                                                                | 1/80 [00:00<00:13,  5.92it/s]
Stage1 Epoch 5/10:   8%|██████                                                                           | 6/80 [00:00<00:02, 25.85it/s]
Stage1 Epoch 5/10:  14%|███████████                                                                     | 11/80 [00:00<00:02, 33.09it/s]
Stage1 Epoch 5/10:  19%|███████████████                                                                 | 15/80 [00:00<00:01, 34.82it/s]
Stage1 Epoch 5/10:  24%|███████████████████                                                             | 19/80 [00:00<00:01, 35.86it/s]
Stage1 Epoch 5/10:  29%|███████████████████████                                                         | 23/80 [00:00<00:01, 36.76it/s]
Stage1 Epoch 5/10:  34%|███████████████████████████                                                     | 27/80 [00:00<00:01, 37.17it/s]
Stage1 Epoch 5/10:  39%|███████████████████████████████                                                 | 31/80 [00:00<00:01, 37.36it/s]
Stage1 Epoch 5/10:  44%|███████████████████████████████████                                             | 35/80 [00:01<00:01, 37.59it/s]
Stage1 Epoch 5/10:  49%|███████████████████████████████████████                                         | 39/80 [00:01<00:01, 37.69it/s]
Stage1 Epoch 5/10:  54%|███████████████████████████████████████████                                     | 43/80 [00:01<00:00, 37.79it/s]
Stage1 Epoch 5/10:  59%|███████████████████████████████████████████████                                 | 47/80 [00:01<00:00, 37.94it/s]
Stage1 Epoch 5/10:  64%|███████████████████████████████████████████████████                             | 51/80 [00:01<00:00, 37.53it/s]
Stage1 Epoch 5/10:  70%|████████████████████████████████████████████████████████                        | 56/80 [00:01<00:00, 40.75it/s]
Stage1 Epoch 5/10:  76%|█████████████████████████████████████████████████████████████                   | 61/80 [00:01<00:00, 42.74it/s]
Stage1 Epoch 5/10:  82%|██████████████████████████████████████████████████████████████████              | 66/80 [00:01<00:00, 41.16it/s]
Stage1 Epoch 5/10:  89%|███████████████████████████████████████████████████████████████████████         | 71/80 [00:01<00:00, 42.20it/s]
Stage1 Epoch 5/10:  96%|█████████████████████████████████████████████████████████████████████████████   | 77/80 [00:02<00:00, 45.03it/s]
Stage1 Epoch 5/10: 100%|████████████████████████████████████████████████████████████████████████████████| 80/80 [00:02<00:00, 38.19it/s]

Stage1 Epoch 6/10:   0%|                                                                                         | 0/80 [00:00<?, ?it/s]
Stage1 Epoch 6/10:   1%|█                                                                                | 1/80 [00:00<00:16,  4.87it/s]
Stage1 Epoch 6/10:   8%|██████                                                                           | 6/80 [00:00<00:03, 22.46it/s]
Stage1 Epoch 6/10:  14%|███████████                                                                     | 11/80 [00:00<00:02, 31.24it/s]
Stage1 Epoch 6/10:  20%|████████████████                                                                | 16/80 [00:00<00:01, 36.11it/s]
Stage1 Epoch 6/10:  25%|████████████████████                                                            | 20/80 [00:00<00:01, 36.58it/s]
Stage1 Epoch 6/10:  30%|████████████████████████                                                        | 24/80 [00:00<00:01, 34.12it/s]
Stage1 Epoch 6/10:  35%|████████████████████████████                                                    | 28/80 [00:00<00:01, 32.76it/s]
Stage1 Epoch 6/10:  40%|████████████████████████████████                                                | 32/80 [00:01<00:01, 32.10it/s]
Stage1 Epoch 6/10:  45%|████████████████████████████████████                                            | 36/80 [00:01<00:01, 31.51it/s]
Stage1 Epoch 6/10:  50%|████████████████████████████████████████                                        | 40/80 [00:01<00:01, 33.09it/s]
Stage1 Epoch 6/10:  55%|████████████████████████████████████████████                                    | 44/80 [00:01<00:01, 34.39it/s]
Stage1 Epoch 6/10:  60%|████████████████████████████████████████████████                                | 48/80 [00:01<00:00, 32.93it/s]
Stage1 Epoch 6/10:  65%|████████████████████████████████████████████████████                            | 52/80 [00:01<00:00, 33.06it/s]
Stage1 Epoch 6/10:  70%|████████████████████████████████████████████████████████                        | 56/80 [00:01<00:00, 33.97it/s]
Stage1 Epoch 6/10:  75%|████████████████████████████████████████████████████████████                    | 60/80 [00:01<00:00, 35.15it/s]
Stage1 Epoch 6/10:  80%|████████████████████████████████████████████████████████████████                | 64/80 [00:01<00:00, 34.08it/s]
Stage1 Epoch 6/10:  86%|█████████████████████████████████████████████████████████████████████           | 69/80 [00:02<00:00, 38.29it/s]
Stage1 Epoch 6/10:  92%|██████████████████████████████████████████████████████████████████████████      | 74/80 [00:02<00:00, 40.05it/s]
Stage1 Epoch 6/10:  99%|███████████████████████████████████████████████████████████████████████████████ | 79/80 [00:02<00:00, 39.95it/s]
Stage1 Epoch 6/10: 100%|████████████████████████████████████████████████████████████████████████████████| 80/80 [00:02<00:00, 33.84it/s]

Stage1 Epoch 7/10:   0%|                                                                                         | 0/80 [00:00<?, ?it/s]
Stage1 Epoch 7/10:   1%|█                                                                                | 1/80 [00:00<00:15,  5.20it/s]
Stage1 Epoch 7/10:   8%|██████                                                                           | 6/80 [00:00<00:03, 23.98it/s]
Stage1 Epoch 7/10:  14%|███████████                                                                     | 11/80 [00:00<00:02, 32.88it/s]
Stage1 Epoch 7/10:  20%|████████████████                                                                | 16/80 [00:00<00:01, 37.62it/s]
Stage1 Epoch 7/10:  26%|█████████████████████                                                           | 21/80 [00:00<00:01, 39.07it/s]
Stage1 Epoch 7/10:  32%|██████████████████████████                                                      | 26/80 [00:00<00:01, 40.40it/s]
Stage1 Epoch 7/10:  39%|███████████████████████████████                                                 | 31/80 [00:00<00:01, 40.63it/s]
Stage1 Epoch 7/10:  45%|████████████████████████████████████                                            | 36/80 [00:01<00:01, 37.49it/s]
Stage1 Epoch 7/10:  50%|████████████████████████████████████████                                        | 40/80 [00:01<00:01, 37.64it/s]
Stage1 Epoch 7/10:  55%|████████████████████████████████████████████                                    | 44/80 [00:01<00:00, 37.85it/s]
Stage1 Epoch 7/10:  60%|████████████████████████████████████████████████                                | 48/80 [00:01<00:00, 37.96it/s]
Stage1 Epoch 7/10:  65%|████████████████████████████████████████████████████                            | 52/80 [00:01<00:00, 37.85it/s]
Stage1 Epoch 7/10:  70%|████████████████████████████████████████████████████████                        | 56/80 [00:01<00:00, 37.85it/s]
Stage1 Epoch 7/10:  76%|█████████████████████████████████████████████████████████████                   | 61/80 [00:01<00:00, 41.28it/s]
Stage1 Epoch 7/10:  84%|███████████████████████████████████████████████████████████████████             | 67/80 [00:01<00:00, 44.44it/s]
Stage1 Epoch 7/10:  90%|████████████████████████████████████████████████████████████████████████        | 72/80 [00:01<00:00, 43.34it/s]
Stage1 Epoch 7/10:  96%|█████████████████████████████████████████████████████████████████████████████   | 77/80 [00:02<00:00, 40.59it/s]
Stage1 Epoch 7/10: 100%|████████████████████████████████████████████████████████████████████████████████| 80/80 [00:02<00:00, 37.96it/s]

Stage1 Epoch 8/10:   0%|                                                                                         | 0/80 [00:00<?, ?it/s]
Stage1 Epoch 8/10:   1%|█                                                                                | 1/80 [00:00<00:12,  6.21it/s]
Stage1 Epoch 8/10:   8%|██████                                                                           | 6/80 [00:00<00:02, 24.92it/s]
Stage1 Epoch 8/10:  12%|██████████                                                                      | 10/80 [00:00<00:02, 27.94it/s]
Stage1 Epoch 8/10:  18%|██████████████                                                                  | 14/80 [00:00<00:02, 28.38it/s]
Stage1 Epoch 8/10:  22%|██████████████████                                                              | 18/80 [00:00<00:02, 28.74it/s]
Stage1 Epoch 8/10:  28%|██████████████████████                                                          | 22/80 [00:00<00:02, 28.77it/s]
Stage1 Epoch 8/10:  32%|██████████████████████████                                                      | 26/80 [00:00<00:01, 30.87it/s]
Stage1 Epoch 8/10:  38%|██████████████████████████████                                                  | 30/80 [00:01<00:01, 30.55it/s]
Stage1 Epoch 8/10:  44%|███████████████████████████████████                                             | 35/80 [00:01<00:01, 34.16it/s]
Stage1 Epoch 8/10:  50%|████████████████████████████████████████                                        | 40/80 [00:01<00:01, 36.89it/s]
Stage1 Epoch 8/10:  55%|████████████████████████████████████████████                                    | 44/80 [00:01<00:01, 34.80it/s]
Stage1 Epoch 8/10:  60%|████████████████████████████████████████████████                                | 48/80 [00:01<00:00, 34.43it/s]
Stage1 Epoch 8/10:  65%|████████████████████████████████████████████████████                            | 52/80 [00:01<00:00, 35.74it/s]
Stage1 Epoch 8/10:  70%|████████████████████████████████████████████████████████                        | 56/80 [00:01<00:00, 36.40it/s]
Stage1 Epoch 8/10:  75%|████████████████████████████████████████████████████████████                    | 60/80 [00:01<00:00, 36.19it/s]
Stage1 Epoch 8/10:  81%|█████████████████████████████████████████████████████████████████               | 65/80 [00:01<00:00, 39.32it/s]
Stage1 Epoch 8/10:  88%|██████████████████████████████████████████████████████████████████████          | 70/80 [00:02<00:00, 40.53it/s]
Stage1 Epoch 8/10:  94%|███████████████████████████████████████████████████████████████████████████     | 75/80 [00:02<00:00, 41.58it/s]
Stage1 Epoch 8/10: 100%|████████████████████████████████████████████████████████████████████████████████| 80/80 [00:02<00:00, 42.97it/s]
Stage1 Epoch 8/10: 100%|████████████████████████████████████████████████████████████████████████████████| 80/80 [00:02<00:00, 34.31it/s]

Stage1 Epoch 9/10:   0%|                                                                                         | 0/80 [00:00<?, ?it/s]
Stage1 Epoch 9/10:   1%|█                                                                                | 1/80 [00:00<00:12,  6.17it/s]
Stage1 Epoch 9/10:   6%|█████                                                                            | 5/80 [00:00<00:03, 21.38it/s]
Stage1 Epoch 9/10:  11%|█████████                                                                        | 9/80 [00:00<00:02, 27.98it/s]
Stage1 Epoch 9/10:  18%|██████████████                                                                  | 14/80 [00:00<00:01, 34.58it/s]
Stage1 Epoch 9/10:  22%|██████████████████                                                              | 18/80 [00:00<00:01, 32.37it/s]
Stage1 Epoch 9/10:  28%|██████████████████████                                                          | 22/80 [00:00<00:01, 32.68it/s]
Stage1 Epoch 9/10:  32%|██████████████████████████                                                      | 26/80 [00:00<00:01, 33.60it/s]
Stage1 Epoch 9/10:  38%|██████████████████████████████                                                  | 30/80 [00:00<00:01, 32.51it/s]
Stage1 Epoch 9/10:  44%|███████████████████████████████████                                             | 35/80 [00:01<00:01, 36.28it/s]
Stage1 Epoch 9/10:  50%|████████████████████████████████████████                                        | 40/80 [00:01<00:01, 38.88it/s]
Stage1 Epoch 9/10:  56%|█████████████████████████████████████████████                                   | 45/80 [00:01<00:00, 40.99it/s]
Stage1 Epoch 9/10:  62%|██████████████████████████████████████████████████                              | 50/80 [00:01<00:00, 40.07it/s]
Stage1 Epoch 9/10:  69%|███████████████████████████████████████████████████████                         | 55/80 [00:01<00:00, 41.81it/s]
Stage1 Epoch 9/10:  75%|████████████████████████████████████████████████████████████                    | 60/80 [00:01<00:00, 41.99it/s]
Stage1 Epoch 9/10:  81%|█████████████████████████████████████████████████████████████████               | 65/80 [00:01<00:00, 43.66it/s]
Stage1 Epoch 9/10:  88%|██████████████████████████████████████████████████████████████████████          | 70/80 [00:01<00:00, 41.00it/s]
Stage1 Epoch 9/10:  94%|███████████████████████████████████████████████████████████████████████████     | 75/80 [00:02<00:00, 42.60it/s]
Stage1 Epoch 9/10: 100%|████████████████████████████████████████████████████████████████████████████████| 80/80 [00:02<00:00, 37.34it/s]

Stage1 Epoch 10/10:   0%|                                                                                        | 0/80 [00:00<?, ?it/s]
Stage1 Epoch 10/10:   1%|█                                                                               | 1/80 [00:00<00:16,  4.75it/s]
Stage1 Epoch 10/10:   6%|█████                                                                           | 5/80 [00:00<00:04, 17.07it/s]
Stage1 Epoch 10/10:  11%|█████████                                                                       | 9/80 [00:00<00:03, 22.55it/s]
Stage1 Epoch 10/10:  16%|████████████▊                                                                  | 13/80 [00:00<00:02, 25.53it/s]
Stage1 Epoch 10/10:  22%|█████████████████▊                                                             | 18/80 [00:00<00:01, 32.20it/s]
Stage1 Epoch 10/10:  28%|█████████████████████▋                                                         | 22/80 [00:00<00:01, 33.06it/s]
Stage1 Epoch 10/10:  32%|█████████████████████████▋                                                     | 26/80 [00:00<00:01, 33.23it/s]
Stage1 Epoch 10/10:  38%|█████████████████████████████▋                                                 | 30/80 [00:01<00:01, 34.20it/s]
Stage1 Epoch 10/10:  44%|██████████████████████████████████▌                                            | 35/80 [00:01<00:01, 37.40it/s]
Stage1 Epoch 10/10:  50%|███████████████████████████████████████▌                                       | 40/80 [00:01<00:01, 37.39it/s]
Stage1 Epoch 10/10:  56%|████████████████████████████████████████████▍                                  | 45/80 [00:01<00:00, 39.84it/s]
Stage1 Epoch 10/10:  62%|█████████████████████████████████████████████████▍                             | 50/80 [00:01<00:00, 41.17it/s]
Stage1 Epoch 10/10:  69%|██████████████████████████████████████████████████████▎                        | 55/80 [00:01<00:00, 42.38it/s]
Stage1 Epoch 10/10:  75%|███████████████████████████████████████████████████████████▎                   | 60/80 [00:01<00:00, 41.61it/s]
Stage1 Epoch 10/10:  81%|████████████████████████████████████████████████████████████████▏              | 65/80 [00:01<00:00, 43.21it/s]
Stage1 Epoch 10/10:  88%|█████████████████████████████████████████████████████████████████████▏         | 70/80 [00:01<00:00, 42.47it/s]
Stage1 Epoch 10/10:  94%|██████████████████████████████████████████████████████████████████████████     | 75/80 [00:02<00:00, 43.53it/s]
Stage1 Epoch 10/10: 100%|███████████████████████████████████████████████████████████████████████████████| 80/80 [00:02<00:00, 42.41it/s]
Stage1 Epoch 10/10: 100%|███████████████████████████████████████████████████████████████████████████████| 80/80 [00:02<00:00, 35.88it/s]

Stage2 Epoch 1/15:   0%|                                                                                         | 0/80 [00:00<?, ?it/s]
Stage2 Epoch 1/15:   1%|█                                                                                | 1/80 [00:00<00:21,  3.63it/s]
Stage2 Epoch 1/15:   4%|███                                                                              | 3/80 [00:00<00:08,  9.00it/s]
Stage2 Epoch 1/15:   6%|█████                                                                            | 5/80 [00:00<00:06, 12.25it/s]
Stage2 Epoch 1/15:   9%|███████                                                                          | 7/80 [00:00<00:05, 14.32it/s]
Stage2 Epoch 1/15:  11%|█████████                                                                        | 9/80 [00:00<00:04, 15.67it/s]
Stage2 Epoch 1/15:  14%|███████████                                                                     | 11/80 [00:00<00:04, 16.57it/s]
Stage2 Epoch 1/15:  16%|█████████████                                                                   | 13/80 [00:00<00:03, 17.17it/s]
Stage2 Epoch 1/15:  19%|███████████████                                                                 | 15/80 [00:01<00:03, 17.61it/s]
Stage2 Epoch 1/15:  21%|█████████████████                                                               | 17/80 [00:01<00:03, 17.83it/s]
Stage2 Epoch 1/15:  24%|███████████████████                                                             | 19/80 [00:01<00:03, 18.00it/s]
Stage2 Epoch 1/15:  26%|█████████████████████                                                           | 21/80 [00:01<00:03, 18.17it/s]
Stage2 Epoch 1/15:  29%|███████████████████████                                                         | 23/80 [00:01<00:03, 18.30it/s]
Stage2 Epoch 1/15:  31%|█████████████████████████                                                       | 25/80 [00:01<00:02, 18.40it/s]
Stage2 Epoch 1/15:  34%|███████████████████████████                                                     | 27/80 [00:01<00:02, 18.45it/s]
Stage2 Epoch 1/15:  36%|█████████████████████████████                                                   | 29/80 [00:01<00:02, 18.50it/s]
Stage2 Epoch 1/15:  39%|███████████████████████████████                                                 | 31/80 [00:01<00:02, 18.51it/s]
Stage2 Epoch 1/15:  41%|█████████████████████████████████                                               | 33/80 [00:01<00:02, 18.55it/s]
Stage2 Epoch 1/15:  44%|███████████████████████████████████                                             | 35/80 [00:02<00:02, 18.50it/s]
Stage2 Epoch 1/15:  46%|█████████████████████████████████████                                           | 37/80 [00:02<00:02, 18.48it/s]
Stage2 Epoch 1/15:  49%|███████████████████████████████████████                                         | 39/80 [00:02<00:02, 18.49it/s]
Stage2 Epoch 1/15:  51%|█████████████████████████████████████████                                       | 41/80 [00:02<00:02, 18.50it/s]
Stage2 Epoch 1/15:  54%|███████████████████████████████████████████                                     | 43/80 [00:02<00:01, 18.53it/s]
Stage2 Epoch 1/15:  56%|█████████████████████████████████████████████                                   | 45/80 [00:02<00:01, 18.53it/s]
Stage2 Epoch 1/15:  59%|███████████████████████████████████████████████                                 | 47/80 [00:02<00:01, 18.53it/s]
Stage2 Epoch 1/15:  61%|█████████████████████████████████████████████████                               | 49/80 [00:02<00:01, 18.56it/s]
Stage2 Epoch 1/15:  64%|███████████████████████████████████████████████████                             | 51/80 [00:02<00:01, 18.53it/s]
Stage2 Epoch 1/15:  66%|█████████████████████████████████████████████████████                           | 53/80 [00:03<00:01, 18.45it/s]
Stage2 Epoch 1/15:  69%|███████████████████████████████████████████████████████                         | 55/80 [00:03<00:01, 18.44it/s]
Stage2 Epoch 1/15:  71%|█████████████████████████████████████████████████████████                       | 57/80 [00:03<00:01, 18.45it/s]
Stage2 Epoch 1/15:  74%|███████████████████████████████████████████████████████████                     | 59/80 [00:03<00:01, 18.46it/s]
Stage2 Epoch 1/15:  76%|█████████████████████████████████████████████████████████████                   | 61/80 [00:03<00:01, 18.45it/s]
Stage2 Epoch 1/15:  79%|███████████████████████████████████████████████████████████████                 | 63/80 [00:03<00:00, 18.47it/s]
Stage2 Epoch 1/15:  81%|█████████████████████████████████████████████████████████████████               | 65/80 [00:03<00:00, 18.46it/s]
Stage2 Epoch 1/15:  84%|███████████████████████████████████████████████████████████████████             | 67/80 [00:03<00:00, 18.49it/s]
Stage2 Epoch 1/15:  86%|█████████████████████████████████████████████████████████████████████           | 69/80 [00:03<00:00, 18.48it/s]
Stage2 Epoch 1/15:  89%|███████████████████████████████████████████████████████████████████████         | 71/80 [00:04<00:00, 18.46it/s]
Stage2 Epoch 1/15:  91%|█████████████████████████████████████████████████████████████████████████       | 73/80 [00:04<00:00, 18.47it/s]
Stage2 Epoch 1/15:  94%|███████████████████████████████████████████████████████████████████████████     | 75/80 [00:04<00:00, 18.48it/s]
Stage2 Epoch 1/15:  96%|█████████████████████████████████████████████████████████████████████████████   | 77/80 [00:04<00:00, 18.51it/s]
Stage2 Epoch 1/15:  99%|███████████████████████████████████████████████████████████████████████████████ | 79/80 [00:04<00:00, 18.52it/s]
Stage2 Epoch 1/15: 100%|████████████████████████████████████████████████████████████████████████████████| 80/80 [00:04<00:00, 17.52it/s]

Stage2 Epoch 2/15:   0%|                                                                                         | 0/80 [00:00<?, ?it/s]
Stage2 Epoch 2/15:   1%|█                                                                                | 1/80 [00:00<00:15,  5.06it/s]
Stage2 Epoch 2/15:   4%|███                                                                              | 3/80 [00:00<00:07, 10.95it/s]
Stage2 Epoch 2/15:   6%|█████                                                                            | 5/80 [00:00<00:05, 13.88it/s]
Stage2 Epoch 2/15:   9%|███████                                                                          | 7/80 [00:00<00:04, 15.55it/s]
Stage2 Epoch 2/15:  11%|█████████                                                                        | 9/80 [00:00<00:04, 16.55it/s]
Stage2 Epoch 2/15:  14%|███████████                                                                     | 11/80 [00:00<00:04, 17.22it/s]
Stage2 Epoch 2/15:  16%|█████████████                                                                   | 13/80 [00:00<00:03, 17.64it/s]
Stage2 Epoch 2/15:  19%|███████████████                                                                 | 15/80 [00:00<00:03, 17.94it/s]
Stage2 Epoch 2/15:  21%|█████████████████                                                               | 17/80 [00:01<00:03, 18.02it/s]
Stage2 Epoch 2/15:  24%|███████████████████                                                             | 19/80 [00:01<00:03, 18.13it/s]
Stage2 Epoch 2/15:  26%|█████████████████████                                                           | 21/80 [00:01<00:03, 18.27it/s]
Stage2 Epoch 2/15:  29%|███████████████████████                                                         | 23/80 [00:01<00:03, 18.35it/s]
Stage2 Epoch 2/15:  31%|█████████████████████████                                                       | 25/80 [00:01<00:02, 18.42it/s]
Stage2 Epoch 2/15:  34%|███████████████████████████                                                     | 27/80 [00:01<00:02, 18.47it/s]
Stage2 Epoch 2/15:  36%|█████████████████████████████                                                   | 29/80 [00:01<00:02, 18.51it/s]
Stage2 Epoch 2/15:  39%|███████████████████████████████                                                 | 31/80 [00:01<00:02, 18.52it/s]
Stage2 Epoch 2/15:  41%|█████████████████████████████████                                               | 33/80 [00:01<00:02, 18.51it/s]
Stage2 Epoch 2/15:  44%|███████████████████████████████████                                             | 35/80 [00:02<00:02, 18.45it/s]
Stage2 Epoch 2/15:  46%|█████████████████████████████████████                                           | 37/80 [00:02<00:02, 18.43it/s]
Stage2 Epoch 2/15:  49%|███████████████████████████████████████                                         | 39/80 [00:02<00:02, 18.44it/s]
Stage2 Epoch 2/15:  51%|█████████████████████████████████████████                                       | 41/80 [00:02<00:02, 18.48it/s]
Stage2 Epoch 2/15:  54%|███████████████████████████████████████████                                     | 43/80 [00:02<00:02, 18.49it/s]
Stage2 Epoch 2/15:  56%|█████████████████████████████████████████████                                   | 45/80 [00:02<00:01, 18.53it/s]
Stage2 Epoch 2/15:  59%|███████████████████████████████████████████████                                 | 47/80 [00:02<00:01, 18.54it/s]
Stage2 Epoch 2/15:  61%|█████████████████████████████████████████████████                               | 49/80 [00:02<00:01, 18.54it/s]
Stage2 Epoch 2/15:  64%|███████████████████████████████████████████████████                             | 51/80 [00:02<00:01, 18.54it/s]
Stage2 Epoch 2/15:  66%|█████████████████████████████████████████████████████                           | 53/80 [00:03<00:01, 18.49it/s]
Stage2 Epoch 2/15:  69%|███████████████████████████████████████████████████████                         | 55/80 [00:03<00:01, 18.47it/s]
Stage2 Epoch 2/15:  71%|█████████████████████████████████████████████████████████                       | 57/80 [00:03<00:01, 18.44it/s]
Stage2 Epoch 2/15:  74%|███████████████████████████████████████████████████████████                     | 59/80 [00:03<00:01, 18.45it/s]
Stage2 Epoch 2/15:  76%|█████████████████████████████████████████████████████████████                   | 61/80 [00:03<00:01, 18.46it/s]
Stage2 Epoch 2/15:  79%|███████████████████████████████████████████████████████████████                 | 63/80 [00:03<00:00, 18.47it/s]
Stage2 Epoch 2/15:  81%|█████████████████████████████████████████████████████████████████               | 65/80 [00:03<00:00, 18.48it/s]
Stage2 Epoch 2/15:  84%|███████████████████████████████████████████████████████████████████             | 67/80 [00:03<00:00, 18.46it/s]
Stage2 Epoch 2/15:  86%|█████████████████████████████████████████████████████████████████████           | 69/80 [00:03<00:00, 18.43it/s]
Stage2 Epoch 2/15:  89%|███████████████████████████████████████████████████████████████████████         | 71/80 [00:03<00:00, 18.40it/s]
Stage2 Epoch 2/15:  91%|█████████████████████████████████████████████████████████████████████████       | 73/80 [00:04<00:00, 18.40it/s]
Stage2 Epoch 2/15:  94%|███████████████████████████████████████████████████████████████████████████     | 75/80 [00:04<00:00, 18.45it/s]
Stage2 Epoch 2/15:  96%|█████████████████████████████████████████████████████████████████████████████   | 77/80 [00:04<00:00, 18.47it/s]
Stage2 Epoch 2/15:  99%|███████████████████████████████████████████████████████████████████████████████ | 79/80 [00:04<00:00, 18.50it/s]
Stage2 Epoch 2/15: 100%|████████████████████████████████████████████████████████████████████████████████| 80/80 [00:04<00:00, 17.81it/s]

Stage2 Epoch 3/15:   0%|                                                                                         | 0/80 [00:00<?, ?it/s]
Stage2 Epoch 3/15:   1%|█                                                                                | 1/80 [00:00<00:16,  4.68it/s]
Stage2 Epoch 3/15:   4%|███                                                                              | 3/80 [00:00<00:07, 10.48it/s]
Stage2 Epoch 3/15:   6%|█████                                                                            | 5/80 [00:00<00:05, 13.52it/s]
Stage2 Epoch 3/15:   9%|███████                                                                          | 7/80 [00:00<00:04, 15.28it/s]
Stage2 Epoch 3/15:  11%|█████████                                                                        | 9/80 [00:00<00:04, 16.39it/s]
Stage2 Epoch 3/15:  14%|███████████                                                                     | 11/80 [00:00<00:04, 17.12it/s]
Stage2 Epoch 3/15:  16%|█████████████                                                                   | 13/80 [00:00<00:03, 17.59it/s]
Stage2 Epoch 3/15:  19%|███████████████                                                                 | 15/80 [00:00<00:03, 17.89it/s]
Stage2 Epoch 3/15:  21%|█████████████████                                                               | 17/80 [00:01<00:03, 17.99it/s]
Stage2 Epoch 3/15:  24%|███████████████████                                                             | 19/80 [00:01<00:03, 18.15it/s]
Stage2 Epoch 3/15:  26%|█████████████████████                                                           | 21/80 [00:01<00:03, 18.26it/s]
Stage2 Epoch 3/15:  29%|███████████████████████                                                         | 23/80 [00:01<00:03, 18.33it/s]
Stage2 Epoch 3/15:  31%|█████████████████████████                                                       | 25/80 [00:01<00:02, 18.39it/s]
Stage2 Epoch 3/15:  34%|███████████████████████████                                                     | 27/80 [00:01<00:02, 18.44it/s]
Stage2 Epoch 3/15:  36%|█████████████████████████████                                                   | 29/80 [00:01<00:02, 18.46it/s]
Stage2 Epoch 3/15:  39%|███████████████████████████████                                                 | 31/80 [00:01<00:02, 18.50it/s]
Stage2 Epoch 3/15:  41%|█████████████████████████████████                                               | 33/80 [00:01<00:02, 18.48it/s]
Stage2 Epoch 3/15:  44%|███████████████████████████████████                                             | 35/80 [00:02<00:02, 18.44it/s]
Stage2 Epoch 3/15:  46%|█████████████████████████████████████                                           | 37/80 [00:02<00:02, 18.43it/s]
Stage2 Epoch 3/15:  49%|███████████████████████████████████████                                         | 39/80 [00:02<00:02, 18.45it/s]
Stage2 Epoch 3/15:  51%|█████████████████████████████████████████                                       | 41/80 [00:02<00:02, 18.46it/s]
Stage2 Epoch 3/15:  54%|███████████████████████████████████████████                                     | 43/80 [00:02<00:02, 18.47it/s]
Stage2 Epoch 3/15:  56%|█████████████████████████████████████████████                                   | 45/80 [00:02<00:01, 18.49it/s]
Stage2 Epoch 3/15:  59%|███████████████████████████████████████████████                                 | 47/80 [00:02<00:01, 18.51it/s]
Stage2 Epoch 3/15:  61%|█████████████████████████████████████████████████                               | 49/80 [00:02<00:01, 18.53it/s]
Stage2 Epoch 3/15:  64%|███████████████████████████████████████████████████                             | 51/80 [00:02<00:01, 18.52it/s]
Stage2 Epoch 3/15:  66%|█████████████████████████████████████████████████████                           | 53/80 [00:03<00:01, 18.50it/s]
Stage2 Epoch 3/15:  69%|███████████████████████████████████████████████████████                         | 55/80 [00:03<00:01, 18.51it/s]
Stage2 Epoch 3/15:  71%|█████████████████████████████████████████████████████████                       | 57/80 [00:03<00:01, 18.50it/s]
Stage2 Epoch 3/15:  74%|███████████████████████████████████████████████████████████                     | 59/80 [00:03<00:01, 18.50it/s]
Stage2 Epoch 3/15:  76%|█████████████████████████████████████████████████████████████                   | 61/80 [00:03<00:01, 18.48it/s]
Stage2 Epoch 3/15:  79%|███████████████████████████████████████████████████████████████                 | 63/80 [00:03<00:00, 18.48it/s]
Stage2 Epoch 3/15:  81%|█████████████████████████████████████████████████████████████████               | 65/80 [00:03<00:00, 18.52it/s]
Stage2 Epoch 3/15:  84%|███████████████████████████████████████████████████████████████████             | 67/80 [00:03<00:00, 18.53it/s]
Stage2 Epoch 3/15:  86%|█████████████████████████████████████████████████████████████████████           | 69/80 [00:03<00:00, 18.52it/s]
Stage2 Epoch 3/15:  89%|███████████████████████████████████████████████████████████████████████         | 71/80 [00:03<00:00, 18.48it/s]
Stage2 Epoch 3/15:  91%|█████████████████████████████████████████████████████████████████████████       | 73/80 [00:04<00:00, 18.43it/s]
Stage2 Epoch 3/15:  94%|███████████████████████████████████████████████████████████████████████████     | 75/80 [00:04<00:00, 18.45it/s]
Stage2 Epoch 3/15:  96%|█████████████████████████████████████████████████████████████████████████████   | 77/80 [00:04<00:00, 18.46it/s]
Stage2 Epoch 3/15:  99%|███████████████████████████████████████████████████████████████████████████████ | 79/80 [00:04<00:00, 18.50it/s]
Stage2 Epoch 3/15: 100%|████████████████████████████████████████████████████████████████████████████████| 80/80 [00:04<00:00, 17.77it/s]

Stage2 Epoch 4/15:   0%|                                                                                         | 0/80 [00:00<?, ?it/s]
Stage2 Epoch 4/15:   1%|█                                                                                | 1/80 [00:00<00:15,  5.00it/s]
Stage2 Epoch 4/15:   4%|███                                                                              | 3/80 [00:00<00:07, 10.87it/s]
Stage2 Epoch 4/15:   6%|█████                                                                            | 5/80 [00:00<00:05, 13.80it/s]
Stage2 Epoch 4/15:   9%|███████                                                                          | 7/80 [00:00<00:04, 15.47it/s]
Stage2 Epoch 4/15:  11%|█████████                                                                        | 9/80 [00:00<00:04, 16.52it/s]
Stage2 Epoch 4/15:  14%|███████████                                                                     | 11/80 [00:00<00:04, 17.18it/s]
Stage2 Epoch 4/15:  16%|█████████████                                                                   | 13/80 [00:00<00:03, 17.63it/s]
Stage2 Epoch 4/15:  19%|███████████████                                                                 | 15/80 [00:00<00:03, 17.94it/s]
Stage2 Epoch 4/15:  21%|█████████████████                                                               | 17/80 [00:01<00:03, 18.03it/s]
Stage2 Epoch 4/15:  24%|███████████████████                                                             | 19/80 [00:01<00:03, 18.15it/s]
Stage2 Epoch 4/15:  26%|█████████████████████                                                           | 21/80 [00:01<00:03, 18.26it/s]
Stage2 Epoch 4/15:  29%|███████████████████████                                                         | 23/80 [00:01<00:03, 18.34it/s]
Stage2 Epoch 4/15:  31%|█████████████████████████                                                       | 25/80 [00:01<00:02, 18.42it/s]
Stage2 Epoch 4/15:  34%|███████████████████████████                                                     | 27/80 [00:01<00:02, 18.46it/s]
Stage2 Epoch 4/15:  36%|█████████████████████████████                                                   | 29/80 [00:01<00:02, 18.50it/s]
Stage2 Epoch 4/15:  39%|███████████████████████████████                                                 | 31/80 [00:01<00:02, 18.50it/s]
Stage2 Epoch 4/15:  41%|█████████████████████████████████                                               | 33/80 [00:01<00:02, 18.51it/s]
Stage2 Epoch 4/15:  44%|███████████████████████████████████                                             | 35/80 [00:02<00:02, 18.46it/s]
Stage2 Epoch 4/15:  46%|█████████████████████████████████████                                           | 37/80 [00:02<00:02, 18.44it/s]
Stage2 Epoch 4/15:  49%|███████████████████████████████████████                                         | 39/80 [00:02<00:02, 18.45it/s]
Stage2 Epoch 4/15:  51%|█████████████████████████████████████████                                       | 41/80 [00:02<00:02, 18.47it/s]
Stage2 Epoch 4/15:  54%|███████████████████████████████████████████                                     | 43/80 [00:02<00:02, 18.48it/s]
Stage2 Epoch 4/15:  56%|█████████████████████████████████████████████                                   | 45/80 [00:02<00:01, 18.50it/s]
Stage2 Epoch 4/15:  59%|███████████████████████████████████████████████                                 | 47/80 [00:02<00:01, 18.51it/s]
Stage2 Epoch 4/15:  61%|█████████████████████████████████████████████████                               | 49/80 [00:02<00:01, 18.54it/s]
Stage2 Epoch 4/15:  64%|███████████████████████████████████████████████████                             | 51/80 [00:02<00:01, 18.52it/s]
Stage2 Epoch 4/15:  66%|█████████████████████████████████████████████████████                           | 53/80 [00:03<00:01, 18.49it/s]
Stage2 Epoch 4/15:  69%|███████████████████████████████████████████████████████                         | 55/80 [00:03<00:01, 18.48it/s]
Stage2 Epoch 4/15:  71%|█████████████████████████████████████████████████████████                       | 57/80 [00:03<00:01, 18.47it/s]
Stage2 Epoch 4/15:  74%|███████████████████████████████████████████████████████████                     | 59/80 [00:03<00:01, 18.48it/s]
Stage2 Epoch 4/15:  76%|█████████████████████████████████████████████████████████████                   | 61/80 [00:03<00:01, 18.49it/s]
Stage2 Epoch 4/15:  79%|███████████████████████████████████████████████████████████████                 | 63/80 [00:03<00:00, 18.51it/s]
Stage2 Epoch 4/15:  81%|█████████████████████████████████████████████████████████████████               | 65/80 [00:03<00:00, 18.52it/s]
Stage2 Epoch 4/15:  84%|███████████████████████████████████████████████████████████████████             | 67/80 [00:03<00:00, 18.50it/s]
Stage2 Epoch 4/15:  86%|█████████████████████████████████████████████████████████████████████           | 69/80 [00:03<00:00, 18.50it/s]
Stage2 Epoch 4/15:  89%|███████████████████████████████████████████████████████████████████████         | 71/80 [00:03<00:00, 18.48it/s]
Stage2 Epoch 4/15:  91%|█████████████████████████████████████████████████████████████████████████       | 73/80 [00:04<00:00, 18.46it/s]
Stage2 Epoch 4/15:  94%|███████████████████████████████████████████████████████████████████████████     | 75/80 [00:04<00:00, 18.47it/s]
Stage2 Epoch 4/15:  96%|█████████████████████████████████████████████████████████████████████████████   | 77/80 [00:04<00:00, 18.48it/s]
Stage2 Epoch 4/15:  99%|███████████████████████████████████████████████████████████████████████████████ | 79/80 [00:04<00:00, 18.51it/s]
Stage2 Epoch 4/15: 100%|████████████████████████████████████████████████████████████████████████████████| 80/80 [00:04<00:00, 17.80it/s]

Stage2 Epoch 5/15:   0%|                                                                                         | 0/80 [00:00<?, ?it/s]
Stage2 Epoch 5/15:   1%|█                                                                                | 1/80 [00:00<00:17,  4.53it/s]
Stage2 Epoch 5/15:   4%|███                                                                              | 3/80 [00:00<00:07, 10.26it/s]
Stage2 Epoch 5/15:   6%|█████                                                                            | 5/80 [00:00<00:05, 13.34it/s]
Stage2 Epoch 5/15:   9%|███████                                                                          | 7/80 [00:00<00:04, 15.14it/s]
Stage2 Epoch 5/15:  11%|█████████                                                                        | 9/80 [00:00<00:04, 16.29it/s]
Stage2 Epoch 5/15:  14%|███████████                                                                     | 11/80 [00:00<00:04, 17.05it/s]
Stage2 Epoch 5/15:  16%|█████████████                                                                   | 13/80 [00:00<00:03, 17.52it/s]
Stage2 Epoch 5/15:  19%|███████████████                                                                 | 15/80 [00:00<00:03, 17.86it/s]
Stage2 Epoch 5/15:  21%|█████████████████                                                               | 17/80 [00:01<00:03, 17.93it/s]
Stage2 Epoch 5/15:  24%|███████████████████                                                             | 19/80 [00:01<00:03, 18.07it/s]
Stage2 Epoch 5/15:  26%|█████████████████████                                                           | 21/80 [00:01<00:03, 18.20it/s]
Stage2 Epoch 5/15:  29%|███████████████████████                                                         | 23/80 [00:01<00:03, 18.29it/s]
Stage2 Epoch 5/15:  31%|█████████████████████████                                                       | 25/80 [00:01<00:02, 18.39it/s]
Stage2 Epoch 5/15:  34%|███████████████████████████                                                     | 27/80 [00:01<00:02, 18.45it/s]
Stage2 Epoch 5/15:  36%|█████████████████████████████                                                   | 29/80 [00:01<00:02, 18.49it/s]
Stage2 Epoch 5/15:  39%|███████████████████████████████                                                 | 31/80 [00:01<00:02, 18.52it/s]
Stage2 Epoch 5/15:  41%|█████████████████████████████████                                               | 33/80 [00:01<00:02, 18.52it/s]
Stage2 Epoch 5/15:  44%|███████████████████████████████████                                             | 35/80 [00:02<00:02, 18.46it/s]
Stage2 Epoch 5/15:  46%|█████████████████████████████████████                                           | 37/80 [00:02<00:02, 18.43it/s]
Stage2 Epoch 5/15:  49%|███████████████████████████████████████                                         | 39/80 [00:02<00:02, 18.44it/s]
Stage2 Epoch 5/15:  51%|█████████████████████████████████████████                                       | 41/80 [00:02<00:02, 18.44it/s]
Stage2 Epoch 5/15:  54%|███████████████████████████████████████████                                     | 43/80 [00:02<00:02, 18.45it/s]
Stage2 Epoch 5/15:  56%|█████████████████████████████████████████████                                   | 45/80 [00:02<00:01, 18.49it/s]
Stage2 Epoch 5/15:  59%|███████████████████████████████████████████████                                 | 47/80 [00:02<00:01, 18.49it/s]
Stage2 Epoch 5/15:  61%|█████████████████████████████████████████████████                               | 49/80 [00:02<00:01, 18.50it/s]
Stage2 Epoch 5/15:  64%|███████████████████████████████████████████████████                             | 51/80 [00:02<00:01, 18.49it/s]
Stage2 Epoch 5/15:  66%|█████████████████████████████████████████████████████                           | 53/80 [00:03<00:01, 18.45it/s]
Stage2 Epoch 5/15:  69%|███████████████████████████████████████████████████████                         | 55/80 [00:03<00:01, 18.42it/s]
Stage2 Epoch 5/15:  71%|█████████████████████████████████████████████████████████                       | 57/80 [00:03<00:01, 18.42it/s]
Stage2 Epoch 5/15:  74%|███████████████████████████████████████████████████████████                     | 59/80 [00:03<00:01, 18.46it/s]
Stage2 Epoch 5/15:  76%|█████████████████████████████████████████████████████████████                   | 61/80 [00:03<00:01, 18.45it/s]
Stage2 Epoch 5/15:  79%|███████████████████████████████████████████████████████████████                 | 63/80 [00:03<00:00, 18.49it/s]
Stage2 Epoch 5/15:  81%|█████████████████████████████████████████████████████████████████               | 65/80 [00:03<00:00, 18.50it/s]
Stage2 Epoch 5/15:  84%|███████████████████████████████████████████████████████████████████             | 67/80 [00:03<00:00, 18.50it/s]
Stage2 Epoch 5/15:  86%|█████████████████████████████████████████████████████████████████████           | 69/80 [00:03<00:00, 18.51it/s]
Stage2 Epoch 5/15:  89%|███████████████████████████████████████████████████████████████████████         | 71/80 [00:04<00:00, 18.44it/s]
Stage2 Epoch 5/15:  91%|█████████████████████████████████████████████████████████████████████████       | 73/80 [00:04<00:00, 18.41it/s]
Stage2 Epoch 5/15:  94%|███████████████████████████████████████████████████████████████████████████     | 75/80 [00:04<00:00, 18.44it/s]
Stage2 Epoch 5/15:  96%|█████████████████████████████████████████████████████████████████████████████   | 77/80 [00:04<00:00, 18.46it/s]
Stage2 Epoch 5/15:  99%|███████████████████████████████████████████████████████████████████████████████ | 79/80 [00:04<00:00, 18.49it/s]
Stage2 Epoch 5/15: 100%|████████████████████████████████████████████████████████████████████████████████| 80/80 [00:04<00:00, 17.71it/s]

Stage2 Epoch 6/15:   0%|                                                                                         | 0/80 [00:00<?, ?it/s]
Stage2 Epoch 6/15:   1%|█                                                                                | 1/80 [00:00<00:15,  5.11it/s]
Stage2 Epoch 6/15:   4%|███                                                                              | 3/80 [00:00<00:06, 11.03it/s]
Stage2 Epoch 6/15:   6%|█████                                                                            | 5/80 [00:00<00:05, 13.94it/s]
Stage2 Epoch 6/15:   9%|███████                                                                          | 7/80 [00:00<00:04, 15.57it/s]
Stage2 Epoch 6/15:  11%|█████████                                                                        | 9/80 [00:00<00:04, 16.57it/s]
Stage2 Epoch 6/15:  14%|███████████                                                                     | 11/80 [00:00<00:04, 17.21it/s]
Stage2 Epoch 6/15:  16%|█████████████                                                                   | 13/80 [00:00<00:03, 17.65it/s]
Stage2 Epoch 6/15:  19%|███████████████                                                                 | 15/80 [00:00<00:03, 17.93it/s]
Stage2 Epoch 6/15:  21%|█████████████████                                                               | 17/80 [00:01<00:03, 17.98it/s]
Stage2 Epoch 6/15:  24%|███████████████████                                                             | 19/80 [00:01<00:03, 18.14it/s]
Stage2 Epoch 6/15:  26%|█████████████████████                                                           | 21/80 [00:01<00:03, 18.25it/s]
Stage2 Epoch 6/15:  29%|███████████████████████                                                         | 23/80 [00:01<00:03, 18.34it/s]
Stage2 Epoch 6/15:  31%|█████████████████████████                                                       | 25/80 [00:01<00:02, 18.39it/s]
Stage2 Epoch 6/15:  34%|███████████████████████████                                                     | 27/80 [00:01<00:02, 18.44it/s]
Stage2 Epoch 6/15:  36%|█████████████████████████████                                                   | 29/80 [00:01<00:02, 18.47it/s]
Stage2 Epoch 6/15:  39%|███████████████████████████████                                                 | 31/80 [00:01<00:02, 18.49it/s]
Stage2 Epoch 6/15:  41%|█████████████████████████████████                                               | 33/80 [00:01<00:02, 18.50it/s]
Stage2 Epoch 6/15:  44%|███████████████████████████████████                                             | 35/80 [00:02<00:02, 18.45it/s]
Stage2 Epoch 6/15:  46%|█████████████████████████████████████                                           | 37/80 [00:02<00:02, 18.45it/s]
Stage2 Epoch 6/15:  49%|███████████████████████████████████████                                         | 39/80 [00:02<00:02, 18.47it/s]
Stage2 Epoch 6/15:  51%|█████████████████████████████████████████                                       | 41/80 [00:02<00:02, 18.46it/s]
Stage2 Epoch 6/15:  54%|███████████████████████████████████████████                                     | 43/80 [00:02<00:01, 18.51it/s]
Stage2 Epoch 6/15:  56%|█████████████████████████████████████████████                                   | 45/80 [00:02<00:01, 18.49it/s]
Stage2 Epoch 6/15:  59%|███████████████████████████████████████████████                                 | 47/80 [00:02<00:01, 18.50it/s]
Stage2 Epoch 6/15:  61%|█████████████████████████████████████████████████                               | 49/80 [00:02<00:01, 18.49it/s]
Stage2 Epoch 6/15:  64%|███████████████████████████████████████████████████                             | 51/80 [00:02<00:01, 18.48it/s]
Stage2 Epoch 6/15:  66%|█████████████████████████████████████████████████████                           | 53/80 [00:03<00:01, 18.47it/s]
Stage2 Epoch 6/15:  69%|███████████████████████████████████████████████████████                         | 55/80 [00:03<00:01, 18.45it/s]
Stage2 Epoch 6/15:  71%|█████████████████████████████████████████████████████████                       | 57/80 [00:03<00:01, 18.46it/s]
Stage2 Epoch 6/15:  74%|███████████████████████████████████████████████████████████                     | 59/80 [00:03<00:01, 18.46it/s]
Stage2 Epoch 6/15:  76%|█████████████████████████████████████████████████████████████                   | 61/80 [00:03<00:01, 18.47it/s]
Stage2 Epoch 6/15:  79%|███████████████████████████████████████████████████████████████                 | 63/80 [00:03<00:00, 18.50it/s]
Stage2 Epoch 6/15:  81%|█████████████████████████████████████████████████████████████████               | 65/80 [00:03<00:00, 18.51it/s]
Stage2 Epoch 6/15:  84%|███████████████████████████████████████████████████████████████████             | 67/80 [00:03<00:00, 18.51it/s]
Stage2 Epoch 6/15:  86%|█████████████████████████████████████████████████████████████████████           | 69/80 [00:03<00:00, 18.49it/s]
Stage2 Epoch 6/15:  89%|███████████████████████████████████████████████████████████████████████         | 71/80 [00:03<00:00, 18.47it/s]
Stage2 Epoch 6/15:  91%|█████████████████████████████████████████████████████████████████████████       | 73/80 [00:04<00:00, 18.46it/s]
Stage2 Epoch 6/15:  94%|███████████████████████████████████████████████████████████████████████████     | 75/80 [00:04<00:00, 18.46it/s]
Stage2 Epoch 6/15:  96%|█████████████████████████████████████████████████████████████████████████████   | 77/80 [00:04<00:00, 18.50it/s]
Stage2 Epoch 6/15:  99%|███████████████████████████████████████████████████████████████████████████████ | 79/80 [00:04<00:00, 18.50it/s]
Stage2 Epoch 6/15: 100%|████████████████████████████████████████████████████████████████████████████████| 80/80 [00:04<00:00, 17.81it/s]

Stage2 Epoch 7/15:   0%|                                                                                         | 0/80 [00:00<?, ?it/s]
Stage2 Epoch 7/15:   1%|█                                                                                | 1/80 [00:00<00:15,  5.02it/s]
Stage2 Epoch 7/15:   4%|███                                                                              | 3/80 [00:00<00:07, 10.87it/s]
Stage2 Epoch 7/15:   6%|█████                                                                            | 5/80 [00:00<00:05, 13.79it/s]
Stage2 Epoch 7/15:   9%|███████                                                                          | 7/80 [00:00<00:04, 15.47it/s]
Stage2 Epoch 7/15:  11%|█████████                                                                        | 9/80 [00:00<00:04, 16.51it/s]
Stage2 Epoch 7/15:  14%|███████████                                                                     | 11/80 [00:00<00:04, 17.19it/s]
Stage2 Epoch 7/15:  16%|█████████████                                                                   | 13/80 [00:00<00:03, 17.62it/s]
Stage2 Epoch 7/15:  19%|███████████████                                                                 | 15/80 [00:00<00:03, 17.92it/s]
Stage2 Epoch 7/15:  21%|█████████████████                                                               | 17/80 [00:01<00:03, 17.94it/s]
Stage2 Epoch 7/15:  24%|███████████████████                                                             | 19/80 [00:01<00:03, 18.07it/s]
Stage2 Epoch 7/15:  26%|█████████████████████                                                           | 21/80 [00:01<00:03, 18.20it/s]
Stage2 Epoch 7/15:  29%|███████████████████████                                                         | 23/80 [00:01<00:03, 18.30it/s]
Stage2 Epoch 7/15:  31%|█████████████████████████                                                       | 25/80 [00:01<00:02, 18.38it/s]
Stage2 Epoch 7/15:  34%|███████████████████████████                                                     | 27/80 [00:01<00:02, 18.42it/s]
Stage2 Epoch 7/15:  36%|█████████████████████████████                                                   | 29/80 [00:01<00:02, 18.47it/s]
Stage2 Epoch 7/15:  39%|███████████████████████████████                                                 | 31/80 [00:01<00:02, 18.49it/s]
Stage2 Epoch 7/15:  41%|█████████████████████████████████                                               | 33/80 [00:01<00:02, 18.49it/s]
Stage2 Epoch 7/15:  44%|███████████████████████████████████                                             | 35/80 [00:02<00:02, 18.41it/s]
Stage2 Epoch 7/15:  46%|█████████████████████████████████████                                           | 37/80 [00:02<00:02, 18.40it/s]
Stage2 Epoch 7/15:  49%|███████████████████████████████████████                                         | 39/80 [00:02<00:02, 18.42it/s]
Stage2 Epoch 7/15:  51%|█████████████████████████████████████████                                       | 41/80 [00:02<00:02, 18.46it/s]
Stage2 Epoch 7/15:  54%|███████████████████████████████████████████                                     | 43/80 [00:02<00:02, 18.49it/s]
Stage2 Epoch 7/15:  56%|█████████████████████████████████████████████                                   | 45/80 [00:02<00:01, 18.50it/s]
Stage2 Epoch 7/15:  59%|███████████████████████████████████████████████                                 | 47/80 [00:02<00:01, 18.51it/s]
Stage2 Epoch 7/15:  61%|█████████████████████████████████████████████████                               | 49/80 [00:02<00:01, 18.53it/s]
Stage2 Epoch 7/15:  64%|███████████████████████████████████████████████████                             | 51/80 [00:02<00:01, 18.53it/s]
Stage2 Epoch 7/15:  66%|█████████████████████████████████████████████████████                           | 53/80 [00:03<00:01, 18.48it/s]
Stage2 Epoch 7/15:  69%|███████████████████████████████████████████████████████                         | 55/80 [00:03<00:01, 18.46it/s]
Stage2 Epoch 7/15:  71%|█████████████████████████████████████████████████████████                       | 57/80 [00:03<00:01, 18.44it/s]
Stage2 Epoch 7/15:  74%|███████████████████████████████████████████████████████████                     | 59/80 [00:03<00:01, 18.45it/s]
Stage2 Epoch 7/15:  76%|█████████████████████████████████████████████████████████████                   | 61/80 [00:03<00:01, 18.46it/s]
Stage2 Epoch 7/15:  79%|███████████████████████████████████████████████████████████████                 | 63/80 [00:03<00:00, 18.48it/s]
Stage2 Epoch 7/15:  81%|█████████████████████████████████████████████████████████████████               | 65/80 [00:03<00:00, 18.51it/s]
Stage2 Epoch 7/15:  84%|███████████████████████████████████████████████████████████████████             | 67/80 [00:03<00:00, 18.51it/s]
Stage2 Epoch 7/15:  86%|█████████████████████████████████████████████████████████████████████           | 69/80 [00:03<00:00, 18.50it/s]
Stage2 Epoch 7/15:  89%|███████████████████████████████████████████████████████████████████████         | 71/80 [00:03<00:00, 18.48it/s]
Stage2 Epoch 7/15:  91%|█████████████████████████████████████████████████████████████████████████       | 73/80 [00:04<00:00, 18.45it/s]
Stage2 Epoch 7/15:  94%|███████████████████████████████████████████████████████████████████████████     | 75/80 [00:04<00:00, 18.46it/s]
Stage2 Epoch 7/15:  96%|█████████████████████████████████████████████████████████████████████████████   | 77/80 [00:04<00:00, 18.47it/s]
Stage2 Epoch 7/15:  99%|███████████████████████████████████████████████████████████████████████████████ | 79/80 [00:04<00:00, 18.48it/s]
Stage2 Epoch 7/15: 100%|████████████████████████████████████████████████████████████████████████████████| 80/80 [00:04<00:00, 17.79it/s]

Stage2 Epoch 8/15:   0%|                                                                                         | 0/80 [00:00<?, ?it/s]
Stage2 Epoch 8/15:   1%|█                                                                                | 1/80 [00:00<00:16,  4.80it/s]
Stage2 Epoch 8/15:   4%|███                                                                              | 3/80 [00:00<00:07, 10.61it/s]
Stage2 Epoch 8/15:   6%|█████                                                                            | 5/80 [00:00<00:05, 13.58it/s]
Stage2 Epoch 8/15:   9%|███████                                                                          | 7/80 [00:00<00:04, 15.28it/s]
Stage2 Epoch 8/15:  11%|█████████                                                                        | 9/80 [00:00<00:04, 16.38it/s]
Stage2 Epoch 8/15:  14%|███████████                                                                     | 11/80 [00:00<00:04, 17.08it/s]
Stage2 Epoch 8/15:  16%|█████████████                                                                   | 13/80 [00:00<00:03, 17.55it/s]
Stage2 Epoch 8/15:  19%|███████████████                                                                 | 15/80 [00:00<00:03, 17.88it/s]
Stage2 Epoch 8/15:  21%|█████████████████                                                               | 17/80 [00:01<00:03, 17.97it/s]
Stage2 Epoch 8/15:  24%|███████████████████                                                             | 19/80 [00:01<00:03, 18.14it/s]
Stage2 Epoch 8/15:  26%|█████████████████████                                                           | 21/80 [00:01<00:03, 18.24it/s]
Stage2 Epoch 8/15:  29%|███████████████████████                                                         | 23/80 [00:01<00:03, 18.32it/s]
Stage2 Epoch 8/15:  31%|█████████████████████████                                                       | 25/80 [00:01<00:02, 18.37it/s]
Stage2 Epoch 8/15:  34%|███████████████████████████                                                     | 27/80 [00:01<00:02, 18.42it/s]
Stage2 Epoch 8/15:  36%|█████████████████████████████                                                   | 29/80 [00:01<00:02, 18.47it/s]
Stage2 Epoch 8/15:  39%|███████████████████████████████                                                 | 31/80 [00:01<00:02, 18.49it/s]
Stage2 Epoch 8/15:  41%|█████████████████████████████████                                               | 33/80 [00:01<00:02, 18.51it/s]
Stage2 Epoch 8/15:  44%|███████████████████████████████████                                             | 35/80 [00:02<00:02, 18.47it/s]
Stage2 Epoch 8/15:  46%|█████████████████████████████████████                                           | 37/80 [00:02<00:02, 18.45it/s]
Stage2 Epoch 8/15:  49%|███████████████████████████████████████                                         | 39/80 [00:02<00:02, 18.44it/s]
Stage2 Epoch 8/15:  51%|█████████████████████████████████████████                                       | 41/80 [00:02<00:02, 18.46it/s]
Stage2 Epoch 8/15:  54%|███████████████████████████████████████████                                     | 43/80 [00:02<00:02, 18.49it/s]
Stage2 Epoch 8/15:  56%|█████████████████████████████████████████████                                   | 45/80 [00:02<00:01, 18.50it/s]
Stage2 Epoch 8/15:  59%|███████████████████████████████████████████████                                 | 47/80 [00:02<00:01, 18.51it/s]
Stage2 Epoch 8/15:  61%|█████████████████████████████████████████████████                               | 49/80 [00:02<00:01, 18.55it/s]
Stage2 Epoch 8/15:  64%|███████████████████████████████████████████████████                             | 51/80 [00:02<00:01, 18.52it/s]
Stage2 Epoch 8/15:  66%|█████████████████████████████████████████████████████                           | 53/80 [00:03<00:01, 18.50it/s]
Stage2 Epoch 8/15:  69%|███████████████████████████████████████████████████████                         | 55/80 [00:03<00:01, 18.46it/s]
Stage2 Epoch 8/15:  71%|█████████████████████████████████████████████████████████                       | 57/80 [00:03<00:01, 18.43it/s]
Stage2 Epoch 8/15:  74%|███████████████████████████████████████████████████████████                     | 59/80 [00:03<00:01, 18.45it/s]
Stage2 Epoch 8/15:  76%|█████████████████████████████████████████████████████████████                   | 61/80 [00:03<00:01, 18.47it/s]
Stage2 Epoch 8/15:  79%|███████████████████████████████████████████████████████████████                 | 63/80 [00:03<00:00, 18.48it/s]
Stage2 Epoch 8/15:  81%|█████████████████████████████████████████████████████████████████               | 65/80 [00:03<00:00, 18.50it/s]
Stage2 Epoch 8/15:  84%|███████████████████████████████████████████████████████████████████             | 67/80 [00:03<00:00, 18.51it/s]
Stage2 Epoch 8/15:  86%|█████████████████████████████████████████████████████████████████████           | 69/80 [00:03<00:00, 18.50it/s]
Stage2 Epoch 8/15:  89%|███████████████████████████████████████████████████████████████████████         | 71/80 [00:03<00:00, 18.48it/s]
Stage2 Epoch 8/15:  91%|█████████████████████████████████████████████████████████████████████████       | 73/80 [00:04<00:00, 18.48it/s]
Stage2 Epoch 8/15:  94%|███████████████████████████████████████████████████████████████████████████     | 75/80 [00:04<00:00, 18.48it/s]
Stage2 Epoch 8/15:  96%|█████████████████████████████████████████████████████████████████████████████   | 77/80 [00:04<00:00, 18.50it/s]
Stage2 Epoch 8/15:  99%|███████████████████████████████████████████████████████████████████████████████ | 79/80 [00:04<00:00, 18.53it/s]
Stage2 Epoch 8/15: 100%|████████████████████████████████████████████████████████████████████████████████| 80/80 [00:04<00:00, 17.76it/s]

Stage2 Epoch 9/15:   0%|                                                                                         | 0/80 [00:00<?, ?it/s]
Stage2 Epoch 9/15:   1%|█                                                                                | 1/80 [00:00<00:16,  4.93it/s]
Stage2 Epoch 9/15:   4%|███                                                                              | 3/80 [00:00<00:07, 10.81it/s]
Stage2 Epoch 9/15:   6%|█████                                                                            | 5/80 [00:00<00:05, 13.78it/s]
Stage2 Epoch 9/15:   9%|███████                                                                          | 7/80 [00:00<00:04, 15.43it/s]
Stage2 Epoch 9/15:  11%|█████████                                                                        | 9/80 [00:00<00:04, 16.47it/s]
Stage2 Epoch 9/15:  14%|███████████                                                                     | 11/80 [00:00<00:04, 17.12it/s]
Stage2 Epoch 9/15:  16%|█████████████                                                                   | 13/80 [00:00<00:03, 17.56it/s]
Stage2 Epoch 9/15:  19%|███████████████                                                                 | 15/80 [00:00<00:03, 17.88it/s]
Stage2 Epoch 9/15:  21%|█████████████████                                                               | 17/80 [00:01<00:03, 17.76it/s]
Stage2 Epoch 9/15:  24%|███████████████████                                                             | 19/80 [00:01<00:03, 17.93it/s]
Stage2 Epoch 9/15:  26%|█████████████████████                                                           | 21/80 [00:01<00:03, 18.10it/s]
Stage2 Epoch 9/15:  29%|███████████████████████                                                         | 23/80 [00:01<00:03, 18.25it/s]
Stage2 Epoch 9/15:  31%|█████████████████████████                                                       | 25/80 [00:01<00:02, 18.34it/s]
Stage2 Epoch 9/15:  34%|███████████████████████████                                                     | 27/80 [00:01<00:02, 18.42it/s]
Stage2 Epoch 9/15:  36%|█████████████████████████████                                                   | 29/80 [00:01<00:02, 18.45it/s]
Stage2 Epoch 9/15:  39%|███████████████████████████████                                                 | 31/80 [00:01<00:02, 18.47it/s]
Stage2 Epoch 9/15:  41%|█████████████████████████████████                                               | 33/80 [00:01<00:02, 18.50it/s]
Stage2 Epoch 9/15:  44%|███████████████████████████████████                                             | 35/80 [00:02<00:02, 18.43it/s]
Stage2 Epoch 9/15:  46%|█████████████████████████████████████                                           | 37/80 [00:02<00:02, 18.43it/s]
Stage2 Epoch 9/15:  49%|███████████████████████████████████████                                         | 39/80 [00:02<00:02, 18.42it/s]
Stage2 Epoch 9/15:  51%|█████████████████████████████████████████                                       | 41/80 [00:02<00:02, 18.44it/s]
Stage2 Epoch 9/15:  54%|███████████████████████████████████████████                                     | 43/80 [00:02<00:02, 18.46it/s]
Stage2 Epoch 9/15:  56%|█████████████████████████████████████████████                                   | 45/80 [00:02<00:01, 18.49it/s]
Stage2 Epoch 9/15:  59%|███████████████████████████████████████████████                                 | 47/80 [00:02<00:01, 18.52it/s]
Stage2 Epoch 9/15:  61%|█████████████████████████████████████████████████                               | 49/80 [00:02<00:01, 18.52it/s]
Stage2 Epoch 9/15:  64%|███████████████████████████████████████████████████                             | 51/80 [00:02<00:01, 18.50it/s]
Stage2 Epoch 9/15:  66%|█████████████████████████████████████████████████████                           | 53/80 [00:03<00:01, 18.47it/s]
Stage2 Epoch 9/15:  69%|███████████████████████████████████████████████████████                         | 55/80 [00:03<00:01, 18.45it/s]
Stage2 Epoch 9/15:  71%|█████████████████████████████████████████████████████████                       | 57/80 [00:03<00:01, 18.45it/s]
Stage2 Epoch 9/15:  74%|███████████████████████████████████████████████████████████                     | 59/80 [00:03<00:01, 18.46it/s]
Stage2 Epoch 9/15:  76%|█████████████████████████████████████████████████████████████                   | 61/80 [00:03<00:01, 18.49it/s]
Stage2 Epoch 9/15:  79%|███████████████████████████████████████████████████████████████                 | 63/80 [00:03<00:00, 18.51it/s]
Stage2 Epoch 9/15:  81%|█████████████████████████████████████████████████████████████████               | 65/80 [00:03<00:00, 18.51it/s]
Stage2 Epoch 9/15:  84%|███████████████████████████████████████████████████████████████████             | 67/80 [00:03<00:00, 18.52it/s]
Stage2 Epoch 9/15:  86%|█████████████████████████████████████████████████████████████████████           | 69/80 [00:03<00:00, 18.49it/s]
Stage2 Epoch 9/15:  89%|███████████████████████████████████████████████████████████████████████         | 71/80 [00:03<00:00, 18.49it/s]
Stage2 Epoch 9/15:  91%|█████████████████████████████████████████████████████████████████████████       | 73/80 [00:04<00:00, 18.47it/s]
Stage2 Epoch 9/15:  94%|███████████████████████████████████████████████████████████████████████████     | 75/80 [00:04<00:00, 18.48it/s]
Stage2 Epoch 9/15:  96%|█████████████████████████████████████████████████████████████████████████████   | 77/80 [00:04<00:00, 18.50it/s]
Stage2 Epoch 9/15:  99%|███████████████████████████████████████████████████████████████████████████████ | 79/80 [00:04<00:00, 18.51it/s]
Stage2 Epoch 9/15: 100%|████████████████████████████████████████████████████████████████████████████████| 80/80 [00:04<00:00, 17.76it/s]

Stage2 Epoch 10/15:   0%|                                                                                        | 0/80 [00:00<?, ?it/s]
Stage2 Epoch 10/15:   1%|█                                                                               | 1/80 [00:00<00:17,  4.47it/s]
Stage2 Epoch 10/15:   4%|███                                                                             | 3/80 [00:00<00:07, 10.18it/s]
Stage2 Epoch 10/15:   6%|█████                                                                           | 5/80 [00:00<00:05, 13.24it/s]
Stage2 Epoch 10/15:   9%|███████                                                                         | 7/80 [00:00<00:04, 15.06it/s]
Stage2 Epoch 10/15:  11%|█████████                                                                       | 9/80 [00:00<00:04, 16.19it/s]
Stage2 Epoch 10/15:  14%|██████████▊                                                                    | 11/80 [00:00<00:04, 16.96it/s]
Stage2 Epoch 10/15:  16%|████████████▊                                                                  | 13/80 [00:00<00:03, 17.44it/s]
Stage2 Epoch 10/15:  19%|██████████████▊                                                                | 15/80 [00:00<00:03, 17.76it/s]
Stage2 Epoch 10/15:  21%|████████████████▊                                                              | 17/80 [00:01<00:03, 17.78it/s]
Stage2 Epoch 10/15:  24%|██████████████████▊                                                            | 19/80 [00:01<00:03, 17.94it/s]
Stage2 Epoch 10/15:  26%|████████████████████▋                                                          | 21/80 [00:01<00:03, 18.11it/s]
Stage2 Epoch 10/15:  29%|██████████████████████▋                                                        | 23/80 [00:01<00:03, 18.23it/s]
Stage2 Epoch 10/15:  31%|████████████████████████▋                                                      | 25/80 [00:01<00:02, 18.35it/s]
Stage2 Epoch 10/15:  34%|██████████████████████████▋                                                    | 27/80 [00:01<00:02, 18.41it/s]
Stage2 Epoch 10/15:  36%|████████████████████████████▋                                                  | 29/80 [00:01<00:02, 18.45it/s]
Stage2 Epoch 10/15:  39%|██████████████████████████████▌                                                | 31/80 [00:01<00:02, 18.49it/s]
Stage2 Epoch 10/15:  41%|████████████████████████████████▌                                              | 33/80 [00:01<00:02, 18.49it/s]
Stage2 Epoch 10/15:  44%|██████████████████████████████████▌                                            | 35/80 [00:02<00:02, 18.43it/s]
Stage2 Epoch 10/15:  46%|████████████████████████████████████▌                                          | 37/80 [00:02<00:02, 18.41it/s]
Stage2 Epoch 10/15:  49%|██████████████████████████████████████▌                                        | 39/80 [00:02<00:02, 18.42it/s]
Stage2 Epoch 10/15:  51%|████████████████████████████████████████▍                                      | 41/80 [00:02<00:02, 18.45it/s]
Stage2 Epoch 10/15:  54%|██████████████████████████████████████████▍                                    | 43/80 [00:02<00:02, 18.48it/s]
Stage2 Epoch 10/15:  56%|████████████████████████████████████████████▍                                  | 45/80 [00:02<00:01, 18.51it/s]
Stage2 Epoch 10/15:  59%|██████████████████████████████████████████████▍                                | 47/80 [00:02<00:01, 18.52it/s]
Stage2 Epoch 10/15:  61%|████████████████████████████████████████████████▍                              | 49/80 [00:02<00:01, 18.54it/s]
Stage2 Epoch 10/15:  64%|██████████████████████████████████████████████████▎                            | 51/80 [00:02<00:01, 18.51it/s]
Stage2 Epoch 10/15:  66%|████████████████████████████████████████████████████▎                          | 53/80 [00:03<00:01, 18.48it/s]
Stage2 Epoch 10/15:  69%|██████████████████████████████████████████████████████▎                        | 55/80 [00:03<00:01, 18.46it/s]
Stage2 Epoch 10/15:  71%|████████████████████████████████████████████████████████▎                      | 57/80 [00:03<00:01, 18.45it/s]
Stage2 Epoch 10/15:  74%|██████████████████████████████████████████████████████████▎                    | 59/80 [00:03<00:01, 18.48it/s]
Stage2 Epoch 10/15:  76%|████████████████████████████████████████████████████████████▏                  | 61/80 [00:03<00:01, 18.49it/s]
Stage2 Epoch 10/15:  79%|██████████████████████████████████████████████████████████████▏                | 63/80 [00:03<00:00, 18.50it/s]
Stage2 Epoch 10/15:  81%|████████████████████████████████████████████████████████████████▏              | 65/80 [00:03<00:00, 18.51it/s]
Stage2 Epoch 10/15:  84%|██████████████████████████████████████████████████████████████████▏            | 67/80 [00:03<00:00, 18.51it/s]
Stage2 Epoch 10/15:  86%|████████████████████████████████████████████████████████████████████▏          | 69/80 [00:03<00:00, 18.50it/s]
Stage2 Epoch 10/15:  89%|██████████████████████████████████████████████████████████████████████         | 71/80 [00:04<00:00, 18.47it/s]
Stage2 Epoch 10/15:  91%|████████████████████████████████████████████████████████████████████████       | 73/80 [00:04<00:00, 18.45it/s]
Stage2 Epoch 10/15:  94%|██████████████████████████████████████████████████████████████████████████     | 75/80 [00:04<00:00, 18.46it/s]
Stage2 Epoch 10/15:  96%|████████████████████████████████████████████████████████████████████████████   | 77/80 [00:04<00:00, 18.47it/s]
Stage2 Epoch 10/15:  99%|██████████████████████████████████████████████████████████████████████████████ | 79/80 [00:04<00:00, 18.50it/s]
Stage2 Epoch 10/15: 100%|███████████████████████████████████████████████████████████████████████████████| 80/80 [00:04<00:00, 17.66it/s]

Stage2 Epoch 11/15:   0%|                                                                                        | 0/80 [00:00<?, ?it/s]
Stage2 Epoch 11/15:   1%|█                                                                               | 1/80 [00:00<00:16,  4.85it/s]
Stage2 Epoch 11/15:   4%|███                                                                             | 3/80 [00:00<00:07, 10.70it/s]
Stage2 Epoch 11/15:   6%|█████                                                                           | 5/80 [00:00<00:05, 13.66it/s]
Stage2 Epoch 11/15:   9%|███████                                                                         | 7/80 [00:00<00:04, 15.34it/s]
Stage2 Epoch 11/15:  11%|█████████                                                                       | 9/80 [00:00<00:04, 16.43it/s]
Stage2 Epoch 11/15:  14%|██████████▊                                                                    | 11/80 [00:00<00:04, 17.12it/s]
Stage2 Epoch 11/15:  16%|████████████▊                                                                  | 13/80 [00:00<00:03, 17.57it/s]
Stage2 Epoch 11/15:  19%|██████████████▊                                                                | 15/80 [00:00<00:03, 17.88it/s]
Stage2 Epoch 11/15:  21%|████████████████▊                                                              | 17/80 [00:01<00:03, 17.89it/s]
Stage2 Epoch 11/15:  24%|██████████████████▊                                                            | 19/80 [00:01<00:03, 18.04it/s]
Stage2 Epoch 11/15:  26%|████████████████████▋                                                          | 21/80 [00:01<00:03, 18.14it/s]
Stage2 Epoch 11/15:  29%|██████████████████████▋                                                        | 23/80 [00:01<00:03, 18.22it/s]
Stage2 Epoch 11/15:  31%|████████████████████████▋                                                      | 25/80 [00:01<00:03, 18.29it/s]
Stage2 Epoch 11/15:  34%|██████████████████████████▋                                                    | 27/80 [00:01<00:02, 18.36it/s]
Stage2 Epoch 11/15:  36%|████████████████████████████▋                                                  | 29/80 [00:01<00:02, 18.43it/s]
Stage2 Epoch 11/15:  39%|██████████████████████████████▌                                                | 31/80 [00:01<00:02, 18.46it/s]
Stage2 Epoch 11/15:  41%|████████████████████████████████▌                                              | 33/80 [00:01<00:02, 18.50it/s]
Stage2 Epoch 11/15:  44%|██████████████████████████████████▌                                            | 35/80 [00:02<00:02, 18.41it/s]
Stage2 Epoch 11/15:  46%|████████████████████████████████████▌                                          | 37/80 [00:02<00:02, 18.42it/s]
Stage2 Epoch 11/15:  49%|██████████████████████████████████████▌                                        | 39/80 [00:02<00:02, 18.44it/s]
Stage2 Epoch 11/15:  51%|████████████████████████████████████████▍                                      | 41/80 [00:02<00:02, 18.45it/s]
Stage2 Epoch 11/15:  54%|██████████████████████████████████████████▍                                    | 43/80 [00:02<00:02, 18.48it/s]
Stage2 Epoch 11/15:  56%|████████████████████████████████████████████▍                                  | 45/80 [00:02<00:01, 18.49it/s]
Stage2 Epoch 11/15:  59%|██████████████████████████████████████████████▍                                | 47/80 [00:02<00:01, 18.52it/s]
Stage2 Epoch 11/15:  61%|████████████████████████████████████████████████▍                              | 49/80 [00:02<00:01, 18.52it/s]
Stage2 Epoch 11/15:  64%|██████████████████████████████████████████████████▎                            | 51/80 [00:02<00:01, 18.51it/s]
Stage2 Epoch 11/15:  66%|████████████████████████████████████████████████████▎                          | 53/80 [00:03<00:01, 18.47it/s]
Stage2 Epoch 11/15:  69%|██████████████████████████████████████████████████████▎                        | 55/80 [00:03<00:01, 18.45it/s]
Stage2 Epoch 11/15:  71%|████████████████████████████████████████████████████████▎                      | 57/80 [00:03<00:01, 18.46it/s]
Stage2 Epoch 11/15:  74%|██████████████████████████████████████████████████████████▎                    | 59/80 [00:03<00:01, 18.46it/s]
Stage2 Epoch 11/15:  76%|████████████████████████████████████████████████████████████▏                  | 61/80 [00:03<00:01, 18.48it/s]
Stage2 Epoch 11/15:  79%|██████████████████████████████████████████████████████████████▏                | 63/80 [00:03<00:00, 18.50it/s]
Stage2 Epoch 11/15:  81%|████████████████████████████████████████████████████████████████▏              | 65/80 [00:03<00:00, 18.51it/s]
Stage2 Epoch 11/15:  84%|██████████████████████████████████████████████████████████████████▏            | 67/80 [00:03<00:00, 18.55it/s]
Stage2 Epoch 11/15:  86%|████████████████████████████████████████████████████████████████████▏          | 69/80 [00:03<00:00, 18.50it/s]
Stage2 Epoch 11/15:  89%|██████████████████████████████████████████████████████████████████████         | 71/80 [00:03<00:00, 18.49it/s]
Stage2 Epoch 11/15:  91%|████████████████████████████████████████████████████████████████████████       | 73/80 [00:04<00:00, 18.46it/s]
Stage2 Epoch 11/15:  94%|██████████████████████████████████████████████████████████████████████████     | 75/80 [00:04<00:00, 18.46it/s]
Stage2 Epoch 11/15:  96%|████████████████████████████████████████████████████████████████████████████   | 77/80 [00:04<00:00, 18.48it/s]
Stage2 Epoch 11/15:  99%|██████████████████████████████████████████████████████████████████████████████ | 79/80 [00:04<00:00, 18.48it/s]
Stage2 Epoch 11/15: 100%|███████████████████████████████████████████████████████████████████████████████| 80/80 [00:04<00:00, 17.73it/s]

Stage2 Epoch 12/15:   0%|                                                                                        | 0/80 [00:00<?, ?it/s]
Stage2 Epoch 12/15:   1%|█                                                                               | 1/80 [00:00<00:16,  4.87it/s]
Stage2 Epoch 12/15:   4%|███                                                                             | 3/80 [00:00<00:07, 10.70it/s]
Stage2 Epoch 12/15:   6%|█████                                                                           | 5/80 [00:00<00:05, 13.69it/s]
Stage2 Epoch 12/15:   9%|███████                                                                         | 7/80 [00:00<00:04, 15.40it/s]
Stage2 Epoch 12/15:  11%|█████████                                                                       | 9/80 [00:00<00:04, 16.44it/s]
Stage2 Epoch 12/15:  14%|██████████▊                                                                    | 11/80 [00:00<00:04, 17.12it/s]
Stage2 Epoch 12/15:  16%|████████████▊                                                                  | 13/80 [00:00<00:03, 17.55it/s]
Stage2 Epoch 12/15:  19%|██████████████▊                                                                | 15/80 [00:00<00:03, 17.87it/s]
Stage2 Epoch 12/15:  21%|████████████████▊                                                              | 17/80 [00:01<00:03, 17.97it/s]
Stage2 Epoch 12/15:  24%|██████████████████▊                                                            | 19/80 [00:01<00:03, 18.10it/s]
Stage2 Epoch 12/15:  26%|████████████████████▋                                                          | 21/80 [00:01<00:03, 18.24it/s]
Stage2 Epoch 12/15:  29%|██████████████████████▋                                                        | 23/80 [00:01<00:03, 18.30it/s]
Stage2 Epoch 12/15:  31%|████████████████████████▋                                                      | 25/80 [00:01<00:02, 18.35it/s]
Stage2 Epoch 12/15:  34%|██████████████████████████▋                                                    | 27/80 [00:01<00:02, 18.39it/s]
Stage2 Epoch 12/15:  36%|████████████████████████████▋                                                  | 29/80 [00:01<00:02, 18.42it/s]
Stage2 Epoch 12/15:  39%|██████████████████████████████▌                                                | 31/80 [00:01<00:02, 18.47it/s]
Stage2 Epoch 12/15:  41%|████████████████████████████████▌                                              | 33/80 [00:01<00:02, 18.47it/s]
Stage2 Epoch 12/15:  44%|██████████████████████████████████▌                                            | 35/80 [00:02<00:02, 18.42it/s]
Stage2 Epoch 12/15:  46%|████████████████████████████████████▌                                          | 37/80 [00:02<00:02, 18.41it/s]
Stage2 Epoch 12/15:  49%|██████████████████████████████████████▌                                        | 39/80 [00:02<00:02, 18.43it/s]
Stage2 Epoch 12/15:  51%|████████████████████████████████████████▍                                      | 41/80 [00:02<00:02, 18.44it/s]
Stage2 Epoch 12/15:  54%|██████████████████████████████████████████▍                                    | 43/80 [00:02<00:02, 18.45it/s]
Stage2 Epoch 12/15:  56%|████████████████████████████████████████████▍                                  | 45/80 [00:02<00:01, 18.50it/s]
Stage2 Epoch 12/15:  59%|██████████████████████████████████████████████▍                                | 47/80 [00:02<00:01, 18.49it/s]
Stage2 Epoch 12/15:  61%|████████████████████████████████████████████████▍                              | 49/80 [00:02<00:01, 18.51it/s]
Stage2 Epoch 12/15:  64%|██████████████████████████████████████████████████▎                            | 51/80 [00:02<00:01, 18.49it/s]
Stage2 Epoch 12/15:  66%|████████████████████████████████████████████████████▎                          | 53/80 [00:03<00:01, 18.45it/s]
Stage2 Epoch 12/15:  69%|██████████████████████████████████████████████████████▎                        | 55/80 [00:03<00:01, 18.45it/s]
Stage2 Epoch 12/15:  71%|████████████████████████████████████████████████████████▎                      | 57/80 [00:03<00:01, 18.44it/s]
Stage2 Epoch 12/15:  74%|██████████████████████████████████████████████████████████▎                    | 59/80 [00:03<00:01, 18.45it/s]
Stage2 Epoch 12/15:  76%|████████████████████████████████████████████████████████████▏                  | 61/80 [00:03<00:01, 18.45it/s]
Stage2 Epoch 12/15:  79%|██████████████████████████████████████████████████████████████▏                | 63/80 [00:03<00:00, 18.48it/s]
Stage2 Epoch 12/15:  81%|████████████████████████████████████████████████████████████████▏              | 65/80 [00:03<00:00, 18.49it/s]
Stage2 Epoch 12/15:  84%|██████████████████████████████████████████████████████████████████▏            | 67/80 [00:03<00:00, 18.49it/s]
Stage2 Epoch 12/15:  86%|████████████████████████████████████████████████████████████████████▏          | 69/80 [00:03<00:00, 18.49it/s]
Stage2 Epoch 12/15:  89%|██████████████████████████████████████████████████████████████████████         | 71/80 [00:03<00:00, 18.46it/s]
Stage2 Epoch 12/15:  91%|████████████████████████████████████████████████████████████████████████       | 73/80 [00:04<00:00, 18.46it/s]
Stage2 Epoch 12/15:  94%|██████████████████████████████████████████████████████████████████████████     | 75/80 [00:04<00:00, 18.46it/s]
Stage2 Epoch 12/15:  96%|████████████████████████████████████████████████████████████████████████████   | 77/80 [00:04<00:00, 18.48it/s]
Stage2 Epoch 12/15:  99%|██████████████████████████████████████████████████████████████████████████████ | 79/80 [00:04<00:00, 18.50it/s]
Stage2 Epoch 12/15: 100%|███████████████████████████████████████████████████████████████████████████████| 80/80 [00:04<00:00, 17.75it/s]
/mnt/workspace/utils/train_visualizer.py:100: UserWarning: Glyph 21335 (\N{CJK UNIFIED IDEOGRAPH-5357}) missing from font(s) DejaVu Sans.
  fig.tight_layout()
/mnt/workspace/utils/train_visualizer.py:100: UserWarning: Glyph 22825 (\N{CJK UNIFIED IDEOGRAPH-5929}) missing from font(s) DejaVu Sans.
  fig.tight_layout()
/mnt/workspace/utils/train_visualizer.py:100: UserWarning: Glyph 31481 (\N{CJK UNIFIED IDEOGRAPH-7AF9}) missing from font(s) DejaVu Sans.
  fig.tight_layout()
/mnt/workspace/utils/train_visualizer.py:100: UserWarning: Glyph 21494 (\N{CJK UNIFIED IDEOGRAPH-53F6}) missing from font(s) DejaVu Sans.
  fig.tight_layout()
/mnt/workspace/utils/train_visualizer.py:100: UserWarning: Glyph 23567 (\N{CJK UNIFIED IDEOGRAPH-5C0F}) missing from font(s) DejaVu Sans.
  fig.tight_layout()
/mnt/workspace/utils/train_visualizer.py:100: UserWarning: Glyph 22899 (\N{CJK UNIFIED IDEOGRAPH-5973}) missing from font(s) DejaVu Sans.
  fig.tight_layout()
/mnt/workspace/utils/train_visualizer.py:100: UserWarning: Glyph 36126 (\N{CJK UNIFIED IDEOGRAPH-8D1E}) missing from font(s) DejaVu Sans.
  fig.tight_layout()
/mnt/workspace/utils/train_visualizer.py:100: UserWarning: Glyph 24748 (\N{CJK UNIFIED IDEOGRAPH-60AC}) missing from font(s) DejaVu Sans.
  fig.tight_layout()
/mnt/workspace/utils/train_visualizer.py:100: UserWarning: Glyph 38083 (\N{CJK UNIFIED IDEOGRAPH-94C3}) missing from font(s) DejaVu Sans.
  fig.tight_layout()
/mnt/workspace/utils/train_visualizer.py:100: UserWarning: Glyph 26408 (\N{CJK UNIFIED IDEOGRAPH-6728}) missing from font(s) DejaVu Sans.
  fig.tight_layout()
/mnt/workspace/utils/train_visualizer.py:100: UserWarning: Glyph 26460 (\N{CJK UNIFIED IDEOGRAPH-675C}) missing from font(s) DejaVu Sans.
  fig.tight_layout()
/mnt/workspace/utils/train_visualizer.py:100: UserWarning: Glyph 40515 (\N{CJK UNIFIED IDEOGRAPH-9E43}) missing from font(s) DejaVu Sans.
  fig.tight_layout()
/mnt/workspace/utils/train_visualizer.py:100: UserWarning: Glyph 33457 (\N{CJK UNIFIED IDEOGRAPH-82B1}) missing from font(s) DejaVu Sans.
  fig.tight_layout()
/mnt/workspace/utils/train_visualizer.py:100: UserWarning: Glyph 26503 (\N{CJK UNIFIED IDEOGRAPH-6787}) missing from font(s) DejaVu Sans.
  fig.tight_layout()
/mnt/workspace/utils/train_visualizer.py:100: UserWarning: Glyph 26487 (\N{CJK UNIFIED IDEOGRAPH-6777}) missing from font(s) DejaVu Sans.
  fig.tight_layout()
/mnt/workspace/utils/train_visualizer.py:100: UserWarning: Glyph 27185 (\N{CJK UNIFIED IDEOGRAPH-6A31}) missing from font(s) DejaVu Sans.
  fig.tight_layout()
/mnt/workspace/utils/train_visualizer.py:100: UserWarning: Glyph 27861 (\N{CJK UNIFIED IDEOGRAPH-6CD5}) missing from font(s) DejaVu Sans.
  fig.tight_layout()
/mnt/workspace/utils/train_visualizer.py:100: UserWarning: Glyph 22269 (\N{CJK UNIFIED IDEOGRAPH-56FD}) missing from font(s) DejaVu Sans.
  fig.tight_layout()
/mnt/workspace/utils/train_visualizer.py:100: UserWarning: Glyph 20908 (\N{CJK UNIFIED IDEOGRAPH-51AC}) missing from font(s) DejaVu Sans.
  fig.tight_layout()
/mnt/workspace/utils/train_visualizer.py:100: UserWarning: Glyph 38738 (\N{CJK UNIFIED IDEOGRAPH-9752}) missing from font(s) DejaVu Sans.
  fig.tight_layout()
/mnt/workspace/utils/train_visualizer.py:100: UserWarning: Glyph 28023 (\N{CJK UNIFIED IDEOGRAPH-6D77}) missing from font(s) DejaVu Sans.
  fig.tight_layout()
/mnt/workspace/utils/train_visualizer.py:100: UserWarning: Glyph 26704 (\N{CJK UNIFIED IDEOGRAPH-6850}) missing from font(s) DejaVu Sans.
  fig.tight_layout()
/mnt/workspace/utils/train_visualizer.py:100: UserWarning: Glyph 30707 (\N{CJK UNIFIED IDEOGRAPH-77F3}) missing from font(s) DejaVu Sans.
  fig.tight_layout()
/mnt/workspace/utils/train_visualizer.py:100: UserWarning: Glyph 26976 (\N{CJK UNIFIED IDEOGRAPH-6960}) missing from font(s) DejaVu Sans.
  fig.tight_layout()
/mnt/workspace/utils/train_visualizer.py:101: UserWarning: Glyph 21335 (\N{CJK UNIFIED IDEOGRAPH-5357}) missing from font(s) DejaVu Sans.
  fig.savefig(output_path, bbox_inches="tight")
/mnt/workspace/utils/train_visualizer.py:101: UserWarning: Glyph 22825 (\N{CJK UNIFIED IDEOGRAPH-5929}) missing from font(s) DejaVu Sans.
  fig.savefig(output_path, bbox_inches="tight")
/mnt/workspace/utils/train_visualizer.py:101: UserWarning: Glyph 31481 (\N{CJK UNIFIED IDEOGRAPH-7AF9}) missing from font(s) DejaVu Sans.
  fig.savefig(output_path, bbox_inches="tight")
/mnt/workspace/utils/train_visualizer.py:101: UserWarning: Glyph 21494 (\N{CJK UNIFIED IDEOGRAPH-53F6}) missing from font(s) DejaVu Sans.
  fig.savefig(output_path, bbox_inches="tight")
/mnt/workspace/utils/train_visualizer.py:101: UserWarning: Glyph 23567 (\N{CJK UNIFIED IDEOGRAPH-5C0F}) missing from font(s) DejaVu Sans.
  fig.savefig(output_path, bbox_inches="tight")
/mnt/workspace/utils/train_visualizer.py:101: UserWarning: Glyph 22899 (\N{CJK UNIFIED IDEOGRAPH-5973}) missing from font(s) DejaVu Sans.
  fig.savefig(output_path, bbox_inches="tight")
/mnt/workspace/utils/train_visualizer.py:101: UserWarning: Glyph 36126 (\N{CJK UNIFIED IDEOGRAPH-8D1E}) missing from font(s) DejaVu Sans.
  fig.savefig(output_path, bbox_inches="tight")
/mnt/workspace/utils/train_visualizer.py:101: UserWarning: Glyph 24748 (\N{CJK UNIFIED IDEOGRAPH-60AC}) missing from font(s) DejaVu Sans.
  fig.savefig(output_path, bbox_inches="tight")
/mnt/workspace/utils/train_visualizer.py:101: UserWarning: Glyph 38083 (\N{CJK UNIFIED IDEOGRAPH-94C3}) missing from font(s) DejaVu Sans.
  fig.savefig(output_path, bbox_inches="tight")
/mnt/workspace/utils/train_visualizer.py:101: UserWarning: Glyph 26408 (\N{CJK UNIFIED IDEOGRAPH-6728}) missing from font(s) DejaVu Sans.
  fig.savefig(output_path, bbox_inches="tight")
/mnt/workspace/utils/train_visualizer.py:101: UserWarning: Glyph 26460 (\N{CJK UNIFIED IDEOGRAPH-675C}) missing from font(s) DejaVu Sans.
  fig.savefig(output_path, bbox_inches="tight")
/mnt/workspace/utils/train_visualizer.py:101: UserWarning: Glyph 40515 (\N{CJK UNIFIED IDEOGRAPH-9E43}) missing from font(s) DejaVu Sans.
  fig.savefig(output_path, bbox_inches="tight")
/mnt/workspace/utils/train_visualizer.py:101: UserWarning: Glyph 33457 (\N{CJK UNIFIED IDEOGRAPH-82B1}) missing from font(s) DejaVu Sans.
  fig.savefig(output_path, bbox_inches="tight")
/mnt/workspace/utils/train_visualizer.py:101: UserWarning: Glyph 26503 (\N{CJK UNIFIED IDEOGRAPH-6787}) missing from font(s) DejaVu Sans.
  fig.savefig(output_path, bbox_inches="tight")
/mnt/workspace/utils/train_visualizer.py:101: UserWarning: Glyph 26487 (\N{CJK UNIFIED IDEOGRAPH-6777}) missing from font(s) DejaVu Sans.
  fig.savefig(output_path, bbox_inches="tight")
/mnt/workspace/utils/train_visualizer.py:101: UserWarning: Glyph 27185 (\N{CJK UNIFIED IDEOGRAPH-6A31}) missing from font(s) DejaVu Sans.
  fig.savefig(output_path, bbox_inches="tight")
/mnt/workspace/utils/train_visualizer.py:101: UserWarning: Glyph 27861 (\N{CJK UNIFIED IDEOGRAPH-6CD5}) missing from font(s) DejaVu Sans.
  fig.savefig(output_path, bbox_inches="tight")
/mnt/workspace/utils/train_visualizer.py:101: UserWarning: Glyph 22269 (\N{CJK UNIFIED IDEOGRAPH-56FD}) missing from font(s) DejaVu Sans.
  fig.savefig(output_path, bbox_inches="tight")
/mnt/workspace/utils/train_visualizer.py:101: UserWarning: Glyph 20908 (\N{CJK UNIFIED IDEOGRAPH-51AC}) missing from font(s) DejaVu Sans.
  fig.savefig(output_path, bbox_inches="tight")
/mnt/workspace/utils/train_visualizer.py:101: UserWarning: Glyph 38738 (\N{CJK UNIFIED IDEOGRAPH-9752}) missing from font(s) DejaVu Sans.
  fig.savefig(output_path, bbox_inches="tight")
/mnt/workspace/utils/train_visualizer.py:101: UserWarning: Glyph 28023 (\N{CJK UNIFIED IDEOGRAPH-6D77}) missing from font(s) DejaVu Sans.
  fig.savefig(output_path, bbox_inches="tight")
/mnt/workspace/utils/train_visualizer.py:101: UserWarning: Glyph 26704 (\N{CJK UNIFIED IDEOGRAPH-6850}) missing from font(s) DejaVu Sans.
  fig.savefig(output_path, bbox_inches="tight")
/mnt/workspace/utils/train_visualizer.py:101: UserWarning: Glyph 30707 (\N{CJK UNIFIED IDEOGRAPH-77F3}) missing from font(s) DejaVu Sans.
  fig.savefig(output_path, bbox_inches="tight")
/mnt/workspace/utils/train_visualizer.py:101: UserWarning: Glyph 26976 (\N{CJK UNIFIED IDEOGRAPH-6960}) missing from font(s) DejaVu Sans.
  fig.savefig(output_path, bbox_inches="tight")
