实验: 实验3: 中心裁剪 vs YOLOv8 ROI提取 vs 不做ROI提取 - resnet50
运行ID: exp3_resnet50_center_20260427_060545
开始时间: 2026-04-27T06:07:30.895633
耗时: 105.58秒
================================================================================
[INFO] Log will be saved to logs/resnet50_complex_train_log_20260427_060551.txt

===== CONFIG =====
dataset:
  input_size: 224
  batch_size: 16
  limit_train_per_class: 0
  limit_val_per_class: 0
model:
  num_classes: 9
train:
  epochs_stage1: 10
  epochs_stage2: 15
  grad_clip: 0.5
criterion:
  label_smoothing: 0.1
optimizer:
  lr_stage1: 0.0003
  lr_stage2: 1.0e-05
  beta1: 0.9
  beta2: 0.999
  eps: 1.0e-08
  weight_decay: 0.05
early_stop:
  patience: 5
  min_delta: 0.003
scheduler:
  mode: max
  factor: 0.5
  patience: 2
  min_lr: 5.0e-07
  cosin:
    warmup_epochs: 4
    warmup_lr_init: 1.0e-07
    min_lr: 5.0e-08
logger:
  model_name: resnet50_complex

==================

[INFO] Reading Dataset for type: complex_center
[INFO] Loaded training samples: 1290, validation samples: 363
[INFO] 数据集实际类别数: 9
[INFO] ResNet50 ImageNet pretrained: True
[INFO] Time 3.83s | TrainLoss 2.0210 | TrainAcc 40.16% | ValLoss 1.8712 | ValAcc 76.03% | ValTop5 99.72%
[INFO] Current Stage1 learning rate: 0.000300
[INFO] Update best ValAcc: 76.03%
[INFO] Time 2.83s | TrainLoss 1.7623 | TrainAcc 68.05% | ValLoss 1.7087 | ValAcc 81.27% | ValTop5 99.17%
[INFO] Current Stage1 learning rate: 0.000300
[INFO] Update best ValAcc: 81.27%
[INFO] Time 2.70s | TrainLoss 1.6514 | TrainAcc 77.19% | ValLoss 1.5963 | ValAcc 88.43% | ValTop5 99.45%
[INFO] Current Stage1 learning rate: 0.000300
[INFO] Update best ValAcc: 88.43%
[INFO] Time 2.86s | TrainLoss 1.5732 | TrainAcc 76.95% | ValLoss 1.5464 | ValAcc 87.05% | ValTop5 99.45%
[INFO] Current Stage1 learning rate: 0.000300
[INFO] Patience counter: 1/5
[INFO] Time 2.85s | TrainLoss 1.5293 | TrainAcc 79.84% | ValLoss 1.4811 | ValAcc 87.05% | ValTop5 98.90%
[INFO] Current Stage1 learning rate: 0.000300
[INFO] Patience counter: 2/5
[INFO] Time 2.79s | TrainLoss 1.4844 | TrainAcc 81.56% | ValLoss 1.4687 | ValAcc 89.53% | ValTop5 99.45%
[INFO] Current Stage1 learning rate: 0.000300
[INFO] Update best ValAcc: 89.53%
[INFO] Time 2.78s | TrainLoss 1.4709 | TrainAcc 80.31% | ValLoss 1.4553 | ValAcc 87.33% | ValTop5 99.45%
[INFO] Current Stage1 learning rate: 0.000300
[INFO] Patience counter: 1/5
[INFO] Time 2.70s | TrainLoss 1.4559 | TrainAcc 82.50% | ValLoss 1.4282 | ValAcc 88.15% | ValTop5 99.72%
[INFO] Current Stage1 learning rate: 0.000300
[INFO] Patience counter: 2/5
[INFO] Time 2.82s | TrainLoss 1.4409 | TrainAcc 81.95% | ValLoss 1.4312 | ValAcc 87.60% | ValTop5 99.45%
[INFO] Current Stage1 learning rate: 0.000150
[INFO] Patience counter: 3/5
[INFO] Time 2.71s | TrainLoss 1.4132 | TrainAcc 84.77% | ValLoss 1.4141 | ValAcc 88.98% | ValTop5 99.72%
[INFO] Current Stage1 learning rate: 0.000150
[INFO] Patience counter: 4/5
[INFO] Stage1 training done. Best ValAcc: 89.53%
[INFO] Time 5.11s | TrainLoss 1.4656 | TrainAcc 81.41% | ValLoss 1.4670 | ValAcc 88.98% | ValTop5 99.45%
[INFO] Current Stage2 learning rate: 0.000003
[INFO] Update best ValAcc: 88.98%
[INFO] Time 4.99s | TrainLoss 1.4614 | TrainAcc 81.88% | ValLoss 1.4599 | ValAcc 88.71% | ValTop5 99.72%
[INFO] Current Stage2 learning rate: 0.000005
[INFO] Patience counter: 1/5
[INFO] Time 4.98s | TrainLoss 1.4544 | TrainAcc 81.41% | ValLoss 1.4528 | ValAcc 89.26% | ValTop5 99.72%
[INFO] Current Stage2 learning rate: 0.000008
[INFO] Update best ValAcc: 89.26%
[INFO] Time 5.00s | TrainLoss 1.4288 | TrainAcc 83.12% | ValLoss 1.4337 | ValAcc 88.43% | ValTop5 99.72%
[INFO] Current Stage2 learning rate: 0.000010
[INFO] Patience counter: 1/5
[INFO] Time 4.99s | TrainLoss 1.4197 | TrainAcc 82.19% | ValLoss 1.4293 | ValAcc 88.71% | ValTop5 99.72%
[INFO] Current Stage2 learning rate: 0.000010
[INFO] Patience counter: 2/5
[INFO] Time 5.02s | TrainLoss 1.3924 | TrainAcc 83.28% | ValLoss 1.4183 | ValAcc 88.43% | ValTop5 99.72%
[INFO] Current Stage2 learning rate: 0.000009
[INFO] Patience counter: 3/5
[INFO] Time 5.01s | TrainLoss 1.3991 | TrainAcc 83.83% | ValLoss 1.4067 | ValAcc 89.81% | ValTop5 100.00%
[INFO] Current Stage2 learning rate: 0.000008
[INFO] Update best ValAcc: 89.81%
[INFO] Time 5.02s | TrainLoss 1.4006 | TrainAcc 83.20% | ValLoss 1.3962 | ValAcc 90.36% | ValTop5 100.00%
[INFO] Current Stage2 learning rate: 0.000007
[INFO] Update best ValAcc: 90.36%
[INFO] Time 5.00s | TrainLoss 1.3892 | TrainAcc 82.73% | ValLoss 1.3974 | ValAcc 89.53% | ValTop5 99.72%
[INFO] Current Stage2 learning rate: 0.000006
[INFO] Patience counter: 1/5
[INFO] Time 5.07s | TrainLoss 1.3827 | TrainAcc 83.36% | ValLoss 1.3785 | ValAcc 90.36% | ValTop5 99.45%
[INFO] Current Stage2 learning rate: 0.000004
[INFO] Patience counter: 2/5
[INFO] Time 5.03s | TrainLoss 1.3642 | TrainAcc 82.50% | ValLoss 1.3850 | ValAcc 89.53% | ValTop5 100.00%
[INFO] Current Stage2 learning rate: 0.000003
[INFO] Patience counter: 3/5
[INFO] Time 5.06s | TrainLoss 1.3650 | TrainAcc 83.52% | ValLoss 1.3616 | ValAcc 90.36% | ValTop5 99.72%
[INFO] Current Stage2 learning rate: 0.000002
[INFO] Patience counter: 4/5
[INFO] Time 5.03s | TrainLoss 1.3649 | TrainAcc 83.75% | ValLoss 1.3902 | ValAcc 89.53% | ValTop5 99.72%
[INFO] Current Stage2 learning rate: 0.000001
[INFO] Patience counter: 5/5
[INFO] Early stopping at epoch 13
[INFO] Stage2 training done. Best ValAcc: 90.36%
模型已保存至：results/resnet50_complex/20260427_060552/checkpoints/resnet50_best_20260427_060552.pth

============================================================
开始计算论文所需指标...
============================================================
[1/6] 计算Top-1和Top-5准确率...
[2/6] 计算参数量和FLOPs...
[3/6] 测量推理速度...
[4/6] 计算混淆矩阵和分类指标...
[5/6] 计算收敛轮数...
[6/6] 计算训练稳定性指标...

所有指标已保存至: results/resnet50_complex/20260427_060552/thesis_metrics.json
============================================================

论文指标已保存至: results/resnet50_complex/20260427_060552/thesis_metrics.json
[INFO] Loaded independent test samples: 179
[INFO] Independent TestLoss 1.3723 | TestAcc 92.18% | TestTop5 100.00%
可视化已保存至：results/resnet50_complex/20260427_060552/visualization

[STDERR]

Stage1 Epoch 1/10:   0%|                                                                                         | 0/80 [00:00<?, ?it/s]/mnt/workspace/engine/trainer.py:55: FutureWarning: `torch.cuda.amp.autocast(args...)` is deprecated. Please use `torch.amp.autocast('cuda', args...)` instead.
  with autocast(enabled=scaler is not None):

Stage1 Epoch 1/10:   1%|█                                                                                | 1/80 [00:01<01:23,  1.06s/it]
Stage1 Epoch 1/10:   9%|███████                                                                          | 7/80 [00:01<00:09,  7.92it/s]
Stage1 Epoch 1/10:  16%|█████████████                                                                   | 13/80 [00:01<00:04, 15.28it/s]
Stage1 Epoch 1/10:  22%|██████████████████                                                              | 18/80 [00:01<00:03, 19.31it/s]
Stage1 Epoch 1/10:  28%|██████████████████████                                                          | 22/80 [00:01<00:02, 23.01it/s]
Stage1 Epoch 1/10:  32%|██████████████████████████                                                      | 26/80 [00:01<00:02, 25.91it/s]
Stage1 Epoch 1/10:  38%|██████████████████████████████                                                  | 30/80 [00:01<00:01, 27.33it/s]
Stage1 Epoch 1/10:  42%|██████████████████████████████████                                              | 34/80 [00:01<00:01, 29.13it/s]
Stage1 Epoch 1/10:  48%|██████████████████████████████████████                                          | 38/80 [00:02<00:01, 30.07it/s]
Stage1 Epoch 1/10:  52%|██████████████████████████████████████████                                      | 42/80 [00:02<00:01, 30.34it/s]
Stage1 Epoch 1/10:  57%|██████████████████████████████████████████████                                  | 46/80 [00:02<00:01, 32.11it/s]
Stage1 Epoch 1/10:  62%|██████████████████████████████████████████████████                              | 50/80 [00:02<00:00, 31.08it/s]
Stage1 Epoch 1/10:  69%|███████████████████████████████████████████████████████                         | 55/80 [00:02<00:00, 34.63it/s]
Stage1 Epoch 1/10:  74%|███████████████████████████████████████████████████████████                     | 59/80 [00:02<00:00, 34.14it/s]
Stage1 Epoch 1/10:  79%|███████████████████████████████████████████████████████████████                 | 63/80 [00:02<00:00, 34.70it/s]
Stage1 Epoch 1/10:  84%|███████████████████████████████████████████████████████████████████             | 67/80 [00:02<00:00, 34.99it/s]
Stage1 Epoch 1/10:  89%|███████████████████████████████████████████████████████████████████████         | 71/80 [00:02<00:00, 34.56it/s]
Stage1 Epoch 1/10:  95%|████████████████████████████████████████████████████████████████████████████    | 76/80 [00:03<00:00, 33.41it/s]
Stage1 Epoch 1/10: 100%|████████████████████████████████████████████████████████████████████████████████| 80/80 [00:03<00:00, 34.10it/s]
Stage1 Epoch 1/10: 100%|████████████████████████████████████████████████████████████████████████████████| 80/80 [00:03<00:00, 24.66it/s]

Stage1 Epoch 2/10:   0%|                                                                                         | 0/80 [00:00<?, ?it/s]
Stage1 Epoch 2/10:   1%|█                                                                                | 1/80 [00:00<00:13,  5.74it/s]
Stage1 Epoch 2/10:   8%|██████                                                                           | 6/80 [00:00<00:03, 24.60it/s]
Stage1 Epoch 2/10:  14%|███████████                                                                     | 11/80 [00:00<00:02, 33.14it/s]
Stage1 Epoch 2/10:  19%|███████████████                                                                 | 15/80 [00:00<00:01, 35.29it/s]
Stage1 Epoch 2/10:  24%|███████████████████                                                             | 19/80 [00:00<00:01, 32.90it/s]
Stage1 Epoch 2/10:  29%|███████████████████████                                                         | 23/80 [00:00<00:01, 31.42it/s]
Stage1 Epoch 2/10:  34%|███████████████████████████                                                     | 27/80 [00:00<00:01, 30.78it/s]
Stage1 Epoch 2/10:  39%|███████████████████████████████                                                 | 31/80 [00:01<00:01, 32.37it/s]
Stage1 Epoch 2/10:  45%|████████████████████████████████████                                            | 36/80 [00:01<00:01, 36.10it/s]
Stage1 Epoch 2/10:  51%|█████████████████████████████████████████                                       | 41/80 [00:01<00:01, 36.97it/s]
Stage1 Epoch 2/10:  57%|██████████████████████████████████████████████                                  | 46/80 [00:01<00:00, 39.55it/s]
Stage1 Epoch 2/10:  64%|███████████████████████████████████████████████████                             | 51/80 [00:01<00:00, 36.34it/s]
Stage1 Epoch 2/10:  70%|████████████████████████████████████████████████████████                        | 56/80 [00:01<00:00, 39.34it/s]
Stage1 Epoch 2/10:  76%|█████████████████████████████████████████████████████████████                   | 61/80 [00:01<00:00, 32.62it/s]
Stage1 Epoch 2/10:  81%|█████████████████████████████████████████████████████████████████               | 65/80 [00:01<00:00, 33.27it/s]
Stage1 Epoch 2/10:  86%|█████████████████████████████████████████████████████████████████████           | 69/80 [00:02<00:00, 34.18it/s]
Stage1 Epoch 2/10:  91%|█████████████████████████████████████████████████████████████████████████       | 73/80 [00:02<00:00, 34.70it/s]
Stage1 Epoch 2/10:  98%|██████████████████████████████████████████████████████████████████████████████  | 78/80 [00:02<00:00, 38.07it/s]
Stage1 Epoch 2/10: 100%|████████████████████████████████████████████████████████████████████████████████| 80/80 [00:02<00:00, 34.21it/s]

Stage1 Epoch 3/10:   0%|                                                                                         | 0/80 [00:00<?, ?it/s]
Stage1 Epoch 3/10:   1%|█                                                                                | 1/80 [00:00<00:13,  5.97it/s]
Stage1 Epoch 3/10:   8%|██████                                                                           | 6/80 [00:00<00:03, 22.40it/s]
Stage1 Epoch 3/10:  14%|███████████                                                                     | 11/80 [00:00<00:02, 31.69it/s]
Stage1 Epoch 3/10:  20%|████████████████                                                                | 16/80 [00:00<00:01, 37.13it/s]
Stage1 Epoch 3/10:  26%|█████████████████████                                                           | 21/80 [00:00<00:01, 37.66it/s]
Stage1 Epoch 3/10:  31%|█████████████████████████                                                       | 25/80 [00:00<00:01, 35.13it/s]
Stage1 Epoch 3/10:  36%|█████████████████████████████                                                   | 29/80 [00:00<00:01, 34.04it/s]
Stage1 Epoch 3/10:  41%|█████████████████████████████████                                               | 33/80 [00:01<00:01, 34.59it/s]
Stage1 Epoch 3/10:  48%|██████████████████████████████████████                                          | 38/80 [00:01<00:01, 36.96it/s]
Stage1 Epoch 3/10:  54%|███████████████████████████████████████████                                     | 43/80 [00:01<00:00, 39.14it/s]
Stage1 Epoch 3/10:  60%|████████████████████████████████████████████████                                | 48/80 [00:01<00:00, 40.90it/s]
Stage1 Epoch 3/10:  66%|█████████████████████████████████████████████████████                           | 53/80 [00:01<00:00, 42.69it/s]
Stage1 Epoch 3/10:  72%|██████████████████████████████████████████████████████████                      | 58/80 [00:01<00:00, 40.37it/s]
Stage1 Epoch 3/10:  79%|███████████████████████████████████████████████████████████████                 | 63/80 [00:01<00:00, 38.18it/s]
Stage1 Epoch 3/10:  85%|████████████████████████████████████████████████████████████████████            | 68/80 [00:01<00:00, 38.61it/s]
Stage1 Epoch 3/10:  90%|████████████████████████████████████████████████████████████████████████        | 72/80 [00:01<00:00, 38.43it/s]
Stage1 Epoch 3/10:  95%|████████████████████████████████████████████████████████████████████████████    | 76/80 [00:02<00:00, 38.40it/s]
Stage1 Epoch 3/10: 100%|████████████████████████████████████████████████████████████████████████████████| 80/80 [00:02<00:00, 36.40it/s]

Stage1 Epoch 4/10:   0%|                                                                                         | 0/80 [00:00<?, ?it/s]
Stage1 Epoch 4/10:   1%|█                                                                                | 1/80 [00:00<00:14,  5.47it/s]
Stage1 Epoch 4/10:   8%|██████                                                                           | 6/80 [00:00<00:03, 19.21it/s]
Stage1 Epoch 4/10:  12%|██████████                                                                      | 10/80 [00:00<00:02, 23.59it/s]
Stage1 Epoch 4/10:  18%|██████████████                                                                  | 14/80 [00:00<00:02, 25.92it/s]
Stage1 Epoch 4/10:  22%|██████████████████                                                              | 18/80 [00:00<00:02, 27.31it/s]
Stage1 Epoch 4/10:  28%|██████████████████████                                                          | 22/80 [00:00<00:01, 30.00it/s]
Stage1 Epoch 4/10:  32%|██████████████████████████                                                      | 26/80 [00:00<00:01, 31.87it/s]
Stage1 Epoch 4/10:  39%|███████████████████████████████                                                 | 31/80 [00:01<00:01, 35.42it/s]
Stage1 Epoch 4/10:  45%|████████████████████████████████████                                            | 36/80 [00:01<00:01, 38.90it/s]
Stage1 Epoch 4/10:  51%|█████████████████████████████████████████                                       | 41/80 [00:01<00:00, 40.81it/s]
Stage1 Epoch 4/10:  57%|██████████████████████████████████████████████                                  | 46/80 [00:01<00:00, 36.23it/s]
Stage1 Epoch 4/10:  62%|██████████████████████████████████████████████████                              | 50/80 [00:01<00:00, 35.99it/s]
Stage1 Epoch 4/10:  68%|██████████████████████████████████████████████████████                          | 54/80 [00:01<00:00, 36.20it/s]
Stage1 Epoch 4/10:  72%|██████████████████████████████████████████████████████████                      | 58/80 [00:01<00:00, 35.64it/s]
Stage1 Epoch 4/10:  78%|██████████████████████████████████████████████████████████████                  | 62/80 [00:01<00:00, 36.38it/s]
Stage1 Epoch 4/10:  84%|███████████████████████████████████████████████████████████████████             | 67/80 [00:02<00:00, 39.13it/s]
Stage1 Epoch 4/10:  90%|████████████████████████████████████████████████████████████████████████        | 72/80 [00:02<00:00, 40.19it/s]
Stage1 Epoch 4/10:  96%|█████████████████████████████████████████████████████████████████████████████   | 77/80 [00:02<00:00, 38.38it/s]
Stage1 Epoch 4/10: 100%|████████████████████████████████████████████████████████████████████████████████| 80/80 [00:02<00:00, 33.86it/s]

Stage1 Epoch 5/10:   0%|                                                                                         | 0/80 [00:00<?, ?it/s]
Stage1 Epoch 5/10:   1%|█                                                                                | 1/80 [00:00<00:13,  5.70it/s]
Stage1 Epoch 5/10:   9%|███████                                                                          | 7/80 [00:00<00:02, 27.90it/s]
Stage1 Epoch 5/10:  14%|███████████                                                                     | 11/80 [00:00<00:02, 29.38it/s]
Stage1 Epoch 5/10:  19%|███████████████                                                                 | 15/80 [00:00<00:02, 29.50it/s]
Stage1 Epoch 5/10:  24%|███████████████████                                                             | 19/80 [00:00<00:02, 29.25it/s]
Stage1 Epoch 5/10:  30%|████████████████████████                                                        | 24/80 [00:00<00:01, 34.79it/s]
Stage1 Epoch 5/10:  35%|████████████████████████████                                                    | 28/80 [00:00<00:01, 33.46it/s]
Stage1 Epoch 5/10:  40%|████████████████████████████████                                                | 32/80 [00:01<00:01, 33.12it/s]
Stage1 Epoch 5/10:  46%|█████████████████████████████████████                                           | 37/80 [00:01<00:01, 37.04it/s]
Stage1 Epoch 5/10:  52%|██████████████████████████████████████████                                      | 42/80 [00:01<00:01, 37.23it/s]
Stage1 Epoch 5/10:  57%|██████████████████████████████████████████████                                  | 46/80 [00:01<00:00, 37.05it/s]
Stage1 Epoch 5/10:  62%|██████████████████████████████████████████████████                              | 50/80 [00:01<00:00, 35.21it/s]
Stage1 Epoch 5/10:  68%|██████████████████████████████████████████████████████                          | 54/80 [00:01<00:00, 33.90it/s]
Stage1 Epoch 5/10:  74%|███████████████████████████████████████████████████████████                     | 59/80 [00:01<00:00, 37.38it/s]
Stage1 Epoch 5/10:  79%|███████████████████████████████████████████████████████████████                 | 63/80 [00:01<00:00, 36.64it/s]
Stage1 Epoch 5/10:  84%|███████████████████████████████████████████████████████████████████             | 67/80 [00:01<00:00, 36.67it/s]
Stage1 Epoch 5/10:  89%|███████████████████████████████████████████████████████████████████████         | 71/80 [00:02<00:00, 34.13it/s]
Stage1 Epoch 5/10:  94%|███████████████████████████████████████████████████████████████████████████     | 75/80 [00:02<00:00, 34.75it/s]
Stage1 Epoch 5/10: 100%|████████████████████████████████████████████████████████████████████████████████| 80/80 [00:02<00:00, 38.75it/s]
Stage1 Epoch 5/10: 100%|████████████████████████████████████████████████████████████████████████████████| 80/80 [00:02<00:00, 33.98it/s]

Stage1 Epoch 6/10:   0%|                                                                                         | 0/80 [00:00<?, ?it/s]
Stage1 Epoch 6/10:   1%|█                                                                                | 1/80 [00:00<00:17,  4.45it/s]
Stage1 Epoch 6/10:   6%|█████                                                                            | 5/80 [00:00<00:04, 18.19it/s]
Stage1 Epoch 6/10:  12%|██████████                                                                      | 10/80 [00:00<00:02, 28.90it/s]
Stage1 Epoch 6/10:  18%|██████████████                                                                  | 14/80 [00:00<00:02, 31.75it/s]
Stage1 Epoch 6/10:  24%|███████████████████                                                             | 19/80 [00:00<00:01, 32.16it/s]
Stage1 Epoch 6/10:  29%|███████████████████████                                                         | 23/80 [00:00<00:01, 33.52it/s]
Stage1 Epoch 6/10:  34%|███████████████████████████                                                     | 27/80 [00:00<00:01, 34.59it/s]
Stage1 Epoch 6/10:  39%|███████████████████████████████                                                 | 31/80 [00:01<00:01, 35.39it/s]
Stage1 Epoch 6/10:  44%|███████████████████████████████████                                             | 35/80 [00:01<00:01, 35.74it/s]
Stage1 Epoch 6/10:  49%|███████████████████████████████████████                                         | 39/80 [00:01<00:01, 36.09it/s]
Stage1 Epoch 6/10:  54%|███████████████████████████████████████████                                     | 43/80 [00:01<00:01, 36.05it/s]
Stage1 Epoch 6/10:  59%|███████████████████████████████████████████████                                 | 47/80 [00:01<00:00, 36.39it/s]
Stage1 Epoch 6/10:  64%|███████████████████████████████████████████████████                             | 51/80 [00:01<00:00, 36.68it/s]
Stage1 Epoch 6/10:  69%|███████████████████████████████████████████████████████                         | 55/80 [00:01<00:00, 36.47it/s]
Stage1 Epoch 6/10:  74%|███████████████████████████████████████████████████████████                     | 59/80 [00:01<00:00, 36.97it/s]
Stage1 Epoch 6/10:  80%|████████████████████████████████████████████████████████████████                | 64/80 [00:01<00:00, 40.27it/s]
Stage1 Epoch 6/10:  86%|█████████████████████████████████████████████████████████████████████           | 69/80 [00:01<00:00, 41.76it/s]
Stage1 Epoch 6/10:  92%|██████████████████████████████████████████████████████████████████████████      | 74/80 [00:02<00:00, 41.43it/s]
Stage1 Epoch 6/10:  99%|███████████████████████████████████████████████████████████████████████████████ | 79/80 [00:02<00:00, 40.45it/s]
Stage1 Epoch 6/10: 100%|████████████████████████████████████████████████████████████████████████████████| 80/80 [00:02<00:00, 34.82it/s]

Stage1 Epoch 7/10:   0%|                                                                                         | 0/80 [00:00<?, ?it/s]
Stage1 Epoch 7/10:   1%|█                                                                                | 1/80 [00:00<00:17,  4.56it/s]
Stage1 Epoch 7/10:   6%|█████                                                                            | 5/80 [00:00<00:04, 16.39it/s]
Stage1 Epoch 7/10:  12%|██████████                                                                      | 10/80 [00:00<00:02, 26.14it/s]
Stage1 Epoch 7/10:  19%|███████████████                                                                 | 15/80 [00:00<00:02, 31.93it/s]
Stage1 Epoch 7/10:  25%|████████████████████                                                            | 20/80 [00:00<00:01, 36.84it/s]
Stage1 Epoch 7/10:  31%|█████████████████████████                                                       | 25/80 [00:00<00:01, 37.72it/s]
Stage1 Epoch 7/10:  38%|██████████████████████████████                                                  | 30/80 [00:00<00:01, 38.67it/s]
Stage1 Epoch 7/10:  44%|███████████████████████████████████                                             | 35/80 [00:01<00:01, 39.13it/s]
Stage1 Epoch 7/10:  50%|████████████████████████████████████████                                        | 40/80 [00:01<00:01, 39.39it/s]
Stage1 Epoch 7/10:  56%|█████████████████████████████████████████████                                   | 45/80 [00:01<00:00, 39.45it/s]
Stage1 Epoch 7/10:  61%|█████████████████████████████████████████████████                               | 49/80 [00:01<00:00, 39.50it/s]
Stage1 Epoch 7/10:  66%|█████████████████████████████████████████████████████                           | 53/80 [00:01<00:00, 37.93it/s]
Stage1 Epoch 7/10:  71%|█████████████████████████████████████████████████████████                       | 57/80 [00:01<00:00, 36.66it/s]
Stage1 Epoch 7/10:  76%|█████████████████████████████████████████████████████████████                   | 61/80 [00:01<00:00, 34.02it/s]
Stage1 Epoch 7/10:  81%|█████████████████████████████████████████████████████████████████               | 65/80 [00:01<00:00, 32.58it/s]
Stage1 Epoch 7/10:  88%|██████████████████████████████████████████████████████████████████████          | 70/80 [00:02<00:00, 36.34it/s]
Stage1 Epoch 7/10:  94%|███████████████████████████████████████████████████████████████████████████     | 75/80 [00:02<00:00, 39.39it/s]
Stage1 Epoch 7/10: 100%|████████████████████████████████████████████████████████████████████████████████| 80/80 [00:02<00:00, 39.61it/s]
Stage1 Epoch 7/10: 100%|████████████████████████████████████████████████████████████████████████████████| 80/80 [00:02<00:00, 35.00it/s]

Stage1 Epoch 8/10:   0%|                                                                                         | 0/80 [00:00<?, ?it/s]
Stage1 Epoch 8/10:   1%|█                                                                                | 1/80 [00:00<00:13,  5.65it/s]
Stage1 Epoch 8/10:   6%|█████                                                                            | 5/80 [00:00<00:04, 18.27it/s]
Stage1 Epoch 8/10:  12%|██████████                                                                      | 10/80 [00:00<00:02, 28.93it/s]
Stage1 Epoch 8/10:  19%|███████████████                                                                 | 15/80 [00:00<00:01, 34.97it/s]
Stage1 Epoch 8/10:  24%|███████████████████                                                             | 19/80 [00:00<00:01, 33.62it/s]
Stage1 Epoch 8/10:  30%|████████████████████████                                                        | 24/80 [00:00<00:01, 35.63it/s]
Stage1 Epoch 8/10:  36%|█████████████████████████████                                                   | 29/80 [00:00<00:01, 39.10it/s]
Stage1 Epoch 8/10:  42%|██████████████████████████████████                                              | 34/80 [00:00<00:01, 40.91it/s]
Stage1 Epoch 8/10:  49%|███████████████████████████████████████                                         | 39/80 [00:01<00:00, 41.85it/s]
Stage1 Epoch 8/10:  55%|████████████████████████████████████████████                                    | 44/80 [00:01<00:00, 41.58it/s]
Stage1 Epoch 8/10:  61%|█████████████████████████████████████████████████                               | 49/80 [00:01<00:00, 39.15it/s]
Stage1 Epoch 8/10:  66%|█████████████████████████████████████████████████████                           | 53/80 [00:01<00:00, 38.44it/s]
Stage1 Epoch 8/10:  71%|█████████████████████████████████████████████████████████                       | 57/80 [00:01<00:00, 38.01it/s]
Stage1 Epoch 8/10:  76%|█████████████████████████████████████████████████████████████                   | 61/80 [00:01<00:00, 37.52it/s]
Stage1 Epoch 8/10:  81%|█████████████████████████████████████████████████████████████████               | 65/80 [00:01<00:00, 37.42it/s]
Stage1 Epoch 8/10:  86%|█████████████████████████████████████████████████████████████████████           | 69/80 [00:01<00:00, 37.13it/s]
Stage1 Epoch 8/10:  91%|█████████████████████████████████████████████████████████████████████████       | 73/80 [00:02<00:00, 37.05it/s]
Stage1 Epoch 8/10:  98%|██████████████████████████████████████████████████████████████████████████████  | 78/80 [00:02<00:00, 39.16it/s]
Stage1 Epoch 8/10: 100%|████████████████████████████████████████████████████████████████████████████████| 80/80 [00:02<00:00, 36.33it/s]

Stage1 Epoch 9/10:   0%|                                                                                         | 0/80 [00:00<?, ?it/s]
Stage1 Epoch 9/10:   1%|█                                                                                | 1/80 [00:00<00:13,  6.00it/s]
Stage1 Epoch 9/10:   8%|██████                                                                           | 6/80 [00:00<00:03, 24.45it/s]
Stage1 Epoch 9/10:  11%|█████████                                                                        | 9/80 [00:00<00:02, 24.82it/s]
Stage1 Epoch 9/10:  18%|██████████████                                                                  | 14/80 [00:00<00:02, 32.06it/s]
Stage1 Epoch 9/10:  24%|███████████████████                                                             | 19/80 [00:00<00:01, 36.92it/s]
Stage1 Epoch 9/10:  29%|███████████████████████                                                         | 23/80 [00:00<00:01, 37.68it/s]
Stage1 Epoch 9/10:  35%|████████████████████████████                                                    | 28/80 [00:00<00:01, 39.57it/s]
Stage1 Epoch 9/10:  41%|█████████████████████████████████                                               | 33/80 [00:01<00:01, 35.97it/s]
Stage1 Epoch 9/10:  48%|██████████████████████████████████████                                          | 38/80 [00:01<00:01, 39.05it/s]
Stage1 Epoch 9/10:  54%|███████████████████████████████████████████                                     | 43/80 [00:01<00:00, 41.15it/s]
Stage1 Epoch 9/10:  60%|████████████████████████████████████████████████                                | 48/80 [00:01<00:00, 36.39it/s]
Stage1 Epoch 9/10:  65%|████████████████████████████████████████████████████                            | 52/80 [00:01<00:00, 36.64it/s]
Stage1 Epoch 9/10:  70%|████████████████████████████████████████████████████████                        | 56/80 [00:01<00:00, 33.81it/s]
Stage1 Epoch 9/10:  75%|████████████████████████████████████████████████████████████                    | 60/80 [00:01<00:00, 32.55it/s]
Stage1 Epoch 9/10:  80%|████████████████████████████████████████████████████████████████                | 64/80 [00:01<00:00, 31.97it/s]
Stage1 Epoch 9/10:  86%|█████████████████████████████████████████████████████████████████████           | 69/80 [00:02<00:00, 35.99it/s]
Stage1 Epoch 9/10:  92%|██████████████████████████████████████████████████████████████████████████      | 74/80 [00:02<00:00, 38.04it/s]
Stage1 Epoch 9/10:  98%|██████████████████████████████████████████████████████████████████████████████  | 78/80 [00:02<00:00, 35.13it/s]
Stage1 Epoch 9/10: 100%|████████████████████████████████████████████████████████████████████████████████| 80/80 [00:02<00:00, 34.34it/s]

Stage1 Epoch 10/10:   0%|                                                                                        | 0/80 [00:00<?, ?it/s]
Stage1 Epoch 10/10:   1%|█                                                                               | 1/80 [00:00<00:12,  6.33it/s]
Stage1 Epoch 10/10:   8%|██████                                                                          | 6/80 [00:00<00:02, 26.74it/s]
Stage1 Epoch 10/10:  14%|██████████▊                                                                    | 11/80 [00:00<00:02, 33.77it/s]
Stage1 Epoch 10/10:  19%|██████████████▊                                                                | 15/80 [00:00<00:01, 35.16it/s]
Stage1 Epoch 10/10:  24%|██████████████████▊                                                            | 19/80 [00:00<00:01, 36.13it/s]
Stage1 Epoch 10/10:  29%|██████████████████████▋                                                        | 23/80 [00:00<00:01, 36.51it/s]
Stage1 Epoch 10/10:  34%|██████████████████████████▋                                                    | 27/80 [00:00<00:01, 36.79it/s]
Stage1 Epoch 10/10:  39%|██████████████████████████████▌                                                | 31/80 [00:00<00:01, 36.68it/s]
Stage1 Epoch 10/10:  44%|██████████████████████████████████▌                                            | 35/80 [00:01<00:01, 36.80it/s]
Stage1 Epoch 10/10:  49%|██████████████████████████████████████▌                                        | 39/80 [00:01<00:01, 37.00it/s]
Stage1 Epoch 10/10:  54%|██████████████████████████████████████████▍                                    | 43/80 [00:01<00:01, 35.45it/s]
Stage1 Epoch 10/10:  60%|███████████████████████████████████████████████▍                               | 48/80 [00:01<00:00, 39.11it/s]
Stage1 Epoch 10/10:  66%|████████████████████████████████████████████████████▎                          | 53/80 [00:01<00:00, 41.73it/s]
Stage1 Epoch 10/10:  72%|█████████████████████████████████████████████████████████▎                     | 58/80 [00:01<00:00, 37.62it/s]
Stage1 Epoch 10/10:  78%|█████████████████████████████████████████████████████████████▏                 | 62/80 [00:01<00:00, 36.93it/s]
Stage1 Epoch 10/10:  82%|█████████████████████████████████████████████████████████████████▏             | 66/80 [00:01<00:00, 37.18it/s]
Stage1 Epoch 10/10:  88%|█████████████████████████████████████████████████████████████████████▏         | 70/80 [00:01<00:00, 34.80it/s]
Stage1 Epoch 10/10:  94%|██████████████████████████████████████████████████████████████████████████     | 75/80 [00:02<00:00, 38.08it/s]
Stage1 Epoch 10/10: 100%|███████████████████████████████████████████████████████████████████████████████| 80/80 [00:02<00:00, 40.87it/s]
Stage1 Epoch 10/10: 100%|███████████████████████████████████████████████████████████████████████████████| 80/80 [00:02<00:00, 36.27it/s]

Stage2 Epoch 1/15:   0%|                                                                                         | 0/80 [00:00<?, ?it/s]
Stage2 Epoch 1/15:   1%|█                                                                                | 1/80 [00:00<00:26,  2.93it/s]
Stage2 Epoch 1/15:   4%|███                                                                              | 3/80 [00:00<00:09,  7.84it/s]
Stage2 Epoch 1/15:   6%|█████                                                                            | 5/80 [00:00<00:06, 11.18it/s]
Stage2 Epoch 1/15:   9%|███████                                                                          | 7/80 [00:00<00:05, 13.48it/s]
Stage2 Epoch 1/15:  11%|█████████                                                                        | 9/80 [00:00<00:04, 15.06it/s]
Stage2 Epoch 1/15:  14%|███████████                                                                     | 11/80 [00:00<00:04, 16.18it/s]
Stage2 Epoch 1/15:  16%|█████████████                                                                   | 13/80 [00:00<00:03, 16.95it/s]
Stage2 Epoch 1/15:  19%|███████████████                                                                 | 15/80 [00:01<00:03, 17.47it/s]
Stage2 Epoch 1/15:  21%|█████████████████                                                               | 17/80 [00:01<00:03, 17.82it/s]
Stage2 Epoch 1/15:  24%|███████████████████                                                             | 19/80 [00:01<00:03, 18.00it/s]
Stage2 Epoch 1/15:  26%|█████████████████████                                                           | 21/80 [00:01<00:03, 18.20it/s]
Stage2 Epoch 1/15:  29%|███████████████████████                                                         | 23/80 [00:01<00:03, 18.30it/s]
Stage2 Epoch 1/15:  31%|█████████████████████████                                                       | 25/80 [00:01<00:02, 18.39it/s]
Stage2 Epoch 1/15:  34%|███████████████████████████                                                     | 27/80 [00:01<00:02, 18.48it/s]
Stage2 Epoch 1/15:  36%|█████████████████████████████                                                   | 29/80 [00:01<00:02, 18.54it/s]
Stage2 Epoch 1/15:  39%|███████████████████████████████                                                 | 31/80 [00:01<00:02, 18.58it/s]
Stage2 Epoch 1/15:  41%|█████████████████████████████████                                               | 33/80 [00:02<00:02, 18.63it/s]
Stage2 Epoch 1/15:  44%|███████████████████████████████████                                             | 35/80 [00:02<00:02, 18.62it/s]
Stage2 Epoch 1/15:  46%|█████████████████████████████████████                                           | 37/80 [00:02<00:02, 18.61it/s]
Stage2 Epoch 1/15:  49%|███████████████████████████████████████                                         | 39/80 [00:02<00:02, 18.62it/s]
Stage2 Epoch 1/15:  51%|█████████████████████████████████████████                                       | 41/80 [00:02<00:02, 18.63it/s]
Stage2 Epoch 1/15:  54%|███████████████████████████████████████████                                     | 43/80 [00:02<00:01, 18.64it/s]
Stage2 Epoch 1/15:  56%|█████████████████████████████████████████████                                   | 45/80 [00:02<00:01, 18.63it/s]
Stage2 Epoch 1/15:  59%|███████████████████████████████████████████████                                 | 47/80 [00:02<00:01, 18.64it/s]
Stage2 Epoch 1/15:  61%|█████████████████████████████████████████████████                               | 49/80 [00:02<00:01, 18.65it/s]
Stage2 Epoch 1/15:  64%|███████████████████████████████████████████████████                             | 51/80 [00:03<00:01, 18.66it/s]
Stage2 Epoch 1/15:  66%|█████████████████████████████████████████████████████                           | 53/80 [00:03<00:01, 18.65it/s]
Stage2 Epoch 1/15:  69%|███████████████████████████████████████████████████████                         | 55/80 [00:03<00:01, 18.63it/s]
Stage2 Epoch 1/15:  71%|█████████████████████████████████████████████████████████                       | 57/80 [00:03<00:01, 18.62it/s]
Stage2 Epoch 1/15:  74%|███████████████████████████████████████████████████████████                     | 59/80 [00:03<00:01, 18.63it/s]
Stage2 Epoch 1/15:  76%|█████████████████████████████████████████████████████████████                   | 61/80 [00:03<00:01, 18.60it/s]
Stage2 Epoch 1/15:  79%|███████████████████████████████████████████████████████████████                 | 63/80 [00:03<00:00, 18.62it/s]
Stage2 Epoch 1/15:  81%|█████████████████████████████████████████████████████████████████               | 65/80 [00:03<00:00, 18.62it/s]
Stage2 Epoch 1/15:  84%|███████████████████████████████████████████████████████████████████             | 67/80 [00:03<00:00, 18.60it/s]
Stage2 Epoch 1/15:  86%|█████████████████████████████████████████████████████████████████████           | 69/80 [00:03<00:00, 18.62it/s]
Stage2 Epoch 1/15:  89%|███████████████████████████████████████████████████████████████████████         | 71/80 [00:04<00:00, 18.63it/s]
Stage2 Epoch 1/15:  91%|█████████████████████████████████████████████████████████████████████████       | 73/80 [00:04<00:00, 18.63it/s]
Stage2 Epoch 1/15:  94%|███████████████████████████████████████████████████████████████████████████     | 75/80 [00:04<00:00, 18.63it/s]
Stage2 Epoch 1/15:  96%|█████████████████████████████████████████████████████████████████████████████   | 77/80 [00:04<00:00, 18.63it/s]
Stage2 Epoch 1/15:  99%|███████████████████████████████████████████████████████████████████████████████ | 79/80 [00:04<00:00, 18.63it/s]
Stage2 Epoch 1/15: 100%|████████████████████████████████████████████████████████████████████████████████| 80/80 [00:04<00:00, 17.37it/s]

Stage2 Epoch 2/15:   0%|                                                                                         | 0/80 [00:00<?, ?it/s]
Stage2 Epoch 2/15:   1%|█                                                                                | 1/80 [00:00<00:16,  4.76it/s]
Stage2 Epoch 2/15:   4%|███                                                                              | 3/80 [00:00<00:07, 10.63it/s]
Stage2 Epoch 2/15:   6%|█████                                                                            | 5/80 [00:00<00:05, 13.65it/s]
Stage2 Epoch 2/15:   9%|███████                                                                          | 7/80 [00:00<00:04, 15.41it/s]
Stage2 Epoch 2/15:  11%|█████████                                                                        | 9/80 [00:00<00:04, 16.47it/s]
Stage2 Epoch 2/15:  14%|███████████                                                                     | 11/80 [00:00<00:04, 17.17it/s]
Stage2 Epoch 2/15:  16%|█████████████                                                                   | 13/80 [00:00<00:03, 17.62it/s]
Stage2 Epoch 2/15:  19%|███████████████                                                                 | 15/80 [00:00<00:03, 17.95it/s]
Stage2 Epoch 2/15:  21%|█████████████████                                                               | 17/80 [00:01<00:03, 18.06it/s]
Stage2 Epoch 2/15:  24%|███████████████████                                                             | 19/80 [00:01<00:03, 18.17it/s]
Stage2 Epoch 2/15:  26%|█████████████████████                                                           | 21/80 [00:01<00:03, 18.29it/s]
Stage2 Epoch 2/15:  29%|███████████████████████                                                         | 23/80 [00:01<00:03, 18.39it/s]
Stage2 Epoch 2/15:  31%|█████████████████████████                                                       | 25/80 [00:01<00:02, 18.46it/s]
Stage2 Epoch 2/15:  34%|███████████████████████████                                                     | 27/80 [00:01<00:02, 18.51it/s]
Stage2 Epoch 2/15:  36%|█████████████████████████████                                                   | 29/80 [00:01<00:02, 18.51it/s]
Stage2 Epoch 2/15:  39%|███████████████████████████████                                                 | 31/80 [00:01<00:02, 18.54it/s]
Stage2 Epoch 2/15:  41%|█████████████████████████████████                                               | 33/80 [00:01<00:02, 18.57it/s]
Stage2 Epoch 2/15:  44%|███████████████████████████████████                                             | 35/80 [00:02<00:02, 18.51it/s]
Stage2 Epoch 2/15:  46%|█████████████████████████████████████                                           | 37/80 [00:02<00:02, 18.50it/s]
Stage2 Epoch 2/15:  49%|███████████████████████████████████████                                         | 39/80 [00:02<00:02, 18.53it/s]
Stage2 Epoch 2/15:  51%|█████████████████████████████████████████                                       | 41/80 [00:02<00:02, 18.54it/s]
Stage2 Epoch 2/15:  54%|███████████████████████████████████████████                                     | 43/80 [00:02<00:01, 18.59it/s]
Stage2 Epoch 2/15:  56%|█████████████████████████████████████████████                                   | 45/80 [00:02<00:01, 18.60it/s]
Stage2 Epoch 2/15:  59%|███████████████████████████████████████████████                                 | 47/80 [00:02<00:01, 18.59it/s]
Stage2 Epoch 2/15:  61%|█████████████████████████████████████████████████                               | 49/80 [00:02<00:01, 18.58it/s]
Stage2 Epoch 2/15:  64%|███████████████████████████████████████████████████                             | 51/80 [00:02<00:01, 18.58it/s]
Stage2 Epoch 2/15:  66%|█████████████████████████████████████████████████████                           | 53/80 [00:03<00:01, 18.58it/s]
Stage2 Epoch 2/15:  69%|███████████████████████████████████████████████████████                         | 55/80 [00:03<00:01, 18.56it/s]
Stage2 Epoch 2/15:  71%|█████████████████████████████████████████████████████████                       | 57/80 [00:03<00:01, 18.55it/s]
Stage2 Epoch 2/15:  74%|███████████████████████████████████████████████████████████                     | 59/80 [00:03<00:01, 18.56it/s]
Stage2 Epoch 2/15:  76%|█████████████████████████████████████████████████████████████                   | 61/80 [00:03<00:01, 18.56it/s]
Stage2 Epoch 2/15:  79%|███████████████████████████████████████████████████████████████                 | 63/80 [00:03<00:00, 18.59it/s]
Stage2 Epoch 2/15:  81%|█████████████████████████████████████████████████████████████████               | 65/80 [00:03<00:00, 18.59it/s]
Stage2 Epoch 2/15:  84%|███████████████████████████████████████████████████████████████████             | 67/80 [00:03<00:00, 18.60it/s]
Stage2 Epoch 2/15:  86%|█████████████████████████████████████████████████████████████████████           | 69/80 [00:03<00:00, 18.62it/s]
Stage2 Epoch 2/15:  89%|███████████████████████████████████████████████████████████████████████         | 71/80 [00:03<00:00, 18.59it/s]
Stage2 Epoch 2/15:  91%|█████████████████████████████████████████████████████████████████████████       | 73/80 [00:04<00:00, 18.56it/s]
Stage2 Epoch 2/15:  94%|███████████████████████████████████████████████████████████████████████████     | 75/80 [00:04<00:00, 18.56it/s]
Stage2 Epoch 2/15:  96%|█████████████████████████████████████████████████████████████████████████████   | 77/80 [00:04<00:00, 18.56it/s]
Stage2 Epoch 2/15:  99%|███████████████████████████████████████████████████████████████████████████████ | 79/80 [00:04<00:00, 18.58it/s]
Stage2 Epoch 2/15: 100%|████████████████████████████████████████████████████████████████████████████████| 80/80 [00:04<00:00, 17.84it/s]

Stage2 Epoch 3/15:   0%|                                                                                         | 0/80 [00:00<?, ?it/s]
Stage2 Epoch 3/15:   1%|█                                                                                | 1/80 [00:00<00:16,  4.86it/s]
Stage2 Epoch 3/15:   4%|███                                                                              | 3/80 [00:00<00:07, 10.72it/s]
Stage2 Epoch 3/15:   6%|█████                                                                            | 5/80 [00:00<00:05, 13.71it/s]
Stage2 Epoch 3/15:   9%|███████                                                                          | 7/80 [00:00<00:04, 15.42it/s]
Stage2 Epoch 3/15:  11%|█████████                                                                        | 9/80 [00:00<00:04, 16.51it/s]
Stage2 Epoch 3/15:  14%|███████████                                                                     | 11/80 [00:00<00:04, 17.21it/s]
Stage2 Epoch 3/15:  16%|█████████████                                                                   | 13/80 [00:00<00:03, 17.66it/s]
Stage2 Epoch 3/15:  19%|███████████████                                                                 | 15/80 [00:00<00:03, 17.98it/s]
Stage2 Epoch 3/15:  21%|█████████████████                                                               | 17/80 [00:01<00:03, 18.08it/s]
Stage2 Epoch 3/15:  24%|███████████████████                                                             | 19/80 [00:01<00:03, 18.15it/s]
Stage2 Epoch 3/15:  26%|█████████████████████                                                           | 21/80 [00:01<00:03, 18.28it/s]
Stage2 Epoch 3/15:  29%|███████████████████████                                                         | 23/80 [00:01<00:03, 18.37it/s]
Stage2 Epoch 3/15:  31%|█████████████████████████                                                       | 25/80 [00:01<00:02, 18.45it/s]
Stage2 Epoch 3/15:  34%|███████████████████████████                                                     | 27/80 [00:01<00:02, 18.50it/s]
Stage2 Epoch 3/15:  36%|█████████████████████████████                                                   | 29/80 [00:01<00:02, 18.54it/s]
Stage2 Epoch 3/15:  39%|███████████████████████████████                                                 | 31/80 [00:01<00:02, 18.58it/s]
Stage2 Epoch 3/15:  41%|█████████████████████████████████                                               | 33/80 [00:01<00:02, 18.59it/s]
Stage2 Epoch 3/15:  44%|███████████████████████████████████                                             | 35/80 [00:02<00:02, 18.56it/s]
Stage2 Epoch 3/15:  46%|█████████████████████████████████████                                           | 37/80 [00:02<00:02, 18.53it/s]
Stage2 Epoch 3/15:  49%|███████████████████████████████████████                                         | 39/80 [00:02<00:02, 18.52it/s]
Stage2 Epoch 3/15:  51%|█████████████████████████████████████████                                       | 41/80 [00:02<00:02, 18.55it/s]
Stage2 Epoch 3/15:  54%|███████████████████████████████████████████                                     | 43/80 [00:02<00:01, 18.55it/s]
Stage2 Epoch 3/15:  56%|█████████████████████████████████████████████                                   | 45/80 [00:02<00:01, 18.58it/s]
Stage2 Epoch 3/15:  59%|███████████████████████████████████████████████                                 | 47/80 [00:02<00:01, 18.59it/s]
Stage2 Epoch 3/15:  61%|█████████████████████████████████████████████████                               | 49/80 [00:02<00:01, 18.59it/s]
Stage2 Epoch 3/15:  64%|███████████████████████████████████████████████████                             | 51/80 [00:02<00:01, 18.60it/s]
Stage2 Epoch 3/15:  66%|█████████████████████████████████████████████████████                           | 53/80 [00:03<00:01, 18.58it/s]
Stage2 Epoch 3/15:  69%|███████████████████████████████████████████████████████                         | 55/80 [00:03<00:01, 18.55it/s]
Stage2 Epoch 3/15:  71%|█████████████████████████████████████████████████████████                       | 57/80 [00:03<00:01, 18.55it/s]
Stage2 Epoch 3/15:  74%|███████████████████████████████████████████████████████████                     | 59/80 [00:03<00:01, 18.54it/s]
Stage2 Epoch 3/15:  76%|█████████████████████████████████████████████████████████████                   | 61/80 [00:03<00:01, 18.56it/s]
Stage2 Epoch 3/15:  79%|███████████████████████████████████████████████████████████████                 | 63/80 [00:03<00:00, 18.57it/s]
Stage2 Epoch 3/15:  81%|█████████████████████████████████████████████████████████████████               | 65/80 [00:03<00:00, 18.58it/s]
Stage2 Epoch 3/15:  84%|███████████████████████████████████████████████████████████████████             | 67/80 [00:03<00:00, 18.60it/s]
Stage2 Epoch 3/15:  86%|█████████████████████████████████████████████████████████████████████           | 69/80 [00:03<00:00, 18.58it/s]
Stage2 Epoch 3/15:  89%|███████████████████████████████████████████████████████████████████████         | 71/80 [00:03<00:00, 18.57it/s]
Stage2 Epoch 3/15:  91%|█████████████████████████████████████████████████████████████████████████       | 73/80 [00:04<00:00, 18.55it/s]
Stage2 Epoch 3/15:  94%|███████████████████████████████████████████████████████████████████████████     | 75/80 [00:04<00:00, 18.53it/s]
Stage2 Epoch 3/15:  96%|█████████████████████████████████████████████████████████████████████████████   | 77/80 [00:04<00:00, 18.56it/s]
Stage2 Epoch 3/15:  99%|███████████████████████████████████████████████████████████████████████████████ | 79/80 [00:04<00:00, 18.56it/s]
Stage2 Epoch 3/15: 100%|████████████████████████████████████████████████████████████████████████████████| 80/80 [00:04<00:00, 17.84it/s]

Stage2 Epoch 4/15:   0%|                                                                                         | 0/80 [00:00<?, ?it/s]
Stage2 Epoch 4/15:   1%|█                                                                                | 1/80 [00:00<00:16,  4.76it/s]
Stage2 Epoch 4/15:   4%|███                                                                              | 3/80 [00:00<00:07, 10.59it/s]
Stage2 Epoch 4/15:   6%|█████                                                                            | 5/80 [00:00<00:05, 13.61it/s]
Stage2 Epoch 4/15:   9%|███████                                                                          | 7/80 [00:00<00:04, 15.33it/s]
Stage2 Epoch 4/15:  11%|█████████                                                                        | 9/80 [00:00<00:04, 16.43it/s]
Stage2 Epoch 4/15:  14%|███████████                                                                     | 11/80 [00:00<00:04, 17.12it/s]
Stage2 Epoch 4/15:  16%|█████████████                                                                   | 13/80 [00:00<00:03, 17.59it/s]
Stage2 Epoch 4/15:  19%|███████████████                                                                 | 15/80 [00:00<00:03, 17.90it/s]
Stage2 Epoch 4/15:  21%|█████████████████                                                               | 17/80 [00:01<00:03, 17.99it/s]
Stage2 Epoch 4/15:  24%|███████████████████                                                             | 19/80 [00:01<00:03, 18.13it/s]
Stage2 Epoch 4/15:  26%|█████████████████████                                                           | 21/80 [00:01<00:03, 18.25it/s]
Stage2 Epoch 4/15:  29%|███████████████████████                                                         | 23/80 [00:01<00:03, 18.37it/s]
Stage2 Epoch 4/15:  31%|█████████████████████████                                                       | 25/80 [00:01<00:02, 18.45it/s]
Stage2 Epoch 4/15:  34%|███████████████████████████                                                     | 27/80 [00:01<00:02, 18.49it/s]
Stage2 Epoch 4/15:  36%|█████████████████████████████                                                   | 29/80 [00:01<00:02, 18.52it/s]
Stage2 Epoch 4/15:  39%|███████████████████████████████                                                 | 31/80 [00:01<00:02, 18.52it/s]
Stage2 Epoch 4/15:  41%|█████████████████████████████████                                               | 33/80 [00:01<00:02, 18.54it/s]
Stage2 Epoch 4/15:  44%|███████████████████████████████████                                             | 35/80 [00:02<00:02, 18.47it/s]
Stage2 Epoch 4/15:  46%|█████████████████████████████████████                                           | 37/80 [00:02<00:02, 18.45it/s]
Stage2 Epoch 4/15:  49%|███████████████████████████████████████                                         | 39/80 [00:02<00:02, 18.47it/s]
Stage2 Epoch 4/15:  51%|█████████████████████████████████████████                                       | 41/80 [00:02<00:02, 18.48it/s]
Stage2 Epoch 4/15:  54%|███████████████████████████████████████████                                     | 43/80 [00:02<00:01, 18.52it/s]
Stage2 Epoch 4/15:  56%|█████████████████████████████████████████████                                   | 45/80 [00:02<00:01, 18.55it/s]
Stage2 Epoch 4/15:  59%|███████████████████████████████████████████████                                 | 47/80 [00:02<00:01, 18.55it/s]
Stage2 Epoch 4/15:  61%|█████████████████████████████████████████████████                               | 49/80 [00:02<00:01, 18.56it/s]
Stage2 Epoch 4/15:  64%|███████████████████████████████████████████████████                             | 51/80 [00:02<00:01, 18.53it/s]
Stage2 Epoch 4/15:  66%|█████████████████████████████████████████████████████                           | 53/80 [00:03<00:01, 18.51it/s]
Stage2 Epoch 4/15:  69%|███████████████████████████████████████████████████████                         | 55/80 [00:03<00:01, 18.47it/s]
Stage2 Epoch 4/15:  71%|█████████████████████████████████████████████████████████                       | 57/80 [00:03<00:01, 18.45it/s]
Stage2 Epoch 4/15:  74%|███████████████████████████████████████████████████████████                     | 59/80 [00:03<00:01, 18.44it/s]
Stage2 Epoch 4/15:  76%|█████████████████████████████████████████████████████████████                   | 61/80 [00:03<00:01, 18.45it/s]
Stage2 Epoch 4/15:  79%|███████████████████████████████████████████████████████████████                 | 63/80 [00:03<00:00, 18.49it/s]
Stage2 Epoch 4/15:  81%|█████████████████████████████████████████████████████████████████               | 65/80 [00:03<00:00, 18.51it/s]
Stage2 Epoch 4/15:  84%|███████████████████████████████████████████████████████████████████             | 67/80 [00:03<00:00, 18.53it/s]
Stage2 Epoch 4/15:  86%|█████████████████████████████████████████████████████████████████████           | 69/80 [00:03<00:00, 18.52it/s]
Stage2 Epoch 4/15:  89%|███████████████████████████████████████████████████████████████████████         | 71/80 [00:03<00:00, 18.49it/s]
Stage2 Epoch 4/15:  91%|█████████████████████████████████████████████████████████████████████████       | 73/80 [00:04<00:00, 18.51it/s]
Stage2 Epoch 4/15:  94%|███████████████████████████████████████████████████████████████████████████     | 75/80 [00:04<00:00, 18.51it/s]
Stage2 Epoch 4/15:  96%|█████████████████████████████████████████████████████████████████████████████   | 77/80 [00:04<00:00, 18.53it/s]
Stage2 Epoch 4/15:  99%|███████████████████████████████████████████████████████████████████████████████ | 79/80 [00:04<00:00, 18.54it/s]
Stage2 Epoch 4/15: 100%|████████████████████████████████████████████████████████████████████████████████| 80/80 [00:04<00:00, 17.79it/s]

Stage2 Epoch 5/15:   0%|                                                                                         | 0/80 [00:00<?, ?it/s]
Stage2 Epoch 5/15:   1%|█                                                                                | 1/80 [00:00<00:16,  4.73it/s]
Stage2 Epoch 5/15:   4%|███                                                                              | 3/80 [00:00<00:07, 10.54it/s]
Stage2 Epoch 5/15:   6%|█████                                                                            | 5/80 [00:00<00:05, 13.52it/s]
Stage2 Epoch 5/15:   9%|███████                                                                          | 7/80 [00:00<00:04, 15.29it/s]
Stage2 Epoch 5/15:  11%|█████████                                                                        | 9/80 [00:00<00:04, 16.39it/s]
Stage2 Epoch 5/15:  14%|███████████                                                                     | 11/80 [00:00<00:04, 17.09it/s]
Stage2 Epoch 5/15:  16%|█████████████                                                                   | 13/80 [00:00<00:03, 17.57it/s]
Stage2 Epoch 5/15:  19%|███████████████                                                                 | 15/80 [00:00<00:03, 17.88it/s]
Stage2 Epoch 5/15:  21%|█████████████████                                                               | 17/80 [00:01<00:03, 17.95it/s]
Stage2 Epoch 5/15:  24%|███████████████████                                                             | 19/80 [00:01<00:03, 18.10it/s]
Stage2 Epoch 5/15:  26%|█████████████████████                                                           | 21/80 [00:01<00:03, 18.24it/s]
Stage2 Epoch 5/15:  29%|███████████████████████                                                         | 23/80 [00:01<00:03, 18.36it/s]
Stage2 Epoch 5/15:  31%|█████████████████████████                                                       | 25/80 [00:01<00:02, 18.45it/s]
Stage2 Epoch 5/15:  34%|███████████████████████████                                                     | 27/80 [00:01<00:02, 18.52it/s]
Stage2 Epoch 5/15:  36%|█████████████████████████████                                                   | 29/80 [00:01<00:02, 18.52it/s]
Stage2 Epoch 5/15:  39%|███████████████████████████████                                                 | 31/80 [00:01<00:02, 18.56it/s]
Stage2 Epoch 5/15:  41%|█████████████████████████████████                                               | 33/80 [00:01<00:02, 18.60it/s]
Stage2 Epoch 5/15:  44%|███████████████████████████████████                                             | 35/80 [00:02<00:02, 18.53it/s]
Stage2 Epoch 5/15:  46%|█████████████████████████████████████                                           | 37/80 [00:02<00:02, 18.53it/s]
Stage2 Epoch 5/15:  49%|███████████████████████████████████████                                         | 39/80 [00:02<00:02, 18.56it/s]
Stage2 Epoch 5/15:  51%|█████████████████████████████████████████                                       | 41/80 [00:02<00:02, 18.57it/s]
Stage2 Epoch 5/15:  54%|███████████████████████████████████████████                                     | 43/80 [00:02<00:01, 18.61it/s]
Stage2 Epoch 5/15:  56%|█████████████████████████████████████████████                                   | 45/80 [00:02<00:01, 18.63it/s]
Stage2 Epoch 5/15:  59%|███████████████████████████████████████████████                                 | 47/80 [00:02<00:01, 18.64it/s]
Stage2 Epoch 5/15:  61%|█████████████████████████████████████████████████                               | 49/80 [00:02<00:01, 18.66it/s]
Stage2 Epoch 5/15:  64%|███████████████████████████████████████████████████                             | 51/80 [00:02<00:01, 18.63it/s]
Stage2 Epoch 5/15:  66%|█████████████████████████████████████████████████████                           | 53/80 [00:03<00:01, 18.58it/s]
Stage2 Epoch 5/15:  69%|███████████████████████████████████████████████████████                         | 55/80 [00:03<00:01, 18.58it/s]
Stage2 Epoch 5/15:  71%|█████████████████████████████████████████████████████████                       | 57/80 [00:03<00:01, 18.58it/s]
Stage2 Epoch 5/15:  74%|███████████████████████████████████████████████████████████                     | 59/80 [00:03<00:01, 18.59it/s]
Stage2 Epoch 5/15:  76%|█████████████████████████████████████████████████████████████                   | 61/80 [00:03<00:01, 18.62it/s]
Stage2 Epoch 5/15:  79%|███████████████████████████████████████████████████████████████                 | 63/80 [00:03<00:00, 18.61it/s]
Stage2 Epoch 5/15:  81%|█████████████████████████████████████████████████████████████████               | 65/80 [00:03<00:00, 18.61it/s]
Stage2 Epoch 5/15:  84%|███████████████████████████████████████████████████████████████████             | 67/80 [00:03<00:00, 18.58it/s]
Stage2 Epoch 5/15:  86%|█████████████████████████████████████████████████████████████████████           | 69/80 [00:03<00:00, 18.55it/s]
Stage2 Epoch 5/15:  89%|███████████████████████████████████████████████████████████████████████         | 71/80 [00:03<00:00, 18.54it/s]
Stage2 Epoch 5/15:  91%|█████████████████████████████████████████████████████████████████████████       | 73/80 [00:04<00:00, 18.53it/s]
Stage2 Epoch 5/15:  94%|███████████████████████████████████████████████████████████████████████████     | 75/80 [00:04<00:00, 18.58it/s]
Stage2 Epoch 5/15:  96%|█████████████████████████████████████████████████████████████████████████████   | 77/80 [00:04<00:00, 18.59it/s]
Stage2 Epoch 5/15:  99%|███████████████████████████████████████████████████████████████████████████████ | 79/80 [00:04<00:00, 18.61it/s]
Stage2 Epoch 5/15: 100%|████████████████████████████████████████████████████████████████████████████████| 80/80 [00:04<00:00, 17.82it/s]

Stage2 Epoch 6/15:   0%|                                                                                         | 0/80 [00:00<?, ?it/s]
Stage2 Epoch 6/15:   1%|█                                                                                | 1/80 [00:00<00:18,  4.29it/s]
Stage2 Epoch 6/15:   4%|███                                                                              | 3/80 [00:00<00:07,  9.96it/s]
Stage2 Epoch 6/15:   6%|█████                                                                            | 5/80 [00:00<00:05, 13.11it/s]
Stage2 Epoch 6/15:   9%|███████                                                                          | 7/80 [00:00<00:04, 15.00it/s]
Stage2 Epoch 6/15:  11%|█████████                                                                        | 9/80 [00:00<00:04, 16.19it/s]
Stage2 Epoch 6/15:  14%|███████████                                                                     | 11/80 [00:00<00:04, 16.97it/s]
Stage2 Epoch 6/15:  16%|█████████████                                                                   | 13/80 [00:00<00:03, 17.49it/s]
Stage2 Epoch 6/15:  19%|███████████████                                                                 | 15/80 [00:00<00:03, 17.86it/s]
Stage2 Epoch 6/15:  21%|█████████████████                                                               | 17/80 [00:01<00:03, 18.06it/s]
Stage2 Epoch 6/15:  24%|███████████████████                                                             | 19/80 [00:01<00:03, 18.21it/s]
Stage2 Epoch 6/15:  26%|█████████████████████                                                           | 21/80 [00:01<00:03, 18.34it/s]
Stage2 Epoch 6/15:  29%|███████████████████████                                                         | 23/80 [00:01<00:03, 18.44it/s]
Stage2 Epoch 6/15:  31%|█████████████████████████                                                       | 25/80 [00:01<00:02, 18.50it/s]
Stage2 Epoch 6/15:  34%|███████████████████████████                                                     | 27/80 [00:01<00:02, 18.55it/s]
Stage2 Epoch 6/15:  36%|█████████████████████████████                                                   | 29/80 [00:01<00:02, 18.57it/s]
Stage2 Epoch 6/15:  39%|███████████████████████████████                                                 | 31/80 [00:01<00:02, 18.60it/s]
Stage2 Epoch 6/15:  41%|█████████████████████████████████                                               | 33/80 [00:01<00:02, 18.62it/s]
Stage2 Epoch 6/15:  44%|███████████████████████████████████                                             | 35/80 [00:02<00:02, 18.58it/s]
Stage2 Epoch 6/15:  46%|█████████████████████████████████████                                           | 37/80 [00:02<00:02, 18.58it/s]
Stage2 Epoch 6/15:  49%|███████████████████████████████████████                                         | 39/80 [00:02<00:02, 18.59it/s]
Stage2 Epoch 6/15:  51%|█████████████████████████████████████████                                       | 41/80 [00:02<00:02, 18.60it/s]
Stage2 Epoch 6/15:  54%|███████████████████████████████████████████                                     | 43/80 [00:02<00:01, 18.61it/s]
Stage2 Epoch 6/15:  56%|█████████████████████████████████████████████                                   | 45/80 [00:02<00:01, 18.61it/s]
Stage2 Epoch 6/15:  59%|███████████████████████████████████████████████                                 | 47/80 [00:02<00:01, 18.62it/s]
Stage2 Epoch 6/15:  61%|█████████████████████████████████████████████████                               | 49/80 [00:02<00:01, 18.63it/s]
Stage2 Epoch 6/15:  64%|███████████████████████████████████████████████████                             | 51/80 [00:02<00:01, 18.61it/s]
Stage2 Epoch 6/15:  66%|█████████████████████████████████████████████████████                           | 53/80 [00:03<00:01, 18.60it/s]
Stage2 Epoch 6/15:  69%|███████████████████████████████████████████████████████                         | 55/80 [00:03<00:01, 18.60it/s]
Stage2 Epoch 6/15:  71%|█████████████████████████████████████████████████████████                       | 57/80 [00:03<00:01, 18.60it/s]
Stage2 Epoch 6/15:  74%|███████████████████████████████████████████████████████████                     | 59/80 [00:03<00:01, 18.59it/s]
Stage2 Epoch 6/15:  76%|█████████████████████████████████████████████████████████████                   | 61/80 [00:03<00:01, 18.57it/s]
Stage2 Epoch 6/15:  79%|███████████████████████████████████████████████████████████████                 | 63/80 [00:03<00:00, 18.58it/s]
Stage2 Epoch 6/15:  81%|█████████████████████████████████████████████████████████████████               | 65/80 [00:03<00:00, 18.59it/s]
Stage2 Epoch 6/15:  84%|███████████████████████████████████████████████████████████████████             | 67/80 [00:03<00:00, 18.58it/s]
Stage2 Epoch 6/15:  86%|█████████████████████████████████████████████████████████████████████           | 69/80 [00:03<00:00, 18.59it/s]
Stage2 Epoch 6/15:  89%|███████████████████████████████████████████████████████████████████████         | 71/80 [00:03<00:00, 18.42it/s]
Stage2 Epoch 6/15:  91%|█████████████████████████████████████████████████████████████████████████       | 73/80 [00:04<00:00, 18.44it/s]
Stage2 Epoch 6/15:  94%|███████████████████████████████████████████████████████████████████████████     | 75/80 [00:04<00:00, 18.45it/s]
Stage2 Epoch 6/15:  96%|█████████████████████████████████████████████████████████████████████████████   | 77/80 [00:04<00:00, 18.48it/s]
Stage2 Epoch 6/15:  99%|███████████████████████████████████████████████████████████████████████████████ | 79/80 [00:04<00:00, 18.51it/s]
Stage2 Epoch 6/15: 100%|████████████████████████████████████████████████████████████████████████████████| 80/80 [00:04<00:00, 17.75it/s]

Stage2 Epoch 7/15:   0%|                                                                                         | 0/80 [00:00<?, ?it/s]
Stage2 Epoch 7/15:   1%|█                                                                                | 1/80 [00:00<00:17,  4.54it/s]
Stage2 Epoch 7/15:   4%|███                                                                              | 3/80 [00:00<00:07, 10.31it/s]
Stage2 Epoch 7/15:   6%|█████                                                                            | 5/80 [00:00<00:05, 13.36it/s]
Stage2 Epoch 7/15:   9%|███████                                                                          | 7/80 [00:00<00:04, 15.18it/s]
Stage2 Epoch 7/15:  11%|█████████                                                                        | 9/80 [00:00<00:04, 16.35it/s]
Stage2 Epoch 7/15:  14%|███████████                                                                     | 11/80 [00:00<00:04, 17.08it/s]
Stage2 Epoch 7/15:  16%|█████████████                                                                   | 13/80 [00:00<00:03, 17.57it/s]
Stage2 Epoch 7/15:  19%|███████████████                                                                 | 15/80 [00:00<00:03, 17.91it/s]
Stage2 Epoch 7/15:  21%|█████████████████                                                               | 17/80 [00:01<00:03, 17.93it/s]
Stage2 Epoch 7/15:  24%|███████████████████                                                             | 19/80 [00:01<00:03, 18.09it/s]
Stage2 Epoch 7/15:  26%|█████████████████████                                                           | 21/80 [00:01<00:03, 18.24it/s]
Stage2 Epoch 7/15:  29%|███████████████████████                                                         | 23/80 [00:01<00:03, 18.37it/s]
Stage2 Epoch 7/15:  31%|█████████████████████████                                                       | 25/80 [00:01<00:02, 18.45it/s]
Stage2 Epoch 7/15:  34%|███████████████████████████                                                     | 27/80 [00:01<00:02, 18.50it/s]
Stage2 Epoch 7/15:  36%|█████████████████████████████                                                   | 29/80 [00:01<00:02, 18.56it/s]
Stage2 Epoch 7/15:  39%|███████████████████████████████                                                 | 31/80 [00:01<00:02, 18.60it/s]
Stage2 Epoch 7/15:  41%|█████████████████████████████████                                               | 33/80 [00:01<00:02, 18.61it/s]
Stage2 Epoch 7/15:  44%|███████████████████████████████████                                             | 35/80 [00:02<00:02, 18.54it/s]
Stage2 Epoch 7/15:  46%|█████████████████████████████████████                                           | 37/80 [00:02<00:02, 18.49it/s]
Stage2 Epoch 7/15:  49%|███████████████████████████████████████                                         | 39/80 [00:02<00:02, 18.54it/s]
Stage2 Epoch 7/15:  51%|█████████████████████████████████████████                                       | 41/80 [00:02<00:02, 18.56it/s]
Stage2 Epoch 7/15:  54%|███████████████████████████████████████████                                     | 43/80 [00:02<00:01, 18.57it/s]
Stage2 Epoch 7/15:  56%|█████████████████████████████████████████████                                   | 45/80 [00:02<00:01, 18.61it/s]
Stage2 Epoch 7/15:  59%|███████████████████████████████████████████████                                 | 47/80 [00:02<00:01, 18.61it/s]
Stage2 Epoch 7/15:  61%|█████████████████████████████████████████████████                               | 49/80 [00:02<00:01, 18.61it/s]
Stage2 Epoch 7/15:  64%|███████████████████████████████████████████████████                             | 51/80 [00:02<00:01, 18.62it/s]
Stage2 Epoch 7/15:  66%|█████████████████████████████████████████████████████                           | 53/80 [00:03<00:01, 18.57it/s]
Stage2 Epoch 7/15:  69%|███████████████████████████████████████████████████████                         | 55/80 [00:03<00:01, 18.54it/s]
Stage2 Epoch 7/15:  71%|█████████████████████████████████████████████████████████                       | 57/80 [00:03<00:01, 18.54it/s]
Stage2 Epoch 7/15:  74%|███████████████████████████████████████████████████████████                     | 59/80 [00:03<00:01, 18.52it/s]
Stage2 Epoch 7/15:  76%|█████████████████████████████████████████████████████████████                   | 61/80 [00:03<00:01, 18.56it/s]
Stage2 Epoch 7/15:  79%|███████████████████████████████████████████████████████████████                 | 63/80 [00:03<00:00, 18.57it/s]
Stage2 Epoch 7/15:  81%|█████████████████████████████████████████████████████████████████               | 65/80 [00:03<00:00, 18.59it/s]
Stage2 Epoch 7/15:  84%|███████████████████████████████████████████████████████████████████             | 67/80 [00:03<00:00, 18.60it/s]
Stage2 Epoch 7/15:  86%|█████████████████████████████████████████████████████████████████████           | 69/80 [00:03<00:00, 18.58it/s]
Stage2 Epoch 7/15:  89%|███████████████████████████████████████████████████████████████████████         | 71/80 [00:03<00:00, 18.58it/s]
Stage2 Epoch 7/15:  91%|█████████████████████████████████████████████████████████████████████████       | 73/80 [00:04<00:00, 18.54it/s]
Stage2 Epoch 7/15:  94%|███████████████████████████████████████████████████████████████████████████     | 75/80 [00:04<00:00, 18.55it/s]
Stage2 Epoch 7/15:  96%|█████████████████████████████████████████████████████████████████████████████   | 77/80 [00:04<00:00, 18.54it/s]
Stage2 Epoch 7/15:  99%|███████████████████████████████████████████████████████████████████████████████ | 79/80 [00:04<00:00, 18.53it/s]
Stage2 Epoch 7/15: 100%|████████████████████████████████████████████████████████████████████████████████| 80/80 [00:04<00:00, 17.78it/s]

Stage2 Epoch 8/15:   0%|                                                                                         | 0/80 [00:00<?, ?it/s]
Stage2 Epoch 8/15:   1%|█                                                                                | 1/80 [00:00<00:16,  4.86it/s]
Stage2 Epoch 8/15:   4%|███                                                                              | 3/80 [00:00<00:07, 10.72it/s]
Stage2 Epoch 8/15:   6%|█████                                                                            | 5/80 [00:00<00:05, 13.68it/s]
Stage2 Epoch 8/15:   9%|███████                                                                          | 7/80 [00:00<00:04, 15.41it/s]
Stage2 Epoch 8/15:  11%|█████████                                                                        | 9/80 [00:00<00:04, 16.44it/s]
Stage2 Epoch 8/15:  14%|███████████                                                                     | 11/80 [00:00<00:04, 17.15it/s]
Stage2 Epoch 8/15:  16%|█████████████                                                                   | 13/80 [00:00<00:03, 17.61it/s]
Stage2 Epoch 8/15:  19%|███████████████                                                                 | 15/80 [00:00<00:03, 17.91it/s]
Stage2 Epoch 8/15:  21%|█████████████████                                                               | 17/80 [00:01<00:03, 17.99it/s]
Stage2 Epoch 8/15:  24%|███████████████████                                                             | 19/80 [00:01<00:03, 18.11it/s]
Stage2 Epoch 8/15:  26%|█████████████████████                                                           | 21/80 [00:01<00:03, 18.26it/s]
Stage2 Epoch 8/15:  29%|███████████████████████                                                         | 23/80 [00:01<00:03, 18.35it/s]
Stage2 Epoch 8/15:  31%|█████████████████████████                                                       | 25/80 [00:01<00:02, 18.44it/s]
Stage2 Epoch 8/15:  34%|███████████████████████████                                                     | 27/80 [00:01<00:02, 18.50it/s]
Stage2 Epoch 8/15:  36%|█████████████████████████████                                                   | 29/80 [00:01<00:02, 18.52it/s]
Stage2 Epoch 8/15:  39%|███████████████████████████████                                                 | 31/80 [00:01<00:02, 18.56it/s]
Stage2 Epoch 8/15:  41%|█████████████████████████████████                                               | 33/80 [00:01<00:02, 18.55it/s]
Stage2 Epoch 8/15:  44%|███████████████████████████████████                                             | 35/80 [00:02<00:02, 18.46it/s]
Stage2 Epoch 8/15:  46%|█████████████████████████████████████                                           | 37/80 [00:02<00:02, 18.45it/s]
Stage2 Epoch 8/15:  49%|███████████████████████████████████████                                         | 39/80 [00:02<00:02, 18.45it/s]
Stage2 Epoch 8/15:  51%|█████████████████████████████████████████                                       | 41/80 [00:02<00:02, 18.49it/s]
Stage2 Epoch 8/15:  54%|███████████████████████████████████████████                                     | 43/80 [00:02<00:01, 18.54it/s]
Stage2 Epoch 8/15:  56%|█████████████████████████████████████████████                                   | 45/80 [00:02<00:01, 18.55it/s]
Stage2 Epoch 8/15:  59%|███████████████████████████████████████████████                                 | 47/80 [00:02<00:01, 18.59it/s]
Stage2 Epoch 8/15:  61%|█████████████████████████████████████████████████                               | 49/80 [00:02<00:01, 18.59it/s]
Stage2 Epoch 8/15:  64%|███████████████████████████████████████████████████                             | 51/80 [00:02<00:01, 18.56it/s]
Stage2 Epoch 8/15:  66%|█████████████████████████████████████████████████████                           | 53/80 [00:03<00:01, 18.50it/s]
Stage2 Epoch 8/15:  69%|███████████████████████████████████████████████████████                         | 55/80 [00:03<00:01, 18.47it/s]
Stage2 Epoch 8/15:  71%|█████████████████████████████████████████████████████████                       | 57/80 [00:03<00:01, 18.45it/s]
Stage2 Epoch 8/15:  74%|███████████████████████████████████████████████████████████                     | 59/80 [00:03<00:01, 18.47it/s]
Stage2 Epoch 8/15:  76%|█████████████████████████████████████████████████████████████                   | 61/80 [00:03<00:01, 18.51it/s]
Stage2 Epoch 8/15:  79%|███████████████████████████████████████████████████████████████                 | 63/80 [00:03<00:00, 18.54it/s]
Stage2 Epoch 8/15:  81%|█████████████████████████████████████████████████████████████████               | 65/80 [00:03<00:00, 18.55it/s]
Stage2 Epoch 8/15:  84%|███████████████████████████████████████████████████████████████████             | 67/80 [00:03<00:00, 18.57it/s]
Stage2 Epoch 8/15:  86%|█████████████████████████████████████████████████████████████████████           | 69/80 [00:03<00:00, 18.54it/s]
Stage2 Epoch 8/15:  89%|███████████████████████████████████████████████████████████████████████         | 71/80 [00:03<00:00, 18.48it/s]
Stage2 Epoch 8/15:  91%|█████████████████████████████████████████████████████████████████████████       | 73/80 [00:04<00:00, 18.47it/s]
Stage2 Epoch 8/15:  94%|███████████████████████████████████████████████████████████████████████████     | 75/80 [00:04<00:00, 18.48it/s]
Stage2 Epoch 8/15:  96%|█████████████████████████████████████████████████████████████████████████████   | 77/80 [00:04<00:00, 18.49it/s]
Stage2 Epoch 8/15:  99%|███████████████████████████████████████████████████████████████████████████████ | 79/80 [00:04<00:00, 18.50it/s]
Stage2 Epoch 8/15: 100%|████████████████████████████████████████████████████████████████████████████████| 80/80 [00:04<00:00, 17.80it/s]

Stage2 Epoch 9/15:   0%|                                                                                         | 0/80 [00:00<?, ?it/s]
Stage2 Epoch 9/15:   1%|█                                                                                | 1/80 [00:00<00:16,  4.68it/s]
Stage2 Epoch 9/15:   4%|███                                                                              | 3/80 [00:00<00:07, 10.45it/s]
Stage2 Epoch 9/15:   6%|█████                                                                            | 5/80 [00:00<00:05, 13.47it/s]
Stage2 Epoch 9/15:   9%|███████                                                                          | 7/80 [00:00<00:04, 15.24it/s]
Stage2 Epoch 9/15:  11%|█████████                                                                        | 9/80 [00:00<00:04, 16.35it/s]
Stage2 Epoch 9/15:  14%|███████████                                                                     | 11/80 [00:00<00:04, 17.07it/s]
Stage2 Epoch 9/15:  16%|█████████████                                                                   | 13/80 [00:00<00:03, 17.54it/s]
Stage2 Epoch 9/15:  19%|███████████████                                                                 | 15/80 [00:00<00:03, 17.87it/s]
Stage2 Epoch 9/15:  21%|█████████████████                                                               | 17/80 [00:01<00:03, 18.03it/s]
Stage2 Epoch 9/15:  24%|███████████████████                                                             | 19/80 [00:01<00:03, 18.16it/s]
Stage2 Epoch 9/15:  26%|█████████████████████                                                           | 21/80 [00:01<00:03, 18.27it/s]
Stage2 Epoch 9/15:  29%|███████████████████████                                                         | 23/80 [00:01<00:03, 18.35it/s]
Stage2 Epoch 9/15:  31%|█████████████████████████                                                       | 25/80 [00:01<00:02, 18.44it/s]
Stage2 Epoch 9/15:  34%|███████████████████████████                                                     | 27/80 [00:01<00:02, 18.49it/s]
Stage2 Epoch 9/15:  36%|█████████████████████████████                                                   | 29/80 [00:01<00:02, 18.51it/s]
Stage2 Epoch 9/15:  39%|███████████████████████████████                                                 | 31/80 [00:01<00:02, 18.53it/s]
Stage2 Epoch 9/15:  41%|█████████████████████████████████                                               | 33/80 [00:01<00:02, 18.53it/s]
Stage2 Epoch 9/15:  44%|███████████████████████████████████                                             | 35/80 [00:02<00:02, 18.51it/s]
Stage2 Epoch 9/15:  46%|█████████████████████████████████████                                           | 37/80 [00:02<00:02, 18.51it/s]
Stage2 Epoch 9/15:  49%|███████████████████████████████████████                                         | 39/80 [00:02<00:02, 18.51it/s]
Stage2 Epoch 9/15:  51%|█████████████████████████████████████████                                       | 41/80 [00:02<00:02, 18.52it/s]
Stage2 Epoch 9/15:  54%|███████████████████████████████████████████                                     | 43/80 [00:02<00:01, 18.51it/s]
Stage2 Epoch 9/15:  56%|█████████████████████████████████████████████                                   | 45/80 [00:02<00:01, 18.53it/s]
Stage2 Epoch 9/15:  59%|███████████████████████████████████████████████                                 | 47/80 [00:02<00:01, 18.53it/s]
Stage2 Epoch 9/15:  61%|█████████████████████████████████████████████████                               | 49/80 [00:02<00:01, 18.53it/s]
Stage2 Epoch 9/15:  64%|███████████████████████████████████████████████████                             | 51/80 [00:02<00:01, 18.53it/s]
Stage2 Epoch 9/15:  66%|█████████████████████████████████████████████████████                           | 53/80 [00:03<00:01, 18.49it/s]
Stage2 Epoch 9/15:  69%|███████████████████████████████████████████████████████                         | 55/80 [00:03<00:01, 18.47it/s]
Stage2 Epoch 9/15:  71%|█████████████████████████████████████████████████████████                       | 57/80 [00:03<00:01, 18.46it/s]
Stage2 Epoch 9/15:  74%|███████████████████████████████████████████████████████████                     | 59/80 [00:03<00:01, 18.49it/s]
Stage2 Epoch 9/15:  76%|█████████████████████████████████████████████████████████████                   | 61/80 [00:03<00:01, 18.49it/s]
Stage2 Epoch 9/15:  79%|███████████████████████████████████████████████████████████████                 | 63/80 [00:03<00:00, 18.50it/s]
Stage2 Epoch 9/15:  81%|█████████████████████████████████████████████████████████████████               | 65/80 [00:03<00:00, 18.52it/s]
Stage2 Epoch 9/15:  84%|███████████████████████████████████████████████████████████████████             | 67/80 [00:03<00:00, 18.53it/s]
Stage2 Epoch 9/15:  86%|█████████████████████████████████████████████████████████████████████           | 69/80 [00:03<00:00, 18.52it/s]
Stage2 Epoch 9/15:  89%|███████████████████████████████████████████████████████████████████████         | 71/80 [00:03<00:00, 18.50it/s]
Stage2 Epoch 9/15:  91%|█████████████████████████████████████████████████████████████████████████       | 73/80 [00:04<00:00, 18.48it/s]
Stage2 Epoch 9/15:  94%|███████████████████████████████████████████████████████████████████████████     | 75/80 [00:04<00:00, 18.51it/s]
Stage2 Epoch 9/15:  96%|█████████████████████████████████████████████████████████████████████████████   | 77/80 [00:04<00:00, 18.52it/s]
Stage2 Epoch 9/15:  99%|███████████████████████████████████████████████████████████████████████████████ | 79/80 [00:04<00:00, 18.52it/s]
Stage2 Epoch 9/15: 100%|████████████████████████████████████████████████████████████████████████████████| 80/80 [00:04<00:00, 17.78it/s]

Stage2 Epoch 10/15:   0%|                                                                                        | 0/80 [00:00<?, ?it/s]
Stage2 Epoch 10/15:   1%|█                                                                               | 1/80 [00:00<00:20,  3.90it/s]
Stage2 Epoch 10/15:   4%|███                                                                             | 3/80 [00:00<00:08,  9.38it/s]
Stage2 Epoch 10/15:   6%|█████                                                                           | 5/80 [00:00<00:05, 12.56it/s]
Stage2 Epoch 10/15:   9%|███████                                                                         | 7/80 [00:00<00:05, 14.55it/s]
Stage2 Epoch 10/15:  11%|█████████                                                                       | 9/80 [00:00<00:04, 15.85it/s]
Stage2 Epoch 10/15:  14%|██████████▊                                                                    | 11/80 [00:00<00:04, 16.71it/s]
Stage2 Epoch 10/15:  16%|████████████▊                                                                  | 13/80 [00:00<00:03, 17.29it/s]
Stage2 Epoch 10/15:  19%|██████████████▊                                                                | 15/80 [00:01<00:03, 17.69it/s]
Stage2 Epoch 10/15:  21%|████████████████▊                                                              | 17/80 [00:01<00:03, 17.77it/s]
Stage2 Epoch 10/15:  24%|██████████████████▊                                                            | 19/80 [00:01<00:03, 17.96it/s]
Stage2 Epoch 10/15:  26%|████████████████████▋                                                          | 21/80 [00:01<00:03, 18.11it/s]
Stage2 Epoch 10/15:  29%|██████████████████████▋                                                        | 23/80 [00:01<00:03, 18.25it/s]
Stage2 Epoch 10/15:  31%|████████████████████████▋                                                      | 25/80 [00:01<00:03, 18.33it/s]
Stage2 Epoch 10/15:  34%|██████████████████████████▋                                                    | 27/80 [00:01<00:02, 18.41it/s]
Stage2 Epoch 10/15:  36%|████████████████████████████▋                                                  | 29/80 [00:01<00:02, 18.46it/s]
Stage2 Epoch 10/15:  39%|██████████████████████████████▌                                                | 31/80 [00:01<00:02, 18.49it/s]
Stage2 Epoch 10/15:  41%|████████████████████████████████▌                                              | 33/80 [00:01<00:02, 18.50it/s]
Stage2 Epoch 10/15:  44%|██████████████████████████████████▌                                            | 35/80 [00:02<00:02, 18.37it/s]
Stage2 Epoch 10/15:  46%|████████████████████████████████████▌                                          | 37/80 [00:02<00:02, 18.37it/s]
Stage2 Epoch 10/15:  49%|██████████████████████████████████████▌                                        | 39/80 [00:02<00:02, 18.40it/s]
Stage2 Epoch 10/15:  51%|████████████████████████████████████████▍                                      | 41/80 [00:02<00:02, 18.45it/s]
Stage2 Epoch 10/15:  54%|██████████████████████████████████████████▍                                    | 43/80 [00:02<00:02, 18.44it/s]
Stage2 Epoch 10/15:  56%|████████████████████████████████████████████▍                                  | 45/80 [00:02<00:01, 18.46it/s]
Stage2 Epoch 10/15:  59%|██████████████████████████████████████████████▍                                | 47/80 [00:02<00:01, 18.50it/s]
Stage2 Epoch 10/15:  61%|████████████████████████████████████████████████▍                              | 49/80 [00:02<00:01, 18.52it/s]
Stage2 Epoch 10/15:  64%|██████████████████████████████████████████████████▎                            | 51/80 [00:02<00:01, 18.51it/s]
Stage2 Epoch 10/15:  66%|████████████████████████████████████████████████████▎                          | 53/80 [00:03<00:01, 18.47it/s]
Stage2 Epoch 10/15:  69%|██████████████████████████████████████████████████████▎                        | 55/80 [00:03<00:01, 18.42it/s]
Stage2 Epoch 10/15:  71%|████████████████████████████████████████████████████████▎                      | 57/80 [00:03<00:01, 18.43it/s]
Stage2 Epoch 10/15:  74%|██████████████████████████████████████████████████████████▎                    | 59/80 [00:03<00:01, 18.45it/s]
Stage2 Epoch 10/15:  76%|████████████████████████████████████████████████████████████▏                  | 61/80 [00:03<00:01, 18.47it/s]
Stage2 Epoch 10/15:  79%|██████████████████████████████████████████████████████████████▏                | 63/80 [00:03<00:00, 18.49it/s]
Stage2 Epoch 10/15:  81%|████████████████████████████████████████████████████████████████▏              | 65/80 [00:03<00:00, 18.51it/s]
Stage2 Epoch 10/15:  84%|██████████████████████████████████████████████████████████████████▏            | 67/80 [00:03<00:00, 18.53it/s]
Stage2 Epoch 10/15:  86%|████████████████████████████████████████████████████████████████████▏          | 69/80 [00:03<00:00, 18.50it/s]
Stage2 Epoch 10/15:  89%|██████████████████████████████████████████████████████████████████████         | 71/80 [00:04<00:00, 18.48it/s]
Stage2 Epoch 10/15:  91%|████████████████████████████████████████████████████████████████████████       | 73/80 [00:04<00:00, 18.44it/s]
Stage2 Epoch 10/15:  94%|██████████████████████████████████████████████████████████████████████████     | 75/80 [00:04<00:00, 18.43it/s]
Stage2 Epoch 10/15:  96%|████████████████████████████████████████████████████████████████████████████   | 77/80 [00:04<00:00, 18.44it/s]
Stage2 Epoch 10/15:  99%|██████████████████████████████████████████████████████████████████████████████ | 79/80 [00:04<00:00, 18.45it/s]
Stage2 Epoch 10/15: 100%|███████████████████████████████████████████████████████████████████████████████| 80/80 [00:04<00:00, 17.56it/s]

Stage2 Epoch 11/15:   0%|                                                                                        | 0/80 [00:00<?, ?it/s]
Stage2 Epoch 11/15:   1%|█                                                                               | 1/80 [00:00<00:16,  4.68it/s]
Stage2 Epoch 11/15:   4%|███                                                                             | 3/80 [00:00<00:07, 10.46it/s]
Stage2 Epoch 11/15:   6%|█████                                                                           | 5/80 [00:00<00:05, 13.47it/s]
Stage2 Epoch 11/15:   9%|███████                                                                         | 7/80 [00:00<00:04, 15.23it/s]
Stage2 Epoch 11/15:  11%|█████████                                                                       | 9/80 [00:00<00:04, 16.12it/s]
Stage2 Epoch 11/15:  14%|██████████▊                                                                    | 11/80 [00:00<00:04, 16.85it/s]
Stage2 Epoch 11/15:  16%|████████████▊                                                                  | 13/80 [00:00<00:03, 17.33it/s]
Stage2 Epoch 11/15:  19%|██████████████▊                                                                | 15/80 [00:00<00:03, 17.72it/s]
Stage2 Epoch 11/15:  21%|████████████████▊                                                              | 17/80 [00:01<00:03, 17.83it/s]
Stage2 Epoch 11/15:  24%|██████████████████▊                                                            | 19/80 [00:01<00:03, 18.00it/s]
Stage2 Epoch 11/15:  26%|████████████████████▋                                                          | 21/80 [00:01<00:03, 18.17it/s]
Stage2 Epoch 11/15:  29%|██████████████████████▋                                                        | 23/80 [00:01<00:03, 18.28it/s]
Stage2 Epoch 11/15:  31%|████████████████████████▋                                                      | 25/80 [00:01<00:02, 18.37it/s]
Stage2 Epoch 11/15:  34%|██████████████████████████▋                                                    | 27/80 [00:01<00:02, 18.43it/s]
Stage2 Epoch 11/15:  36%|████████████████████████████▋                                                  | 29/80 [00:01<00:02, 18.47it/s]
Stage2 Epoch 11/15:  39%|██████████████████████████████▌                                                | 31/80 [00:01<00:02, 18.48it/s]
Stage2 Epoch 11/15:  41%|████████████████████████████████▌                                              | 33/80 [00:01<00:02, 18.47it/s]
Stage2 Epoch 11/15:  44%|██████████████████████████████████▌                                            | 35/80 [00:02<00:02, 18.41it/s]
Stage2 Epoch 11/15:  46%|████████████████████████████████████▌                                          | 37/80 [00:02<00:02, 18.38it/s]
Stage2 Epoch 11/15:  49%|██████████████████████████████████████▌                                        | 39/80 [00:02<00:02, 18.44it/s]
Stage2 Epoch 11/15:  51%|████████████████████████████████████████▍                                      | 41/80 [00:02<00:02, 18.45it/s]
Stage2 Epoch 11/15:  54%|██████████████████████████████████████████▍                                    | 43/80 [00:02<00:02, 18.47it/s]
Stage2 Epoch 11/15:  56%|████████████████████████████████████████████▍                                  | 45/80 [00:02<00:01, 18.50it/s]
Stage2 Epoch 11/15:  59%|██████████████████████████████████████████████▍                                | 47/80 [00:02<00:01, 18.49it/s]
Stage2 Epoch 11/15:  61%|████████████████████████████████████████████████▍                              | 49/80 [00:02<00:01, 18.53it/s]
Stage2 Epoch 11/15:  64%|██████████████████████████████████████████████████▎                            | 51/80 [00:02<00:01, 18.49it/s]
Stage2 Epoch 11/15:  66%|████████████████████████████████████████████████████▎                          | 53/80 [00:03<00:01, 18.46it/s]
Stage2 Epoch 11/15:  69%|██████████████████████████████████████████████████████▎                        | 55/80 [00:03<00:01, 18.44it/s]
Stage2 Epoch 11/15:  71%|████████████████████████████████████████████████████████▎                      | 57/80 [00:03<00:01, 18.44it/s]
Stage2 Epoch 11/15:  74%|██████████████████████████████████████████████████████████▎                    | 59/80 [00:03<00:01, 18.46it/s]
Stage2 Epoch 11/15:  76%|████████████████████████████████████████████████████████████▏                  | 61/80 [00:03<00:01, 18.47it/s]
Stage2 Epoch 11/15:  79%|██████████████████████████████████████████████████████████████▏                | 63/80 [00:03<00:00, 18.50it/s]
Stage2 Epoch 11/15:  81%|████████████████████████████████████████████████████████████████▏              | 65/80 [00:03<00:00, 18.50it/s]
Stage2 Epoch 11/15:  84%|██████████████████████████████████████████████████████████████████▏            | 67/80 [00:03<00:00, 18.51it/s]
Stage2 Epoch 11/15:  86%|████████████████████████████████████████████████████████████████████▏          | 69/80 [00:03<00:00, 18.50it/s]
Stage2 Epoch 11/15:  89%|██████████████████████████████████████████████████████████████████████         | 71/80 [00:04<00:00, 18.46it/s]
Stage2 Epoch 11/15:  91%|████████████████████████████████████████████████████████████████████████       | 73/80 [00:04<00:00, 18.46it/s]
Stage2 Epoch 11/15:  94%|██████████████████████████████████████████████████████████████████████████     | 75/80 [00:04<00:00, 18.45it/s]
Stage2 Epoch 11/15:  96%|████████████████████████████████████████████████████████████████████████████   | 77/80 [00:04<00:00, 18.47it/s]
Stage2 Epoch 11/15:  99%|██████████████████████████████████████████████████████████████████████████████ | 79/80 [00:04<00:00, 18.49it/s]
Stage2 Epoch 11/15: 100%|███████████████████████████████████████████████████████████████████████████████| 80/80 [00:04<00:00, 17.70it/s]

Stage2 Epoch 12/15:   0%|                                                                                        | 0/80 [00:00<?, ?it/s]
Stage2 Epoch 12/15:   1%|█                                                                               | 1/80 [00:00<00:17,  4.41it/s]
Stage2 Epoch 12/15:   4%|███                                                                             | 3/80 [00:00<00:07, 10.10it/s]
Stage2 Epoch 12/15:   6%|█████                                                                           | 5/80 [00:00<00:05, 13.18it/s]
Stage2 Epoch 12/15:   9%|███████                                                                         | 7/80 [00:00<00:04, 15.02it/s]
Stage2 Epoch 12/15:  11%|█████████                                                                       | 9/80 [00:00<00:04, 16.18it/s]
Stage2 Epoch 12/15:  14%|██████████▊                                                                    | 11/80 [00:00<00:04, 16.94it/s]
Stage2 Epoch 12/15:  16%|████████████▊                                                                  | 13/80 [00:00<00:03, 17.43it/s]
Stage2 Epoch 12/15:  19%|██████████████▊                                                                | 15/80 [00:00<00:03, 17.76it/s]
Stage2 Epoch 12/15:  21%|████████████████▊                                                              | 17/80 [00:01<00:03, 17.80it/s]
Stage2 Epoch 12/15:  24%|██████████████████▊                                                            | 19/80 [00:01<00:03, 17.94it/s]
Stage2 Epoch 12/15:  26%|████████████████████▋                                                          | 21/80 [00:01<00:03, 18.04it/s]
Stage2 Epoch 12/15:  29%|██████████████████████▋                                                        | 23/80 [00:01<00:03, 18.15it/s]
Stage2 Epoch 12/15:  31%|████████████████████████▋                                                      | 25/80 [00:01<00:03, 18.24it/s]
Stage2 Epoch 12/15:  34%|██████████████████████████▋                                                    | 27/80 [00:01<00:02, 18.32it/s]
Stage2 Epoch 12/15:  36%|████████████████████████████▋                                                  | 29/80 [00:01<00:02, 18.36it/s]
Stage2 Epoch 12/15:  39%|██████████████████████████████▌                                                | 31/80 [00:01<00:02, 18.41it/s]
Stage2 Epoch 12/15:  41%|████████████████████████████████▌                                              | 33/80 [00:01<00:02, 18.45it/s]
Stage2 Epoch 12/15:  44%|██████████████████████████████████▌                                            | 35/80 [00:02<00:02, 18.36it/s]
Stage2 Epoch 12/15:  46%|████████████████████████████████████▌                                          | 37/80 [00:02<00:02, 18.36it/s]
Stage2 Epoch 12/15:  49%|██████████████████████████████████████▌                                        | 39/80 [00:02<00:02, 18.37it/s]
Stage2 Epoch 12/15:  51%|████████████████████████████████████████▍                                      | 41/80 [00:02<00:02, 18.39it/s]
Stage2 Epoch 12/15:  54%|██████████████████████████████████████████▍                                    | 43/80 [00:02<00:02, 18.41it/s]
Stage2 Epoch 12/15:  56%|████████████████████████████████████████████▍                                  | 45/80 [00:02<00:01, 18.41it/s]
Stage2 Epoch 12/15:  59%|██████████████████████████████████████████████▍                                | 47/80 [00:02<00:01, 18.46it/s]
Stage2 Epoch 12/15:  61%|████████████████████████████████████████████████▍                              | 49/80 [00:02<00:01, 18.46it/s]
Stage2 Epoch 12/15:  64%|██████████████████████████████████████████████████▎                            | 51/80 [00:02<00:01, 18.45it/s]
Stage2 Epoch 12/15:  66%|████████████████████████████████████████████████████▎                          | 53/80 [00:03<00:01, 18.39it/s]
Stage2 Epoch 12/15:  69%|██████████████████████████████████████████████████████▎                        | 55/80 [00:03<00:01, 18.38it/s]
Stage2 Epoch 12/15:  71%|████████████████████████████████████████████████████████▎                      | 57/80 [00:03<00:01, 18.39it/s]
Stage2 Epoch 12/15:  74%|██████████████████████████████████████████████████████████▎                    | 59/80 [00:03<00:01, 18.39it/s]
Stage2 Epoch 12/15:  76%|████████████████████████████████████████████████████████████▏                  | 61/80 [00:03<00:01, 18.42it/s]
Stage2 Epoch 12/15:  79%|██████████████████████████████████████████████████████████████▏                | 63/80 [00:03<00:00, 18.45it/s]
Stage2 Epoch 12/15:  81%|████████████████████████████████████████████████████████████████▏              | 65/80 [00:03<00:00, 18.48it/s]
Stage2 Epoch 12/15:  84%|██████████████████████████████████████████████████████████████████▏            | 67/80 [00:03<00:00, 18.49it/s]
Stage2 Epoch 12/15:  86%|████████████████████████████████████████████████████████████████████▏          | 69/80 [00:03<00:00, 18.47it/s]
Stage2 Epoch 12/15:  89%|██████████████████████████████████████████████████████████████████████         | 71/80 [00:04<00:00, 18.44it/s]
Stage2 Epoch 12/15:  91%|████████████████████████████████████████████████████████████████████████       | 73/80 [00:04<00:00, 18.41it/s]
Stage2 Epoch 12/15:  94%|██████████████████████████████████████████████████████████████████████████     | 75/80 [00:04<00:00, 18.43it/s]
Stage2 Epoch 12/15:  96%|████████████████████████████████████████████████████████████████████████████   | 77/80 [00:04<00:00, 18.41it/s]
Stage2 Epoch 12/15:  99%|██████████████████████████████████████████████████████████████████████████████ | 79/80 [00:04<00:00, 18.45it/s]
Stage2 Epoch 12/15: 100%|███████████████████████████████████████████████████████████████████████████████| 80/80 [00:04<00:00, 17.63it/s]

Stage2 Epoch 13/15:   0%|                                                                                        | 0/80 [00:00<?, ?it/s]
Stage2 Epoch 13/15:   1%|█                                                                               | 1/80 [00:00<00:16,  4.67it/s]
Stage2 Epoch 13/15:   4%|███                                                                             | 3/80 [00:00<00:07, 10.47it/s]
Stage2 Epoch 13/15:   6%|█████                                                                           | 5/80 [00:00<00:05, 13.49it/s]
Stage2 Epoch 13/15:   9%|███████                                                                         | 7/80 [00:00<00:04, 15.22it/s]
Stage2 Epoch 13/15:  11%|█████████                                                                       | 9/80 [00:00<00:04, 16.33it/s]
Stage2 Epoch 13/15:  14%|██████████▊                                                                    | 11/80 [00:00<00:04, 17.04it/s]
Stage2 Epoch 13/15:  16%|████████████▊                                                                  | 13/80 [00:00<00:03, 17.51it/s]
Stage2 Epoch 13/15:  19%|██████████████▊                                                                | 15/80 [00:00<00:03, 17.84it/s]
Stage2 Epoch 13/15:  21%|████████████████▊                                                              | 17/80 [00:01<00:03, 17.70it/s]
Stage2 Epoch 13/15:  24%|██████████████████▊                                                            | 19/80 [00:01<00:03, 17.86it/s]
Stage2 Epoch 13/15:  26%|████████████████████▋                                                          | 21/80 [00:01<00:03, 18.02it/s]
Stage2 Epoch 13/15:  29%|██████████████████████▋                                                        | 23/80 [00:01<00:03, 18.13it/s]
Stage2 Epoch 13/15:  31%|████████████████████████▋                                                      | 25/80 [00:01<00:03, 18.22it/s]
Stage2 Epoch 13/15:  34%|██████████████████████████▋                                                    | 27/80 [00:01<00:02, 18.31it/s]
Stage2 Epoch 13/15:  36%|████████████████████████████▋                                                  | 29/80 [00:01<00:02, 18.36it/s]
Stage2 Epoch 13/15:  39%|██████████████████████████████▌                                                | 31/80 [00:01<00:02, 18.41it/s]
Stage2 Epoch 13/15:  41%|████████████████████████████████▌                                              | 33/80 [00:01<00:02, 18.43it/s]
Stage2 Epoch 13/15:  44%|██████████████████████████████████▌                                            | 35/80 [00:02<00:02, 18.37it/s]
Stage2 Epoch 13/15:  46%|████████████████████████████████████▌                                          | 37/80 [00:02<00:02, 18.36it/s]
Stage2 Epoch 13/15:  49%|██████████████████████████████████████▌                                        | 39/80 [00:02<00:02, 18.36it/s]
Stage2 Epoch 13/15:  51%|████████████████████████████████████████▍                                      | 41/80 [00:02<00:02, 18.39it/s]
Stage2 Epoch 13/15:  54%|██████████████████████████████████████████▍                                    | 43/80 [00:02<00:02, 18.40it/s]
Stage2 Epoch 13/15:  56%|████████████████████████████████████████████▍                                  | 45/80 [00:02<00:01, 18.45it/s]
Stage2 Epoch 13/15:  59%|██████████████████████████████████████████████▍                                | 47/80 [00:02<00:01, 18.46it/s]
Stage2 Epoch 13/15:  61%|████████████████████████████████████████████████▍                              | 49/80 [00:02<00:01, 18.48it/s]
Stage2 Epoch 13/15:  64%|██████████████████████████████████████████████████▎                            | 51/80 [00:02<00:01, 18.47it/s]
Stage2 Epoch 13/15:  66%|████████████████████████████████████████████████████▎                          | 53/80 [00:03<00:01, 18.39it/s]
Stage2 Epoch 13/15:  69%|██████████████████████████████████████████████████████▎                        | 55/80 [00:03<00:01, 18.37it/s]
Stage2 Epoch 13/15:  71%|████████████████████████████████████████████████████████▎                      | 57/80 [00:03<00:01, 18.38it/s]
Stage2 Epoch 13/15:  74%|██████████████████████████████████████████████████████████▎                    | 59/80 [00:03<00:01, 18.41it/s]
Stage2 Epoch 13/15:  76%|████████████████████████████████████████████████████████████▏                  | 61/80 [00:03<00:01, 18.41it/s]
Stage2 Epoch 13/15:  79%|██████████████████████████████████████████████████████████████▏                | 63/80 [00:03<00:00, 18.43it/s]
Stage2 Epoch 13/15:  81%|████████████████████████████████████████████████████████████████▏              | 65/80 [00:03<00:00, 18.44it/s]
Stage2 Epoch 13/15:  84%|██████████████████████████████████████████████████████████████████▏            | 67/80 [00:03<00:00, 18.45it/s]
Stage2 Epoch 13/15:  86%|████████████████████████████████████████████████████████████████████▏          | 69/80 [00:03<00:00, 18.44it/s]
Stage2 Epoch 13/15:  89%|██████████████████████████████████████████████████████████████████████         | 71/80 [00:04<00:00, 18.40it/s]
Stage2 Epoch 13/15:  91%|████████████████████████████████████████████████████████████████████████       | 73/80 [00:04<00:00, 18.41it/s]
Stage2 Epoch 13/15:  94%|██████████████████████████████████████████████████████████████████████████     | 75/80 [00:04<00:00, 18.40it/s]
Stage2 Epoch 13/15:  96%|████████████████████████████████████████████████████████████████████████████   | 77/80 [00:04<00:00, 18.40it/s]
Stage2 Epoch 13/15:  99%|██████████████████████████████████████████████████████████████████████████████ | 79/80 [00:04<00:00, 18.41it/s]
Stage2 Epoch 13/15: 100%|███████████████████████████████████████████████████████████████████████████████| 80/80 [00:04<00:00, 17.66it/s]
/mnt/workspace/utils/train_visualizer.py:100: UserWarning: Glyph 21335 (\N{CJK UNIFIED IDEOGRAPH-5357}) missing from font(s) DejaVu Sans.
  fig.tight_layout()
/mnt/workspace/utils/train_visualizer.py:100: UserWarning: Glyph 22825 (\N{CJK UNIFIED IDEOGRAPH-5929}) missing from font(s) DejaVu Sans.
  fig.tight_layout()
/mnt/workspace/utils/train_visualizer.py:100: UserWarning: Glyph 31481 (\N{CJK UNIFIED IDEOGRAPH-7AF9}) missing from font(s) DejaVu Sans.
  fig.tight_layout()
/mnt/workspace/utils/train_visualizer.py:100: UserWarning: Glyph 21494 (\N{CJK UNIFIED IDEOGRAPH-53F6}) missing from font(s) DejaVu Sans.
  fig.tight_layout()
/mnt/workspace/utils/train_visualizer.py:100: UserWarning: Glyph 23567 (\N{CJK UNIFIED IDEOGRAPH-5C0F}) missing from font(s) DejaVu Sans.
  fig.tight_layout()
/mnt/workspace/utils/train_visualizer.py:100: UserWarning: Glyph 22899 (\N{CJK UNIFIED IDEOGRAPH-5973}) missing from font(s) DejaVu Sans.
  fig.tight_layout()
/mnt/workspace/utils/train_visualizer.py:100: UserWarning: Glyph 36126 (\N{CJK UNIFIED IDEOGRAPH-8D1E}) missing from font(s) DejaVu Sans.
  fig.tight_layout()
/mnt/workspace/utils/train_visualizer.py:100: UserWarning: Glyph 24748 (\N{CJK UNIFIED IDEOGRAPH-60AC}) missing from font(s) DejaVu Sans.
  fig.tight_layout()
/mnt/workspace/utils/train_visualizer.py:100: UserWarning: Glyph 38083 (\N{CJK UNIFIED IDEOGRAPH-94C3}) missing from font(s) DejaVu Sans.
  fig.tight_layout()
/mnt/workspace/utils/train_visualizer.py:100: UserWarning: Glyph 26408 (\N{CJK UNIFIED IDEOGRAPH-6728}) missing from font(s) DejaVu Sans.
  fig.tight_layout()
/mnt/workspace/utils/train_visualizer.py:100: UserWarning: Glyph 26460 (\N{CJK UNIFIED IDEOGRAPH-675C}) missing from font(s) DejaVu Sans.
  fig.tight_layout()
/mnt/workspace/utils/train_visualizer.py:100: UserWarning: Glyph 40515 (\N{CJK UNIFIED IDEOGRAPH-9E43}) missing from font(s) DejaVu Sans.
  fig.tight_layout()
/mnt/workspace/utils/train_visualizer.py:100: UserWarning: Glyph 33457 (\N{CJK UNIFIED IDEOGRAPH-82B1}) missing from font(s) DejaVu Sans.
  fig.tight_layout()
/mnt/workspace/utils/train_visualizer.py:100: UserWarning: Glyph 26503 (\N{CJK UNIFIED IDEOGRAPH-6787}) missing from font(s) DejaVu Sans.
  fig.tight_layout()
/mnt/workspace/utils/train_visualizer.py:100: UserWarning: Glyph 26487 (\N{CJK UNIFIED IDEOGRAPH-6777}) missing from font(s) DejaVu Sans.
  fig.tight_layout()
/mnt/workspace/utils/train_visualizer.py:100: UserWarning: Glyph 27185 (\N{CJK UNIFIED IDEOGRAPH-6A31}) missing from font(s) DejaVu Sans.
  fig.tight_layout()
/mnt/workspace/utils/train_visualizer.py:100: UserWarning: Glyph 27861 (\N{CJK UNIFIED IDEOGRAPH-6CD5}) missing from font(s) DejaVu Sans.
  fig.tight_layout()
/mnt/workspace/utils/train_visualizer.py:100: UserWarning: Glyph 22269 (\N{CJK UNIFIED IDEOGRAPH-56FD}) missing from font(s) DejaVu Sans.
  fig.tight_layout()
/mnt/workspace/utils/train_visualizer.py:100: UserWarning: Glyph 20908 (\N{CJK UNIFIED IDEOGRAPH-51AC}) missing from font(s) DejaVu Sans.
  fig.tight_layout()
/mnt/workspace/utils/train_visualizer.py:100: UserWarning: Glyph 38738 (\N{CJK UNIFIED IDEOGRAPH-9752}) missing from font(s) DejaVu Sans.
  fig.tight_layout()
/mnt/workspace/utils/train_visualizer.py:100: UserWarning: Glyph 28023 (\N{CJK UNIFIED IDEOGRAPH-6D77}) missing from font(s) DejaVu Sans.
  fig.tight_layout()
/mnt/workspace/utils/train_visualizer.py:100: UserWarning: Glyph 26704 (\N{CJK UNIFIED IDEOGRAPH-6850}) missing from font(s) DejaVu Sans.
  fig.tight_layout()
/mnt/workspace/utils/train_visualizer.py:100: UserWarning: Glyph 30707 (\N{CJK UNIFIED IDEOGRAPH-77F3}) missing from font(s) DejaVu Sans.
  fig.tight_layout()
/mnt/workspace/utils/train_visualizer.py:100: UserWarning: Glyph 26976 (\N{CJK UNIFIED IDEOGRAPH-6960}) missing from font(s) DejaVu Sans.
  fig.tight_layout()
/mnt/workspace/utils/train_visualizer.py:101: UserWarning: Glyph 21335 (\N{CJK UNIFIED IDEOGRAPH-5357}) missing from font(s) DejaVu Sans.
  fig.savefig(output_path, bbox_inches="tight")
/mnt/workspace/utils/train_visualizer.py:101: UserWarning: Glyph 22825 (\N{CJK UNIFIED IDEOGRAPH-5929}) missing from font(s) DejaVu Sans.
  fig.savefig(output_path, bbox_inches="tight")
/mnt/workspace/utils/train_visualizer.py:101: UserWarning: Glyph 31481 (\N{CJK UNIFIED IDEOGRAPH-7AF9}) missing from font(s) DejaVu Sans.
  fig.savefig(output_path, bbox_inches="tight")
/mnt/workspace/utils/train_visualizer.py:101: UserWarning: Glyph 21494 (\N{CJK UNIFIED IDEOGRAPH-53F6}) missing from font(s) DejaVu Sans.
  fig.savefig(output_path, bbox_inches="tight")
/mnt/workspace/utils/train_visualizer.py:101: UserWarning: Glyph 23567 (\N{CJK UNIFIED IDEOGRAPH-5C0F}) missing from font(s) DejaVu Sans.
  fig.savefig(output_path, bbox_inches="tight")
/mnt/workspace/utils/train_visualizer.py:101: UserWarning: Glyph 22899 (\N{CJK UNIFIED IDEOGRAPH-5973}) missing from font(s) DejaVu Sans.
  fig.savefig(output_path, bbox_inches="tight")
/mnt/workspace/utils/train_visualizer.py:101: UserWarning: Glyph 36126 (\N{CJK UNIFIED IDEOGRAPH-8D1E}) missing from font(s) DejaVu Sans.
  fig.savefig(output_path, bbox_inches="tight")
/mnt/workspace/utils/train_visualizer.py:101: UserWarning: Glyph 24748 (\N{CJK UNIFIED IDEOGRAPH-60AC}) missing from font(s) DejaVu Sans.
  fig.savefig(output_path, bbox_inches="tight")
/mnt/workspace/utils/train_visualizer.py:101: UserWarning: Glyph 38083 (\N{CJK UNIFIED IDEOGRAPH-94C3}) missing from font(s) DejaVu Sans.
  fig.savefig(output_path, bbox_inches="tight")
/mnt/workspace/utils/train_visualizer.py:101: UserWarning: Glyph 26408 (\N{CJK UNIFIED IDEOGRAPH-6728}) missing from font(s) DejaVu Sans.
  fig.savefig(output_path, bbox_inches="tight")
/mnt/workspace/utils/train_visualizer.py:101: UserWarning: Glyph 26460 (\N{CJK UNIFIED IDEOGRAPH-675C}) missing from font(s) DejaVu Sans.
  fig.savefig(output_path, bbox_inches="tight")
/mnt/workspace/utils/train_visualizer.py:101: UserWarning: Glyph 40515 (\N{CJK UNIFIED IDEOGRAPH-9E43}) missing from font(s) DejaVu Sans.
  fig.savefig(output_path, bbox_inches="tight")
/mnt/workspace/utils/train_visualizer.py:101: UserWarning: Glyph 33457 (\N{CJK UNIFIED IDEOGRAPH-82B1}) missing from font(s) DejaVu Sans.
  fig.savefig(output_path, bbox_inches="tight")
/mnt/workspace/utils/train_visualizer.py:101: UserWarning: Glyph 26503 (\N{CJK UNIFIED IDEOGRAPH-6787}) missing from font(s) DejaVu Sans.
  fig.savefig(output_path, bbox_inches="tight")
/mnt/workspace/utils/train_visualizer.py:101: UserWarning: Glyph 26487 (\N{CJK UNIFIED IDEOGRAPH-6777}) missing from font(s) DejaVu Sans.
  fig.savefig(output_path, bbox_inches="tight")
/mnt/workspace/utils/train_visualizer.py:101: UserWarning: Glyph 27185 (\N{CJK UNIFIED IDEOGRAPH-6A31}) missing from font(s) DejaVu Sans.
  fig.savefig(output_path, bbox_inches="tight")
/mnt/workspace/utils/train_visualizer.py:101: UserWarning: Glyph 27861 (\N{CJK UNIFIED IDEOGRAPH-6CD5}) missing from font(s) DejaVu Sans.
  fig.savefig(output_path, bbox_inches="tight")
/mnt/workspace/utils/train_visualizer.py:101: UserWarning: Glyph 22269 (\N{CJK UNIFIED IDEOGRAPH-56FD}) missing from font(s) DejaVu Sans.
  fig.savefig(output_path, bbox_inches="tight")
/mnt/workspace/utils/train_visualizer.py:101: UserWarning: Glyph 20908 (\N{CJK UNIFIED IDEOGRAPH-51AC}) missing from font(s) DejaVu Sans.
  fig.savefig(output_path, bbox_inches="tight")
/mnt/workspace/utils/train_visualizer.py:101: UserWarning: Glyph 38738 (\N{CJK UNIFIED IDEOGRAPH-9752}) missing from font(s) DejaVu Sans.
  fig.savefig(output_path, bbox_inches="tight")
/mnt/workspace/utils/train_visualizer.py:101: UserWarning: Glyph 28023 (\N{CJK UNIFIED IDEOGRAPH-6D77}) missing from font(s) DejaVu Sans.
  fig.savefig(output_path, bbox_inches="tight")
/mnt/workspace/utils/train_visualizer.py:101: UserWarning: Glyph 26704 (\N{CJK UNIFIED IDEOGRAPH-6850}) missing from font(s) DejaVu Sans.
  fig.savefig(output_path, bbox_inches="tight")
/mnt/workspace/utils/train_visualizer.py:101: UserWarning: Glyph 30707 (\N{CJK UNIFIED IDEOGRAPH-77F3}) missing from font(s) DejaVu Sans.
  fig.savefig(output_path, bbox_inches="tight")
/mnt/workspace/utils/train_visualizer.py:101: UserWarning: Glyph 26976 (\N{CJK UNIFIED IDEOGRAPH-6960}) missing from font(s) DejaVu Sans.
  fig.savefig(output_path, bbox_inches="tight")
